date, pm25, pm10, o3, no2, so2, co
2024/3/1, 111, 34, 4, 6, , 2
2024/3/2, 56, 26, 4, 5, , 1
2024/3/3, 29, 28, 4, 6, , 1
2024/3/4, 33, 52, 4, 7, , 2
2024/3/5, 80, 48, 3, 7, , 2
2024/3/6, 70, 52, 3, 7, , 2
2024/3/7, 80, 54, 4, 7, , 2
2024/3/8, 71, 57, 3, 8, , 2
2024/3/9, 85, 40, 3, 7, , 2
2024/3/10, 61, 42, 4, 8, , 2
2024/3/11, 72, 49, 3, 7, , 2
2024/3/12, 78, 227, 3, 7, , 2
2024/3/13, 61, 683, 4, 6, , 2
2024/3/14, 44, , , , , 
2024/3/16, 63, 62, , 6, , 
2024/3/17, 67, 52, 3, 7, , 2
2024/3/18, 66, 50, 3, 7, , 2
2024/3/19, 77, 50, 3, 8, , 2
2024/3/20, 82, 59, 4, 9, 5, 2
2024/3/21, 91, 95, 4, 8, , 2
2024/3/22, 109, 43, 4, 8, , 2
2024/3/23, 76, 46, 4, 6, , 2
2024/3/24, 55, 40, 4, 7, , 2
2024/3/25, 62, , , , , 
2024/2/1, 93, 45, 4, 6, 2, 2
2024/2/2, 72, 59, 4, 8, 2, 2
2024/2/3, 90, 76, 4, 9, 3, 2
2024/2/4, 132, 66, 4, 8, 5, 2
2024/2/5, 119, 70, 4, 7, 4, 2
2024/2/6, 113, 70, 4, 6, 4, 2
2024/2/7, 105, 68, 4, 7, 5, 2
2024/2/8, 92, 67, 4, 7, 3, 2
2024/2/9, 107, 84, 5, 7, 3, 2
2024/2/10, 98, 67, 4, 7, 3, 2
2024/2/11, 93, 75, 4, 8, 3, 2
2024/2/12, 114, 73, 4, 9, 4, 2
2024/2/13, 109, 75, 3, 7, 4, 2
2024/2/14, 104, 86, 4, 8, 4, 2
2024/2/15, 130, 103, 4, 10, 5, 2
2024/2/16, 154, 116, 4, 11, 5, 3
2024/2/17, 154, 59, 4, 7, 7, 2
2024/2/18, 94, 61, 4, 7, 6, 2
2024/2/19, 90, 43, 4, 5, 5, 1
2024/2/20, 38, 29, 4, 5, 5, 1
2024/2/21, 25, 50, 4, 5, 5, 1
2024/2/22, 45, 62, 4, 6, 4, 1
2024/2/23, 50, 67, 4, 7, 4, 2
2024/2/24, 61, 70, 4, 7, 2, 2
2024/2/25, 77, 95, 4, 10, 3, 3
2024/2/26, 116, 75, 4, 9, , 3
2024/2/27, 124, 62, 3, 7, , 2
2024/2/28, 108, 76, 3, 10, , 3
2024/2/29, 134, 64, 4, 8, , 2
2024/1/1, 154, 74, 3, 8, 4, 2
2024/1/2, 153, 76, 4, 9, 3, 2
2024/1/3, 147, 81, 4, 10, 6, 2
2024/1/4, 162, 74, 3, 9, 6, 2
2024/1/5, 159, 69, 4, 8, 7, 2
2024/1/6, 150, 73, 4, 8, 7, 2
2024/1/7, 151, 66, 4, 7, 7, 2
2024/1/8, 122, 79, 4, 8, 7, 2
2024/1/9, 133, 49, 4, 6, 7, 1
2024/1/10, 79, 75, 4, 7, 7, 2
2024/1/11, 141, 71, 4, 7, 7, 2
2024/1/12, 132, 71, 4, 8, 7, 2
2024/1/13, 140, , , , , 
2024/1/15, 49, 68, 6, 6, 2, 1
2024/1/16, 84, 50, 5, 6, 2, 1
2024/1/17, 101, 48, 5, 6, 3, 1
2024/1/18, 202, 201, 4, 8, 2, 2
2024/1/20, 133, 75, 5, 7, 2, 2
2024/1/21, 108, 67, 5, 8, 2, 2
2024/1/22, 110, 60, 5, 6, 2, 1
2024/1/23, 87, 61, 5, 6, 2, 2
2024/1/24, 86, 63, 5, 7, 2, 2
2024/1/25, 90, 72, 5, 9, 2, 2
2024/1/26, 120, 78, 4, 10, 2, 3
2024/1/27, 130, 73, 5, 9, 2, 2
2024/1/28, 114, 65, 5, 8, 2, 2
2024/1/29, 113, 65, 4, 8, 2, 2
2024/1/30, 108, 57, 4, 6, 2, 2
2024/1/31, 102, 53, 4, 6, 2, 1
2023/10/4, 79, 70, 4, , 6, 3
2023/10/5, 96, 69, 4, , 3, 3
2023/10/6, 100, 60, 4, , 3, 3
2023/10/7, 99, 67, 4, , 3, 3
2023/10/8, 104, 65, 4, , 3, 3
2023/10/9, 138, 74, 4, , 4, 4
2023/10/10, 89, 53, 4, , 4, 4
2023/10/11, 70, 45, 4, , 4, 3
2023/10/12, 103, 53, 4, , 4, 5
2023/10/13, 142, 70, 4, , 4, 5
2023/10/14, 169, 96, 4, , 4, 6
2023/10/15, 162, 87, 4, , 5, 5
2023/10/16, 173, 89, 4, , 5, 6
2023/10/17, 166, 91, 4, , 5, 6
2023/10/18, 164, 89, 4, , 5, 5
2023/10/19, 157, 72, 8, 4, 6, 5
2023/10/20, 166, 105, 4, 4, 8, 6
2023/10/21, 171, 96, 4, , 12, 7
2023/10/22, 178, 108, 4, , 13, 7
2023/10/23, 176, 103, 4, , 9, 11
2023/10/24, 175, 120, 4, , 4, 19
2023/10/25, 164, 103, 4, , 3, 25
2023/10/26, 155, 83, 4, , 3, 26
2023/10/27, 153, 63, 4, , 4, 27
2023/10/28, 159, 112, 4, , 4, 27
2023/10/29, 160, 110, 4, , 4, 28
2023/10/30, 159, 96, 4, , 4, 27
2023/10/31, 171, 118, 4, , 4, 29
2023/11/1, 172, 112, 4, , 4, 28
2023/11/2, 173, 113, 4, , 3, 35
2023/11/3, 172, 110, 4, , 4, 30
2023/11/4, 170, 109, 4, , 4, 7
2023/11/5, 174, 109, 4, , 5, 8
2023/11/6, 157, 102, 4, , 5, 8
2023/11/7, 89, 118, 4, , 5, 8
2023/11/8, 52, 84, 4, , 6, 7
2023/11/9, 56, 80, 4, , 6, 6
2023/11/10, 39, 55, 4, , 6, 5
2023/11/11, 51, 63, 4, , 6, 7
2023/11/19, 120, 70, 5, 27, 7, 8
2023/11/20, 92, 58, 7, 26, 6, 8
2023/11/22, 108, 66, 3, 20, 5, 6
2023/11/23, 122, 72, 4, 24, 5, 7
2023/11/24, 151, 96, 4, 33, 6, 10
2023/11/25, 83, 44, 4, 26, 7, 8
2023/11/26, 25, 18, 4, 15, 6, 5
2023/11/27, 22, 23, 4, 4, 7, 1
2023/11/28, 53, 44, 4, 5, 7, 1
2023/11/29, 77, 58, 4, 5, 7, 1
2023/11/30, 88, 64, 4, 6, 7, 1
2023/12/1, 127, 86, 4, 7, 7, 2
2023/12/2, 120, 78, 4, 7, 8, 2
2023/12/3, 131, 88, 4, 9, 8, 2
2023/12/4, 131, 86, 4, 8, 9, 2
2023/12/5, 132, 78, 4, 6, 9, 2
2023/12/7, 101, 66, 4, 5, 5, 1
2023/12/8, 107, 67, 4, 5, 5, 1
2023/12/9, 110, 74, 4, 6, 5, 1
2023/12/10, 111, 71, 4, 6, 5, 1
2023/12/11, 121, 79, 4, 7, 5, 2
2023/12/12, 108, 73, 4, 6, 5, 2
2023/12/14, 100, 64, 3, 5, 3, 1
2023/12/15, 125, 81, 4, 7, 2, 2
2023/12/16, 118, 74, 4, 7, , 1
2023/12/17, 132, 75, 4, 6, 1, 1
2023/12/18, 140, 75, 4, 5, , 1
2023/12/19, 129, 75, 5, 6, 1, 1
2023/12/20, 109, 71, 5, 5, , 1
2023/12/21, 126, 73, 6, 6, 1, 2
2023/12/22, 158, 98, 5, 11, 1, 3
2023/12/23, 152, 85, 6, 9, 2, 2
2023/12/24, 149, 82, 4, 8, 3, 2
2023/12/25, 152, 82, 4, 9, 2, 2
2023/12/26, 159, 88, 4, 10, 2, 2
2023/12/27, 161, 89, 4, 10, 3, 3
2023/12/28, 166, 99, 4, 10, 4, 2
2023/12/29, 173, 107, 4, 11, 5, 3
2023/12/30, 165, 103, 4, 11, 3, 3
2023/12/31, 143, 78, 3, 8, 4, 2
2023/7/1, 48, 35, 4, 16, , 2
2023/7/2, 41, 31, 4, 14, , 2
2023/7/3, 37, 29, 4, 18, , 2
2023/7/4, 43, 31, 4, 43, 10, 2
2023/7/5, 48, 28, 4, 20, 21, 2
2023/7/6, 42, 31, 4, 23, 4, 2
2023/7/7, 44, 52, 4, 30, , 2
2023/7/8, 64, 51, 4, 32, , 2
2023/7/9, 57, 50, 4, 34, , 2
2023/7/10, 54, 46, 4, 38, , 2
2023/7/11, 54, 43, 4, 39, 4, 2
2023/7/12, 45, 34, 4, 39, 1, 3
2023/7/13, 44, 26, 4, 37, 10, 2
2023/7/14, 42, 42, 4, 32, 14, 2
2023/7/15, 50, 35, 4, 33, 17, 2
2023/7/16, 43, 24, 4, 40, 18, 2
2023/7/17, 33, 37, 4, 43, 19, 2
2023/7/18, 38, 44, 4, 42, 21, 2
2023/7/19, 51, 48, 4, 44, , 2
2023/7/20, 57, 33, 4, 48, 1, 2
2023/7/21, 49, 47, 4, 51, 15, 2
2023/7/22, 49, 23, 4, , 7, 3
2023/7/23, 28, 40, 4, , , 2
2023/7/24, 43, 41, 4, , , 3
2023/7/25, 45, 27, 4, , , 2
2023/7/26, 35, 32, 4, 22, 13, 2
2023/7/27, 43, 35, 4, , 13, 3
2023/7/28, 44, 44, 4, , 13, 2
2023/7/29, 45, 42, 4, , 13, 2
2023/7/30, 45, 44, 4, , 10, 2
2023/7/31, 49, 37, 4, , 10, 2
2023/8/1, 41, 48, 4, , 10, 2
2023/8/2, 47, 47, 4, , 10, 2
2023/8/3, 54, 42, 4, , 10, 3
2023/8/4, 53, 49, 4, , 11, 3
2023/8/5, 50, 50, 4, , 10, 3
2023/8/12, 32, 43, 4, , 13, 4
2023/8/13, 35, 44, 4, , 13, 4
2023/8/14, 56, 40, 4, , 13, 4
2023/8/15, 40, 35, 4, , 13, 3
2023/8/16, 38, 23, 4, , 13, 3
2023/8/17, 34, 16, 4, , 13, 3
2023/8/18, 28, 16, 4, , 13, 3
2023/8/19, 42, 16, 4, , 13, 3
2023/8/20, 41, 16, 4, , 13, 4
2023/8/21, 44, 16, 4, , 13, 4
2023/8/22, 36, 16, 4, , 13, 3
2023/8/23, 31, 16, 4, , 13, 3
2023/8/24, 26, 16, 4, , 13, 3
2023/8/25, 29, 16, 4, , 13, 3
2023/8/26, 20, 16, 4, , 13, 3
2023/8/27, 23, 16, , , , 
2023/8/28, 31, 16, 4, , 13, 3
2023/8/29, 43, 16, 4, , 13, 4
2023/8/30, 57, 37, 4, , 13, 3
2023/8/31, 52, 59, 4, 1, 13, 3
2023/9/1, 31, , 4, , 13, 4
2023/9/2, 16, , 4, , 13, 4
2023/9/3, 30, , 4, , 13, 3
2023/9/4, 15, , 4, , 13, 3
2023/9/5, 22, , 4, , 13, 3
2023/9/8, 35, 36, 4, , 6, 3
2023/9/9, 53, 26, 4, , 6, 3
2023/9/10, 36, 28, 4, , 6, 3
2023/9/11, 41, 29, 4, , 6, 2
2023/9/12, 54, 27, 4, , 5, 3
2023/9/13, 51, 27, 4, 1, 5, 3
2023/9/14, 50, 27, 4, 2, 7, 3
2023/9/15, 49, 26, 4, , 7, 3
2023/9/16, 36, 34, 4, , 8, 3
2023/9/17, 45, 28, 4, , 7, 3
2023/9/18, 34, 28, 4, , 6, 3
2023/9/19, 32, 17, 4, , 6, 3
2023/9/20, 19, 16, 4, , 6, 3
2023/9/21, 20, 17, 4, , 5, 5
2023/9/22, 27, 24, 4, , 6, 5
2023/9/23, 41, 18, 4, , 5, 4
2023/9/24, 41, 23, 4, , 6, 4
2023/9/25, 44, 20, 4, , 7, 3
2023/9/26, 47, 39, 4, , 8, 4
2023/9/27, 85, 53, 4, , 8, 5
2023/9/28, 118, 55, 4, , 9, 5
2023/9/29, 116, 50, 4, , 9, 4
2023/9/30, 106, 53, 4, , 9, 5
2023/4/3, 54, 46, 4, 1, 6, 
2023/4/4, 55, 54, 4, 1, 7, 
2023/4/5, 74, 74, 4, 1, 6, 
2023/4/6, 108, 92, 5, 1, 6, 
2023/4/7, 121, 88, 4, 1, 6, 
2023/4/8, 145, 102, 4, 1, 7, 1
2023/4/9, 176, 87, 4, 1, 7, 3
2023/4/10, 136, 76, 4, 1, 6, 4
2023/4/11, 102, 68, 4, 1, 6, 5
2023/4/12, 100, 81, 4, 1, 6, 5
2023/4/13, 149, 72, 4, 1, 6, 5
2023/4/14, 100, 63, 4, 1, 9, 4
2023/4/15, 93, 60, 4, 1, 7, 6
2023/4/16, 67, 60, 4, 1, 7, 3
2023/4/17, 73, 70, 4, 1, 7, 
2023/4/18, 103, 89, 4, 1, 7, 
2023/4/19, 118, 57, 5, 2, 7, 
2023/4/20, 55, 52, 4, , 6, 
2023/4/21, 59, 46, 4, , 6, 
2023/4/22, 63, 53, 4, 1, 6, 
2023/4/23, 67, 54, 4, 1, 6, 
2023/4/24, 106, 65, 4, 2, 6, 
2023/4/25, 103, 60, 4, 2, 5, 
2023/4/26, 83, 60, 4, 1, 5, 1
2023/4/27, 84, 42, 4, 1, 5, 7
2023/4/28, 60, 43, 4, 1, 6, 13
2023/4/29, 61, 39, 5, 1, 5, 15
2023/4/30, 52, 38, 5, 1, 5, 26
2023/5/1, 49, 33, 6, 1, 5, 51
2023/5/2, 46, 46, 5, 1, 5, 31
2023/5/3, 62, 50, 4, 1, 5, 
2023/5/4, 77, 52, 4, 1, 5, 
2023/5/5, 69, 48, 4, 1, 4, 
2023/5/6, 71, 48, 4, 1, , 
2023/5/7, 74, 49, 4, 1, 3, 
2023/5/8, 67, 58, 4, 1, 2, 3
2023/5/9, 70, 72, 4, 1, 2, 4
2023/5/10, 83, 74, 4, 1, 1, 5
2023/5/11, 109, 121, 12, 4, 5, 2
2023/5/12, 136, 128, 5, 1, 1, 4
2023/5/13, 122, 37, 4, , , 2
2023/5/14, 52, 58, 4, 1, 1, 4
2023/5/15, 88, 90, 19, 19, 4, 4
2023/5/16, 128, 53, 4, , 1, 3
2023/5/17, 76, 39, 4, , 3, 2
2023/5/18, 61, 46, 4, , 4, 13
2023/5/19, 54, , , , , 
2023/5/22, 59, 60, 4, , 1, 
2023/5/23, 81, 50, 4, 1, 1, 
2023/5/24, 85, , 4, 1, 1, 12
2023/5/25, 64, 78, 4, 2, , 25
2023/5/26, 89, 51, 4, , , 27
2023/5/27, 62, 53, 4, , 2, 31
2023/5/28, 70, 78, 4, , 1, 33
2023/5/29, 110, 64, 8, 1, 1, 34
2023/5/30, 107, 53, 4, 3, 5, 35
2023/5/31, 60, 54, 4, 3, 23, 37
2023/6/1, 54, 48, 4, 2, , 38
2023/6/2, 54, 34, 4, 2, , 39
2023/6/3, 44, 41, 4, 2, , 40
2023/6/4, 47, 40, 4, 2, , 40
2023/6/5, 57, 46, 4, , , 41
2023/6/6, 69, 48, 4, , , 43
2023/6/7, 132, , 4, 1, , 46
2023/6/8, 189, 43, 4, , 39, 29
2023/6/9, 140, 38, 4, 2, 23, 1
2023/6/10, 27, 56, 4, 1, 52, 1
2023/6/11, 44, 69, 4, 1, 62, 1
2023/6/12, 61, 56, 4, , 63, 1
2023/6/13, 54, 45, 4, 2, 63, 1
2023/6/14, 50, 42, 4, , 63, 1
2023/6/15, 47, 42, 4, , 63, 1
2023/6/16, 44, 45, 4, , 62, 1
2023/6/17, 53, 47, 4, , 59, 1
2023/6/18, 50, 50, 4, , 62, 1
2023/6/19, 56, 54, 4, , 62, 1
2023/6/20, 58, 53, 4, , 59, 1
2023/6/21, 58, 53, 4, 15, 39, 1
2023/6/22, 58, 47, 4, 22, 15, 1
2023/6/23, 57, 32, 4, 23, 12, 1
2023/6/24, 47, , 4, 16, 16, 2
2023/6/25, 45, , 4, 17, , 2
2023/6/26, 53, 31, 4, 17, , 2
2023/6/27, 43, 28, 4, 15, , 2
2023/6/28, 39, 32, 4, 17, , 2
2023/6/29, 44, 34, 4, 14, , 2
2023/6/30, 45, 38, 4, 12, , 2
2023/1/19, 176, 127, 4, 9, 9, 14
2023/1/20, 156, 104, 4, , 8, 11
2023/1/21, 157, 96, 4, , 9, 11
2023/1/22, 139, 82, 4, 1, 9, 8
2023/1/23, 149, 93, 4, 1, 8, 9
2023/1/24, 150, 89, 4, 1, 8, 9
2023/1/25, 160, 101, 4, 1, 8, 9
2023/1/26, 169, 112, 4, 1, 8, 11
2023/1/27, 172, 115, 4, , 9, 13
2023/1/28, 156, 102, 4, , 11, 13
2023/1/29, 149, 88, 4, 1, 10, 11
2023/1/30, 150, 85, 4, 1, 9, 10
2023/1/31, 168, 104, 4, 1, 9, 11
2023/2/1, 162, 96, 4, 1, 9, 10
2023/2/2, 154, 89, 4, 1, 9, 10
2023/2/3, 156, 99, 4, 1, 9, 11
2023/2/4, 161, 106, 4, 1, 10, 13
2023/2/5, 169, 113, 4, 1, 10, 14
2023/2/6, 157, 90, 4, 1, 9, 11
2023/2/7, 140, 84, 4, 2, 9, 8
2023/2/8, 170, 115, 4, , 8, 12
2023/2/9, 177, 124, 4, , 10, 14
2023/2/10, 163, 98, 4, , 9, 10
2023/2/11, 139, 82, 4, , 11, 9
2023/2/12, 155, 94, 4, , 11, 13
2023/2/13, 138, 84, 4, , 10, 8
2023/2/14, 162, 111, 4, 1, 10, 13
2023/2/15, 172, 128, 4, 1, 11, 15
2023/2/16, 161, 124, 4, , 11, 12
2023/2/17, 171, 133, 4, , 11, 13
2023/2/18, 165, 115, 4, , 15, 12
2023/2/19, 166, 123, 4, , 14, 13
2023/2/20, 155, 85, 4, , 12, 11
2023/2/21, 152, 108, 4, , 12, 12
2023/2/22, 117, 74, 4, , 12, 9
2023/2/23, 160, 94, 4, 2, 13, 12
2023/2/24, 158, 96, 4, , 12, 13
2023/2/25, 157, 97, 4, , 13, 12
2023/2/26, 164, 107, 4, , 14, 13
2023/2/27, 159, 100, 4, , 13, 13
2023/2/28, 144, 93, 4, , 11, 11
2023/3/1, 153, 101, 4, , 12, 14
2023/3/2, 172, 116, 4, , 12, 15
2023/3/3, 172, 105, 4, , 12, 16
2023/3/4, 191, 130, 4, 2, 13, 20
2023/3/5, 194, 140, 4, 7, 13, 20
2023/3/6, 177, 123, 4, 4, 11, 21
2023/3/7, 123, 79, 4, 2, 9, 11
2023/3/11, 151, 88, 4, , 8, 13
2023/3/12, 170, 117, 4, , 8, 18
2023/3/13, 178, 106, 4, , 8, 21
2023/3/14, 167, 103, 4, , 8, 15
2023/3/15, 145, 77, 4, 1, 8, 12
2023/3/16, 146, 66, 4, 2, 8, 12
2023/3/17, 141, 68, 4, 2, 8, 21
2023/3/18, 118, 70, 4, 2, 8, 29
2023/3/20, 76, 49, 5, 2, 7, 9
2023/3/21, 64, 42, 4, 2, 7, 15
2023/3/22, 68, 41, 4, 2, 7, 22
2023/3/23, 78, 42, 4, 2, 7, 21
2023/3/29, 80, 72, 4, , 6, 37
2023/3/31, 81, 56, 28, 7, 7, 
2022/10/1, 72, 22, 1, 4, , 3
2022/10/2, 31, 34, 1, 5, , 3
2022/10/3, 48, 48, 1, 6, , 4
2022/10/4, 67, 48, 1, 5, , 4
2022/10/5, 64, 33, 1, 5, , 4
2022/10/6, 43, 30, 1, 5, , 4
2022/10/7, 52, 21, 1, 4, , 3
2022/10/8, 35, 22, 1, 4, , 3
2022/10/9, 31, 40, 1, 7, , 4
2022/10/10, 64, 40, 1, 7, , 5
2022/10/11, 62, 45, 1, 12, , 6
2022/10/12, 87, 62, 1, 15, 1, 9
2022/10/13, 116, 55, , 15, 4, 8
2022/10/14, 105, 58, , 17, 3, 9
2022/10/15, 109, 68, , 16, 2, 7
2022/10/16, 107, , , , , 
2022/10/24, 153, 97, 1, 13, 2, 9
2022/10/25, 155, 96, 1, 18, 2, 10
2022/10/26, 153, 98, 1, 21, 2, 9
2022/10/27, 150, 95, 1, 19, 2, 10
2022/10/28, 143, 95, , 24, 2, 10
2022/10/29, 137, 78, , 23, 2, 8
2022/10/30, 127, 83, , 18, 2, 9
2022/10/31, 142, 100, , 25, 2, 10
2022/11/1, 152, 94, , 21, 3, 10
2022/11/2, 152, 96, , 24, 3, 10
2022/11/3, 147, 100, 1, 29, 4, 11
2022/11/4, 149, 91, , 36, 5, 10
2022/11/5, 149, 94, 1, 51, 6, 10
2022/11/6, 151, 99, 1, 71, 7, 11
2022/11/7, 161, 113, 1, 73, 9, 12
2022/11/8, 176, 112, 1, 62, 10, 12
2022/7/1, 48, 62, 1, 3, 16, 
2022/7/2, 88, 55, 1, 3, 13, 
2022/7/3, 74, 39, 1, 3, 12, 
2022/7/4, 50, 39, 1, 3, 13, 
2022/7/5, 53, 37, 1, 3, 11, 
2022/7/6, 49, 47, 1, 3, 10, 
2022/7/7, 72, 55, 1, 3, 10, 
2022/7/8, 80, 51, 1, 3, 19, 
2022/7/9, 84, 52, , 2, 22, 
2022/7/10, 71, 50, 1, 3, 15, 
2022/7/11, 67, 46, 4, 3, 17, 
2022/7/12, 59, 47, 1, 2, 19, 
2022/7/13, 62, , , , , 
2022/7/15, 112, 42, 1, 3, 27, 
2022/7/16, 68, 38, 1, 2, 27, 
2022/7/17, 51, 45, 1, 2, 37, 
2022/7/18, 55, 46, 1, 2, 36, 
2022/7/19, 78, 35, , 3, 47, 
2022/7/20, 52, 32, 1, 3, 43, 
2022/7/21, 49, 42, 1, 2, 1, 
2022/7/22, 63, 40, 1, 2, , 
2022/7/23, 57, 34, 1, 2, , 
2022/7/24, 51, 35, 1, 3, , 
2022/7/25, 50, 30, , 3, 18, 
2022/7/26, 45, 27, 1, 3, 37, 
2022/7/27, 38, 33, 1, 4, 39, 
2022/7/28, 44, 40, 1, 4, 19, 
2022/7/29, 49, 36, 1, 3, 11, 
2022/7/30, 39, 41, 1, 3, 10, 
2022/7/31, 44, 39, 1, 3, 8, 
2022/8/1, 46, 45, 1, 3, 10, 
2022/8/2, 53, 32, 1, 4, 11, 
2022/8/3, 50, 27, 1, 4, 6, 
2022/8/4, 37, 23, 1, 3, 7, 
2022/8/5, 29, 18, 1, 3, 7, 
2022/8/6, 21, 16, 1, 3, 4, 
2022/8/7, 16, 18, , 4, 3, 
2022/8/8, 16, 37, , 3, 4, 
2022/8/9, 23, 40, 1, 3, 1, 
2022/8/12, 47, 40, 1, 3, 14, 
2022/8/13, 47, 35, 1, 2, 5, 
2022/8/14, 48, 34, , 2, 1, 
2022/8/15, 48, 30, , 3, , 
2022/8/16, 48, 31, 1, 3, 28, 
2022/8/17, 56, 33, 1, 3, 39, 
2022/8/18, 54, 31, 1, 3, 13, 
2022/8/19, 54, 30, , 3, 11, 
2022/8/20, 51, 32, 1, 2, 2, 
2022/8/21, 45, 32, 1, 2, , 
2022/8/22, 49, 31, 1, 3, , 
2022/8/23, 56, 30, 1, 3, , 
2022/8/24, 48, 33, 1, 3, , 
2022/8/25, 47, 42, , 4, , 1
2022/8/26, 65, 55, , 3, , 2
2022/8/27, 74, 48, 1, 4, , 2
2022/8/28, 64, 42, 1, 6, , 2
2022/8/29, 63, 58, , 5, , 2
2022/8/30, 84, 58, 1, 4, , 2
2022/8/31, 79, 32, 1, 12, , 2
2022/9/1, 50, 50, , , , 6
2022/9/2, 99, 41, , , 1, 6
2022/9/3, 75, 34, 1, , 1, 3
2022/9/4, 58, 32, 1, , , 2
2022/9/5, 43, 30, 1, , , 2
2022/9/6, 42, 43, , , , 3
2022/9/7, 50, 32, 1, , , 4
2022/9/8, 68, 29, , , , 4
2022/9/9, 60, 20, 1, 2, 2, 3
2022/9/10, 32, 29, 1, , 2, 4
2022/9/11, 52, 20, , , 2, 3
2022/9/12, 28, 18, 1, , 2, 3
2022/9/13, 28, 21, , , 1, 2
2022/9/14, 23, 27, 1, 3, 1, 2
2022/9/15, 36, 26, 1, 2, 1, 3
2022/9/16, 31, 26, , 2, , 
2022/9/17, 33, 29, , 3, , 
2022/9/18, 40, 27, 1, 4, , 2
2022/9/19, 50, 34, , 4, , 
2022/9/20, 56, 34, , 5, , 
2022/9/21, 51, 34, , 7, , 
2022/9/22, 52, 32, 1, 3, 1, 2
2022/9/23, 47, 21, 1, 3, , 3
2022/9/24, 33, , , , , 
2022/9/26, 10, 33, , 14, 3, 5
2022/9/27, 46, 45, , 17, 3, 6
2022/9/28, 66, 49, , 11, 3, 4
2022/9/29, 71, 48, 1, 6, , 3
2022/9/30, 71, 43, 1, 6, , 4
2022/4/1, 193, 138, 1, 4, 3, 4
2022/4/2, 168, 115, 1, 4, 2, 4
2022/4/3, 150, 89, 1, 4, 2, 4
2022/4/4, 124, 72, 1, 3, 4, 4
2022/4/5, 96, 68, 1, 3, 2, 4
2022/4/6, 85, 62, 1, 5, 3, 4
2022/4/7, 77, 63, 1, 4, 5, 5
2022/4/8, 88, 54, 1, 3, 5, 4
2022/4/9, 91, 54, , 3, , 
2022/4/10, 88, 56, , 5, 6, 
2022/4/11, 95, 72, 1, 8, 6, 1
2022/4/12, 110, 76, 1, 6, 6, 1
2022/4/13, 117, 57, 1, 4, 5, 
2022/4/14, 94, 59, 1, 3, 4, 
2022/4/15, 91, 66, 1, 4, 3, 
2022/4/16, 111, 61, 1, 3, 2, 
2022/4/17, 86, 58, 1, 4, 2, 
2022/4/18, 84, 65, 1, 4, 6, 
2022/4/19, 105, 63, , 4, 8, 
2022/4/20, 104, 82, , 9, 9, 2
2022/4/21, 137, 79, , 7, 7, 2
2022/4/22, 141, 79, , 7, , 
2022/4/23, 141, 61, , 4, , 
2022/4/24, 96, 79, , 8, 8, 5
2022/4/25, 129, 57, 2, 5, 8, 3
2022/4/26, 97, 63, 1, 6, 10, 1
2022/4/27, 101, 64, , 6, 9, 
2022/4/28, 94, 56, , 4, 9, 
2022/4/29, 82, 50, , 5, 12, 
2022/4/30, 82, 42, , 3, 10, 
2022/5/1, 64, 49, 1, 3, 10, 
2022/5/2, 75, 63, , 3, 5, 
2022/5/3, 97, 72, , 4, 7, 
2022/5/4, 115, 71, , 3, 6, 
2022/5/5, 111, 106, , 3, 5, 
2022/5/6, 156, 117, 36, 3, 3, 
2022/5/7, 166, 83, 29, 4, 6, 
2022/5/8, 141, 71, 1, 3, 5, 
2022/5/9, 109, 68, 3, 4, 7, 1
2022/5/10, 116, 72, 32, 4, 8, 2
2022/5/11, 119, 70, 27, 3, 5, 1
2022/5/12, 118, 77, 18, 3, 5, 
2022/5/13, 125, 89, 1, 4, 4, 
2022/5/14, 149, 70, 3, 3, 6, 
2022/5/15, 116, 77, 7, 3, 5, 
2022/5/16, 123, 122, 1, 4, 7, 
2022/5/17, 166, 162, 1, 4, 7, 
2022/5/18, 177, 149, 4, 4, 6, 
2022/5/19, 167, 109, 1, 4, 3, 
2022/5/20, 158, 84, 1, 4, 3, 
2022/5/21, 137, 62, 1, 3, 6, 
2022/5/22, 109, 51, 1, 3, 4, 
2022/5/23, 70, 55, 1, 3, 3, 
2022/5/24, 76, 59, , 3, 4, 
2022/5/25, 80, 58, 35, 3, 4, 
2022/5/26, 80, 50, 38, 3, 4, 
2022/5/27, 64, 44, 1, 3, 4, 
2022/5/28, 56, 50, 1, 3, 4, 
2022/5/29, 65, 45, 1, 3, 3, 
2022/5/30, 65, , , 3, 3, 
2022/5/31, 81, , 1, 3, 3, 
2022/6/1, 94, , , 3, 3, 
2022/6/2, 106, , 1, 3, 3, 
2022/6/3, 104, , 1, 3, 3, 
2022/6/4, 75, , , 4, 3, 
2022/6/5, 65, , 1, 3, 4, 
2022/6/6, 74, 53, , 4, 4, 
2022/6/7, 69, 35, 1, 4, 8, 
2022/6/8, 55, , , , , 
2022/6/17, 47, 37, , 3, 18, 
2022/6/18, 78, , , , , 
2022/6/24, 42, 14, 1, 4, 13, 
2022/6/25, 13, 14, , 3, 13, 
2022/6/26, 25, , 1, 4, 14, 
2022/6/27, 14, , , , , 
2022/6/29, 53, 24, 1, 4, 11, 
2022/6/30, 28, 34, 1, 5, 10, 
2022/1/3, 149, 101, 6, 5, 15, 11
2022/1/4, 167, 96, 6, 3, 15, 9
2022/1/5, 155, 80, 6, 3, 21, 6
2022/1/6, 136, 89, 6, 3, 20, 7
2022/1/7, 141, 59, 6, 3, 19, 4
2022/1/8, 96, 50, 7, 2, 22, 4
2022/1/9, 71, 58, 7, 3, 15, 5
2022/1/10, 85, 78, 6, 4, , 7
2022/1/11, 129, 70, 6, 4, 2, 6
2022/1/12, 115, , , , , 
2022/1/14, 158, 85, 7, 3, 9, 7
2022/1/15, 154, 83, 6, 4, 9, 8
2022/1/16, 150, 89, 7, 4, 5, 7
2022/1/17, 157, 92, 6, 4, , 8
2022/1/18, 158, 97, 6, 4, , 8
2022/1/19, 160, 67, 6, 3, , 6
2022/1/20, 119, 76, 7, 3, 2, 6
2022/1/21, 118, 64, 7, 2, 3, 5
2022/1/22, 99, 431, 6, 2, , 3
2022/1/23, 302, 209, 6, 2, , 4
2022/1/24, 203, 213, 6, 3, 3, 6
2022/1/25, 218, 133, 6, 3, 1, 6
2022/1/26, 176, 129, 6, 4, 3, 9
2022/1/27, 174, 89, , 7, 7, 5
2022/1/28, 155, 95, , 8, 2, 5
2022/1/29, 156, , , , , 
2022/1/31, 159, 81, 2, 18, 1, 5
2022/2/1, 143, 94, , 15, 1, 6
2022/2/2, 160, 81, , 10, 3, 7
2022/2/3, 134, 123, , 7, 3, 2
2022/2/4, 161, 227, , 19, 4, 5
2022/2/5, 208, 148, , 15, 4, 5
2022/2/6, 172, 169, , 8, 1, 3
2022/2/7, 200, 70, 1, 10, , 3
2022/2/8, 101, 89, , 13, 1, 4
2022/2/9, 144, 97, , 17, 3, 6
2022/2/10, 146, 102, , 20, 3, 5
2022/2/11, 148, 91, , 19, 2, 6
2022/2/12, 153, 100, , 20, 2, 8
2022/2/13, 144, 80, , 19, , 6
2022/2/14, 122, 59, , 6, , 3
2022/2/15, 89, 62, , 11, 2, 3
2022/2/16, 81, 57, 1, 12, 3, 4
2022/2/17, 94, 74, , 13, 2, 5
2022/2/18, 118, 94, , 15, 5, 6
2022/2/19, 143, 73, , 12, 2, 5
2022/2/20, 126, 92, , 17, 1, 7
2022/2/21, 140, 88, 1, 16, 4, 4
2022/2/22, 116, 81, 1, 13, 2, 6
2022/2/23, 126, 91, 1, 13, 1, 6
2022/2/24, 149, 132, 1, 15, 4, 7
2022/2/25, 173, 111, 1, 15, 1, 6
2022/2/26, 165, 97, 1, 16, , 5
2022/2/27, 152, 110, 1, 17, 5, 5
2022/2/28, 164, 108, 1, 16, 2, 6
2022/3/1, 166, 121, 2, 16, 1, 7
2022/3/2, 174, 111, 1, 18, 3, 8
2022/3/3, 164, 99, 1, 19, 3, 7
2022/3/4, 146, 107, 1, 22, 4, 8
2022/3/5, 158, 106, 1, 21, 3, 8
2022/3/6, 160, 93, 2, 13, 3, 8
2022/3/7, 167, 117, , 20, 11, 8
2022/3/8, 166, 110, , 21, 12, 10
2022/3/9, 176, 141, 1, 18, 10, 9
2022/3/10, 173, 114, 1, 18, 5, 9
2022/3/11, 163, 86, 1, 20, 10, 8
2022/3/12, 151, 103, 1, 17, 8, 9
2022/3/13, 154, 100, 1, 16, 9, 6
2022/3/14, 151, 133, 1, 22, 10, 9
2022/3/15, 169, 92, 1, 14, 7, 7
2022/3/16, 157, 93, 1, 11, 20, 7
2022/3/17, 158, 89, 1, 7, 10, 7
2022/3/18, 149, 65, 1, 6, 17, 6
2022/3/19, 120, 74, 1, 5, 14, 4
2022/3/20, 114, 105, 2, 7, 14, 5
2022/3/21, 152, 93, 1, 10, 19, 5
2022/3/22, 151, 111, 1, 13, 17, 6
2022/3/23, 151, 103, 1, 7, 10, 5
2022/3/24, 152, 81, 1, 10, 9, 5
2022/3/25, 109, 68, 1, 6, 8, 4
2022/3/26, 94, 73, 1, 6, 8, 4
2022/3/27, 107, 264, 1, 4, 7, 4
2022/3/28, 112, 79, 1, 6, 10, 5
2022/3/29, 138, 78, 1, 6, 7, 4
2022/3/30, 119, 80, 1, 5, 4, 4
2022/3/31, 106, 166, 1, 5, 4, 5
2021/10/1, 93, 47, 6, 2, 9, 9
2021/10/2, 80, 63, 6, 2, 13, 12
2021/10/3, 101, 50, 6, 3, 22, 20
2021/10/4, 107, 47, 6, 3, 34, 24
2021/10/5, 89, 96, 6, 2, 23, 17
2021/10/6, 173, 39, 6, 2, 1, 19
2021/10/7, 96, 21, 6, 2, , 8
2021/10/8, 62, 42, 6, 2, 2, 8
2021/10/9, 94, 31, 6, 2, 11, 9
2021/10/10, 43, 50, 6, 2, 11, 9
2021/10/11, 82, 54, 6, 2, 7, 6
2021/10/12, 98, 64, 6, 2, 5, 7
2021/10/13, 120, 125, 6, 3, 4, 9
2021/10/14, 185, 95, 6, 3, 2, 9
2021/10/15, 149, 83, 6, 3, , 7
2021/10/16, 136, 98, 6, 3, 1, 8
2021/10/17, 146, 65, 6, 2, , 5
2021/10/18, 85, 58, 6, 2, , 5
2021/10/19, 84, 330, 6, 3, , 6
2021/10/20, 90, , 6, 3, , 7
2021/10/21, 125, , 6, 4, , 9
2021/10/22, 146, , 6, 2, , 6
2021/10/23, 95, , 6, 2, , 5
2021/10/24, 48, 45, 7, 2, , 5
2021/10/25, 84, 72, 6, 3, 3, 10
2021/10/26, 140, 79, 6, 3, 4, 12
2021/10/27, 140, 82, 6, 3, 7, 19
2021/10/28, 155, 83, 6, 4, 8, 19
2021/10/29, 164, 193, 6, 4, 9, 11
2021/10/30, 167, 93, 6, 4, 9, 10
2021/10/31, 157, 123, 6, 4, 8, 11
2021/11/1, 184, 130, 6, 4, 14, 23
2021/11/2, 199, 204, 6, 5, 18, 19
2021/11/3, 189, 87, 6, 4, 12, 21
2021/11/4, 171, 87, 6, 4, , 13
2021/11/5, 151, 51, 6, 3, , 8
2021/11/6, 94, 65, 6, 3, 1, 10
2021/11/7, 119, 114, 6, 3, 27, 23
2021/11/8, 185, 124, 6, 3, 31, 23
2021/11/9, 193, 104, 6, 4, 28, 14
2021/11/10, 177, 202, 6, 5, 24, 16
2021/11/11, 167, 118, 6, 4, 32, 22
2021/11/12, 186, 97, 6, 4, 28, 24
2021/11/13, 173, 100, 6, 4, 28, 24
2021/11/14, 176, 101, 6, 3, 28, 19
2021/11/15, 177, 97, 6, 3, 24, 20
2021/11/16, 176, 50, 6, 2, 25, 20
2021/11/17, 123, 38, 6, 2, 26, 15
2021/11/18, 79, 65, 6, 3, 23, 9
2021/11/19, 119, 69, 6, 3, 25, 11
2021/11/20, 138, 26, 6, 2, 22, 1
2021/11/21, 50, 33, 6, 2, 19, 5
2021/11/22, 55, 47, 6, 2, 17, 2
2021/11/23, 88, 71, 6, 2, 17, 4
2021/11/24, 135, 81, 6, 3, 17, 6
2021/11/25, 153, 90, 6, 3, 18, 8
2021/11/26, 159, 87, 6, 3, 19, 7
2021/11/27, 159, 84, 6, 3, 15, 5
2021/11/28, 148, 72, 6, 4, 15, 4
2021/11/29, 139, 87, 6, 4, 15, 4
2021/11/30, 156, 68, 6, 4, 14, 5
2021/12/1, 140, 43, 6, 3, 13, 4
2021/12/2, 81, 62, 6, 2, 16, 12
2021/12/3, 116, 64, 6, 2, 15, 6
2021/12/4, 117, 55, 6, 2, 15, 5
2021/12/5, 89, 85, 6, 3, 10, 7
2021/12/6, 146, 99, 6, 4, 7, 13
2021/12/7, 171, 101, 6, 4, 6, 12
2021/12/8, 170, 167, 6, 3, 7, 7
2021/12/9, 164, 98, 6, 3, 8, 8
2021/12/10, 164, 150, , 3, , 
2021/12/11, 220, 98, 6, 3, 9, 7
2021/12/12, 158, 91, 6, 3, 10, 7
2021/12/13, 145, 87, 6, 3, 10, 6
2021/12/14, 167, 94, 6, 3, 11, 6
2021/12/15, 160, 113, 6, 3, 9, 8
2021/12/16, 174, 112, 6, 4, 10, 9
2021/12/17, 175, 116, 6, 4, 12, 10
2021/12/18, 177, 98, 6, 3, 13, 8
2021/12/19, 161, 96, 6, 4, 11, 7
2021/12/20, 166, 109, 6, 4, 11, 8
2021/12/21, 169, 110, 6, 4, 9, 9
2021/12/22, 168, 101, 6, 4, 9, 8
2021/12/23, 160, 72, 6, 3, 11, 5
2021/12/24, 117, 67, 6, 3, 7, 5
2021/12/25, 123, 93, 6, 4, 7, 7
2021/12/26, 159, 98, 6, 4, 7, 9
2021/12/27, 160, 102, 6, 4, 11, 8
2021/12/28, 162, 74, 6, 3, 7, 6
2021/12/29, 130, 85, 6, 4, 5, 7
2021/12/30, 149, 82, 6, 4, 5, 6
2021/12/31, 144, 78, 6, 3, 10, 6
2022/1/1, 138, 83, 6, 3, 11, 7
2022/1/2, 145, 84, 6, 3, 12, 8
2021/7/2, 353, 42, 6, 3, 9, 3
2021/7/3, 113, 41, 6, 3, 6, 2
2021/7/4, 66, 41, 6, 3, 6, 2
2021/7/5, 71, 51, 6, 3, 6, 3
2021/7/6, 74, 52, 6, 4, 5, 2
2021/7/7, 78, 54, 6, 4, 4, 3
2021/7/8, 66, 34, 6, 4, 5, 3
2021/7/9, 94, 32, 6, 5, 6, 4
2021/7/10, 63, 23, 6, 5, 7, 4
2021/7/11, 69, 37, 6, 3, 3, 4
2021/7/12, 50, 22, 6, 4, 11, 5
2021/7/13, 81, 47, 6, 3, 49, 4
2021/7/14, 53, 17, 6, 3, 3, 8
2021/7/15, 47, 17, 6, 3, 8, 6
2021/7/16, 58, 22, , 3, 4, 4
2021/7/17, 54, 23, , 3, 3, 5
2021/7/18, 62, 36, , 3, 14, 5
2021/7/19, 117, 95, , 3, 5, 5
2021/7/20, 94, 71, , 3, 1, 5
2021/7/21, 97, 66, , 3, 3, 4
2021/7/22, 90, 55, , 3, 3, 5
2021/7/23, 88, 47, , 2, 3, 8
2021/7/24, 81, 43, , 2, 2, 6
2021/7/25, 120, 81, , 3, 2, 5
2021/7/26, 90, 48, , 3, 2, 5
2021/7/27, 111, 76, , 3, 2, 5
2021/7/28, 75, 41, , 2, 2, 4
2021/7/29, 80, 44, , 3, 1, 6
2021/7/30, 78, 42, , 3, 1, 5
2021/7/31, 74, 39, , 3, 1, 6
2021/8/1, 65, 39, , 3, 2, 5
2021/8/2, 65, 36, , 3, 2, 6
2021/8/3, 64, 30, , 3, 12, 6
2021/8/4, 71, 37, , 3, 10, 5
2021/8/5, 75, 41, , 2, 7, 5
2021/8/6, 83, 48, , 2, , 
2021/8/7, 88, 48, , 2, 8, 13
2021/8/8, 84, 44, , 2, 7, 8
2021/8/9, 79, 37, , 2, 7, 11
2021/8/10, 81, 36, , 2, 7, 14
2021/8/11, 70, 29, , 2, 7, 10
2021/8/12, 75, 38, , 2, 9, 13
2021/8/13, 73, 37, , 2, 7, 7
2021/8/14, 68, 29, , 2, 7, 9
2021/8/15, 61, 27, , 2, 16, 17
2021/8/16, 69, 27, , 3, 19, 15
2021/8/17, 67, 26, , 2, 19, 11
2021/8/18, 66, 21, , 2, 19, 13
2021/8/19, 67, 19, 4, 2, 19, 11
2021/8/20, 62, 19, 2, 2, 19, 8
2021/8/21, 55, 16, 1, 2, 15, 6
2021/8/22, 59, 19, 3, 2, 10, 5
2021/8/23, 64, 27, 4, 2, 7, 5
2021/8/24, 61, 23, 4, 2, 10, 6
2021/8/25, 92, 61, 5, 2, 10, 6
2021/8/26, 50, 21, 6, 2, 9, 5
2021/8/27, 55, 26, 6, 2, 7, 5
2021/8/28, 75, 49, 6, 2, 7, 5
2021/8/29, 177, 47, 6, 2, 7, 5
2021/8/30, 122, 48, 6, 2, 6, 5
2021/8/31, 54, 43, 6, 2, 6, 5
2021/9/1, 48, 23, 6, 2, 9, 16
2021/9/2, 33, 16, 6, 2, 10, 8
2021/9/3, 43, 16, 6, 2, 10, 10
2021/9/4, 45, 20, 6, 2, 10, 9
2021/9/5, 51, 29, 6, 2, 9, 9
2021/9/6, 46, 24, 6, 2, 7, 7
2021/9/7, 42, 17, 6, 3, 7, 8
2021/9/8, 31, 12, 6, 2, 9, 5
2021/9/9, 45, 18, 6, 2, 6, 6
2021/9/10, 43, 26, 6, 2, 9, 13
2021/9/11, 41, 24, 6, 2, 12, 13
2021/9/12, 34, 13, 6, 2, 10, 7
2021/9/13, 52, 38, 6, 4, 10, 18
2021/9/14, 71, 59, 6, 2, 10, 14
2021/9/15, 68, 55, 6, 2, 10, 13
2021/9/16, 66, 50, 6, 2, 8, 5
2021/9/17, 92, 77, 6, 2, 7, 12
2021/9/18, 48, 31, 6, 2, 12, 9
2021/9/20, 43, 21, 6, 2, 12, 12
2021/9/21, 40, 14, 6, 2, 13, 12
2021/9/22, 39, 22, 6, 2, 13, 11
2021/9/23, 62, 34, 6, 2, 11, 9
2021/9/24, 52, 34, 6, 2, 10, 14
2021/9/25, 59, 33, 6, 2, 11, 10
2021/9/26, 51, 30, 6, 2, 9, 6
2021/9/27, 42, 17, 6, 2, 6, 6
2021/9/28, 37, 15, 5, 2, 11, 15
2021/9/29, 32, 16, 6, 2, 11, 6
2021/9/30, 40, 18, 6, 1, 9, 18
2021/4/1, 132, 84, , 5, 49, 6
2021/4/2, 130, 45, , 5, 39, 6
2021/4/3, 122, 26, , 4, 27, 4
2021/4/4, 93, 196, , 4, 51, 5
2021/4/5, 80, 779, , 6, 40, 6
2021/4/6, 108, 628, , 4, 33, 6
2021/4/7, 191, 408, , 4, 40, 6
2021/4/8, 263, 801, , 4, 36, 7
2021/4/9, 99, 847, , 3, , 4
2021/4/10, 107, 773, , 3, , 5
2021/4/11, 109, 805, , 5, 23, 6
2021/4/12, 102, 772, , 7, 33, 5
2021/4/13, 142, 51, , 3, 37, 3
2021/4/14, 410, 52, , 3, , 4
2021/4/15, 719, 33, , 3, , 3
2021/4/16, 787, 76, , 3, , 3
2021/4/17, 695, 81, , 3, , 3
2021/4/18, 739, 79, , 2, , 2
2021/4/19, 824, 46, , 2, , 2
2021/4/20, 774, 30, , 2, , 2
2021/4/21, 741, 28, , 2, , 2
2021/4/22, 769, 31, , 3, , 3
2021/4/23, 824, 30, , 3, , 3
2021/4/24, 783, 98, , 3, , 3
2021/5/20, 391, 98, 10, 6, 5, 6
2021/5/21, 155, 97, 7, 4, 5, 5
2021/5/22, 108, 95, 7, 4, 2, 3
2021/5/23, 93, 93, 6, 3, 1, 2
2021/5/24, 87, 93, 6, 4, , 1
2021/5/25, 90, 92, 6, 3, , 1
2021/5/26, 65, , , , , 
2021/6/11, 23, 203, 6, 4, , 4
2021/6/12, 60, 25, 6, 4, , 2
2021/6/13, 49, 46, 6, 3, 1, 2
2021/6/14, 72, 31, 6, 2, , 3
2021/6/15, 58, 32, 6, 2, , 3
2021/6/16, 53, 63, 6, 2, 8, 3
2021/6/17, 96, 68, 6, 2, 11, 2
2021/6/18, 96, 49, 6, 4, 4, 4
2021/6/19, 76, 93, 6, 1, 1, 2
2021/6/20, 122, 81, 6, 3, , 3
2021/6/21, 107, 61, 6, 2, , 3
2021/6/22, 76, 58, 6, 2, , 3
2021/6/23, 73, 49, 6, 2, 1, 4
2021/6/24, 168, 34, 6, 3, 15, 5
2021/6/25, 59, 55, 6, 3, 4, 7
2021/6/26, 69, 360, 6, 3, 1, 2
2021/6/27, 62, 16, 6, 5, 31, 9
2021/6/28, 62, 27, 6, , 16, 5
2021/6/29, 54, 28, 6, 3, 9, 4
2021/6/30, 38, 44, 6, 3, 13, 6
2021/1/4, 163, 71, 7, 14, 5, 12
2021/1/5, 160, 78, 6, 16, 5, 14
2021/1/6, 161, 75, 6, 21, 6, 13
2021/1/7, 151, 74, 3, 17, 4, 15
2021/1/8, 155, 68, 1, 14, 3, 13
2021/1/9, 141, 66, , 12, 4, 14
2021/1/10, 152, 69, 3, 16, 4, 14
2021/1/11, 147, 71, , 17, 4, 14
2021/1/12, 154, 98, 18, 11, 6, 12
2021/1/13, 156, 65, , 12, 5, 14
2021/1/14, 126, 45, 1, 14, 5, 8
2021/1/15, 87, 52, 4, 27, 3, 8
2021/1/16, 101, 49, 2, 14, 1, 8
2021/1/17, 93, 33, 76, 9, 1, 6
2021/1/18, 61, 52, , 20, 1, 9
2021/1/19, 99, 60, 58, 27, 3, 12
2021/1/20, 126, 62, 4, 17, 4, 9
2021/1/21, 121, 71, 4, 26, 4, 10
2021/1/22, 141, 72, 5, 23, 7, 11
2021/1/23, 140, 57, 3, 15, 5, 8
2021/1/24, 107, 68, 4, 21, 5, 8
2021/1/25, 129, 68, 4, 21, 4, 10
2021/1/26, 126, 64, 5, 22, 3, 11
2021/1/27, 119, 65, 5, 24, 4, 12
2021/1/28, 121, 61, 4, 31, 3, 12
2021/1/29, 123, 66, 4, 31, 6, 13
2021/1/30, 126, 60, 3, 31, 4, 14
2021/1/31, 114, 60, 3, 25, 3, 12
2021/2/1, 111, 64, 3, 27, 6, 11
2021/2/2, 132, 59, 1, 38, 8, 13
2021/2/3, 117, 66, , 34, 11, 13
2021/2/4, 134, 58, , 18, 9, 11
2021/2/5, 111, 54, , 27, 10, 10
2021/2/6, 99, 50, 1, 24, 10, 9
2021/2/7, 94, 55, , 27, 10, 11
2021/2/8, 119, 61, 2, 32, 10, 11
2021/2/9, 125, 108, , 28, 5, 13
2021/2/10, 126, 111, 110, 35, 7, 16
2021/2/11, 199, 66, , 24, 6, 16
2021/2/12, 128, 56, 101, 21, 7, 12
2021/2/13, 115, 43, , 11, 4, 8
2021/2/14, 83, 77, , 8, 3, 6
2021/2/15, 159, 35, 88, 10, 4, 7
2021/2/16, 74, 39, , 11, 3, 7
2021/2/17, 85, 61, , 20, 3, 12
2021/2/18, 176, 32, , 17, 4, 8
2021/2/19, 74, 36, , 18, 4, 8
2021/2/20, 80, 43, 1, 20, 7, 10
2021/2/21, 89, 52, , 23, 10, 11
2021/2/22, 114, 58, , 17, 12, 11
2021/2/23, 128, 66, 2, 23, 10, 14
2021/2/24, 137, 55, , 15, 8, 12
2021/2/25, 107, 45, 1, 11, 10, 10
2021/2/26, 87, 41, 1, 10, 9, 6
2021/2/27, 73, 46, , 13, 6, 9
2021/2/28, 94, 56, , 13, 8, 12
2021/3/1, 114, 56, , 15, 11, 12
2021/3/2, 124, 53, , 20, 13, 11
2021/3/3, 111, 59, , 23, 14, 13
2021/3/4, 123, 52, , 15, 14, 14
2021/3/5, 116, 44, , 9, 11, 11
2021/3/6, 101, 41, , 12, 12, 9
2021/3/7, 97, 37, , 12, 29, 9
2021/3/8, 82, 49, , 16, 46, 9
2021/3/9, 106, 47, , 15, 54, 10
2021/3/10, 94, 40, , 8, 54, 7
2021/3/11, 81, 34, , 9, 48, 7
2021/3/12, 75, 59, , 13, 51, 10
2021/3/13, 124, 55, , 14, 55, 10
2021/3/14, 113, 54, 5, 13, 22, 12
2021/3/15, 115, 51, , 13, 71, 9
2021/3/16, 122, 58, , 15, 87, 10
2021/3/17, 131, 47, , 9, 61, 8
2021/3/18, 110, 115, , 10, 31, 7
2021/3/19, 183, 47, , 6, 20, 4
2021/3/20, 134, 45, , 11, 42, 6
2021/3/21, 122, 44, , 11, 33, 6
2021/3/22, 107, 53, , 15, 45, 7
2021/3/23, 124, 67, , 22, 40, 10
2021/3/24, 139, 56, , 26, 25, 12
2021/3/25, 137, 56, , 24, 31, 12
2021/3/26, 127, 63, , 29, 57, 14
2021/3/27, 139, 49, , 11, 102, 8
2021/3/28, 127, 44, , 6, 41, 6
2021/3/29, 585, 41, , 6, 9, 13
2021/3/30, 152, 70, , 5, 9, 13
2021/3/31, 88, 158, , 4, 34, 8
2020/10/1, 75, 36, 1, 10, 2, 4
2020/10/2, 93, 42, , 14, 3, 5
2020/10/3, 118, 22, 1, 10, 2, 5
2020/10/4, 76, 24, , 7, 2, 4
2020/10/5, 73, 36, 2, 11, 4, 4
2020/10/6, 99, 42, 3, 15, 3, 5
2020/10/7, 114, 43, 2, 10, 3, 4
2020/10/8, 123, 49, 3, 13, 2, 6
2020/10/9, 154, 48, 8, 12, 3, 7
2020/10/10, 149, 37, 11, 11, 2, 6
2020/10/11, 127, 39, 11, 9, 2, 5
2020/10/12, 130, 37, 7, 10, 2, 5
2020/10/13, 115, 35, 8, 16, 2, 6
2020/10/14, 112, 23, 9, 11, 2, 6
2020/10/15, 80, 26, 8, 12, 1, 5
2020/10/16, 73, 30, 7, 5, , 4
2020/10/17, 75, 32, 5, 6, 1, 4
2020/10/18, 71, 383, 3, 7, 2, 5
2020/10/19, 97, 626, 6, 11, 3, 6
2020/10/20, 102, 614, 10, 13, 2, 6
2020/10/21, 140, 516, 8, 22, 3, 7
2020/10/22, 127, 362, 13, 16, 3, 6
2020/10/23, 318, 192, 6, 6, 3, 6
2020/10/24, 824, 240, 11, 10, 4, 7
2020/10/27, 538, 58, 6, 24, 4, 8
2020/10/28, 780, , , , , 
2020/10/31, 683, 52, 3, 30, 5, 8
2020/11/1, 678, 59, , 28, 5, 10
2020/11/2, 738, 61, , 22, 5, 9
2020/11/3, 778, 62, 6, 30, 7, 10
2020/11/4, 601, 64, 6, 31, 5, 10
2020/11/5, 683, , , , , 
2020/11/7, 645, 53, 4, 26, 11, 9
2020/11/8, 629, 57, 3, 33, 8, 9
2020/11/9, 617, 73, 3, 29, 11, 8
2020/11/10, 251, 57, 2, 33, 12, 9
2020/11/11, 350, 56, 3, 29, 13, 9
2020/11/12, 643, 76, 1, 33, 11, 10
2020/11/13, 436, 41, 3, 29, 12, 9
2020/11/14, 153, 45, 4, 24, 8, 10
2020/11/15, 182, 76, 4, 17, 7, 9
2020/11/16, 185, 68, 3, 21, 9, 9
2020/11/17, 171, 100, 2, 25, 9, 11
2020/11/18, 162, 65, 2, 24, 11, 10
2020/11/19, 128, 85, 3, 27, 11, 9
2020/11/20, 144, 61, 3, 20, 8, 9
2020/11/21, 131, 69, 2, 26, 9, 10
2020/11/22, 118, 60, 2, 23, 9, 9
2020/11/23, 99, 69, 2, 21, 9, 9
2020/11/24, 116, 87, 2, 29, 11, 12
2020/11/25, 157, 84, 2, 32, 11, 12
2020/11/26, 161, 61, 2, 28, 17, 8
2020/11/27, 138, 58, 2, 24, 20, 8
2020/11/28, 121, 38, 2, 16, 6, 7
2020/11/29, 76, 62, 2, 27, 9, 10
2020/11/30, 135, 65, 1, 24, 11, 10
2020/12/1, 145, 71, 1, 24, 12, 10
2020/12/2, 156, 64, 1, 24, 12, 10
2020/12/3, 149, 67, 2, 33, 15, 11
2020/12/4, 151, 68, 1, 36, 14, 11
2020/12/5, 157, 62, 1, 39, 15, 10
2020/12/6, 149, 55, 2, 26, 8, 9
2020/12/7, 148, 53, 2, 25, 6, 7
2020/12/8, 117, 57, 1, 31, 4, 8
2020/12/9, 128, 58, 2, 24, 5, 8
2020/12/10, 128, 67, 2, 27, 6, 11
2020/12/11, 145, 55, 2, 18, 7, 8
2020/12/12, 110, 56, 2, 23, 4, 7
2020/12/13, 118, 46, 2, 18, 4, 6
2020/12/14, 81, 61, 1, 23, 5, 7
2020/12/15, 128, 66, 2, 20, 5, 8
2020/12/16, 148, 64, 2, 19, 6, 8
2020/12/17, 156, 64, 2, 21, 7, 8
2020/12/18, 157, 57, 2, 26, 5, 7
2020/12/19, 144, 56, 2, 28, 10, 7
2020/12/20, 140, 48, 2, 27, 7, 6
2020/12/21, 124, 51, 2, 36, 9, 8
2020/12/22, 130, 62, 2, 40, 8, 9
2020/12/23, 141, 58, 3, 32, 8, 9
2020/12/24, 119, 62, 3, 34, 5, 11
2020/12/25, 138, 68, 3, 29, 9, 11
2020/12/26, 140, 69, 1, 29, 14, 10
2020/12/27, 163, 55, , 19, 9, 6
2020/12/28, 118, 95, 91, 26, 7, 7
2020/12/29, 159, 71, 5, 27, 7, 11
2020/12/30, 156, 99, 6, 34, 5, 13
2020/12/31, 161, 217, 4, 26, 1, 14
2021/1/1, 162, 74, 4, 12, , 12
2021/1/2, 198, 63, 5, 16, , 10
2021/1/3, 406, 72, 6, 20, 5, 14
2020/7/3, 163, 18, 2, 4, 2, 
2020/7/4, 29, 25, 2, 4, 2, 
2020/7/5, 49, 29, 5, 4, 2, 
2020/7/6, 57, 23, 4, 4, 2, 
2020/7/7, 43, 26, 1, 4, 2, 1
2020/7/8, 48, 23, 1, 4, 2, 1
2020/7/9, 48, 25, 1, 4, 2, 1
2020/7/10, 51, 24, 2, 4, 2, 1
2020/7/11, 45, 17, 2, 4, 2, 
2020/7/12, 38, 16, 1, 5, 2, 1
2020/7/13, 30, 15, 1, 5, 2, 1
2020/7/14, 29, 14, 1, 5, 2, 1
2020/7/15, 28, 16, 2, 4, 2, 1
2020/7/16, 35, 18, 1, 5, 2, 1
2020/7/17, 42, 24, 1, 5, 2, 1
2020/7/18, 52, 27, 1, 4, 2, 1
2020/7/19, 52, 29, 1, 5, 2, 1
2020/7/20, 54, 23, 1, 5, 3, 1
2020/7/21, 48, 18, 1, 5, 2, 1
2020/7/22, 37, 18, 1, 6, 2, 1
2020/7/23, 43, 22, 1, 8, 3, 2
2020/7/24, 49, 16, 1, 6, 2, 2
2020/7/25, 30, 14, 1, 6, 2, 1
2020/7/26, 27, 17, 1, 5, 2, 2
2020/7/27, 34, 21, , 8, 3, 2
2020/7/28, 42, 297, , 7, 3, 2
2020/7/29, 51, 895, , 4, 3, 2
2020/7/30, 29, 895, , 5, 3, 2
2020/7/31, 30, , , 6, 3, 2
2020/8/1, 30, , 1, 5, 2, 2
2020/8/2, 28, , 1, 4, 2, 2
2020/8/3, 24, , 1, 4, 2, 2
2020/8/4, 30, , 2, 4, 2, 2
2020/8/5, 46, 91, 3, 4, 3, 2
2020/8/6, 38, 29, 2, 4, 2, 2
2020/8/7, 50, 31, 1, 4, 2, 2
2020/8/8, 48, 34, 2, 4, 2, 1
2020/8/9, 53, 28, 2, 5, 3, 1
2020/8/10, 217, 30, 2, 4, 2, 1
2020/8/11, 824, 24, 2, 4, 2, 1
2020/8/12, 824, 26, 1, 4, 2, 1
2020/8/13, 824, 25, 1, 5, 2, 1
2020/8/14, 824, 29, 1, 4, 2, 1
2020/8/15, 824, 30, 1, 4, 2, 1
2020/8/16, 824, 28, 1, 5, 2, 1
2020/8/22, 94, 25, , 4, , 2
2020/8/23, 46, 26, 1, 4, 3, 2
2020/8/24, 48, 25, 1, 4, 2, 2
2020/8/25, 52, 22, 1, 4, 2, 2
2020/8/26, 47, 25, 1, 4, 3, 2
2020/8/27, 51, 21, 1, 5, 3, 3
2020/8/28, 43, 21, , 5, 3, 3
2020/8/29, 49, 20, , 4, 3, 3
2020/8/30, 47, 23, 1, 4, 3, 3
2020/8/31, 49, 23, , 6, 3, 3
2020/9/1, 52, 32, , 8, 2, 3
2020/9/2, 62, 38, , 9, 3, 4
2020/9/3, 70, 40, , 15, 3, 5
2020/9/4, 96, 41, 3, 10, 3, 4
2020/9/5, 101, 48, , 9, 2, 4
2020/9/6, 126, 25, , 8, 2, 3
2020/9/7, 58, 26, , 8, 2, 3
2020/9/8, 60, 33, , 10, 3, 3
2020/9/9, 83, 25, , 8, 2, 3
2020/9/10, 69, 39, , 16, 2, 4
2020/9/11, 106, 41, 1, 9, 2, 3
2020/9/12, 43, 22, 1, 5, 2, 2
2020/9/13, 50, 19, , 6, 1, 2
2020/9/14, 53, 17, , 6, 1, 2
2020/9/15, 49, 22, , 8, 1, 3
2020/9/16, 54, 23, , 7, 2, 3
2020/9/17, 58, 21, , 9, 3, 3
2020/9/18, 57, 26, , 8, 2, 4
2020/9/19, 67, 24, , 10, 5, 5
2020/9/20, 70, 25, , 11, 4, 5
2020/9/21, 74, 25, 2, 10, 5, 5
2020/9/22, 71, 18, 3, 5, 4, 4
2020/9/23, 51, 17, 1, 9, 3, 4
2020/9/24, 49, 22, , 7, 2, 3
2020/9/25, 60, 28, 1, 5, 2, 3
2020/9/26, 56, 29, 1, 6, 3, 4
2020/9/27, 63, 29, 1, 8, 3, 4
2020/9/28, 65, 108, 1, 8, 3, 4
2020/9/29, 70, 315, 1, 11, 2, 4
2020/9/30, 82, 34, 2, 9, 2, 4
2020/4/1, 68, 56, 36, 1, 3, 2
2020/4/2, 78, 60, 32, 1, 3, 2
2020/4/3, 76, 58, 28, 1, 3, 2
2020/4/4, 74, 57, 28, 2, 4, 2
2020/4/5, 85, 49, 25, 1, 4, 2
2020/4/6, 68, 50, 17, 1, 4, 2
2020/4/7, 61, , , , , 
2020/4/20, 171, 18, 19, , 4, 5
2020/4/21, 64, 24, 20, 1, 7, 5
2020/4/22, 68, 22, 19, , 10, 4
2020/4/23, 66, 20, 17, 1, 11, 4
2020/4/24, 66, 20, 22, , 12, 4
2020/4/25, 52, 21, 21, 1, 11, 4
2020/4/26, 57, 19, 19, , 10, 4
2020/4/27, 55, 22, 21, , 12, 4
2020/4/28, 66, 25, 20, , 11, 4
2020/4/29, 63, 26, 18, 1, 12, 5
2020/4/30, 62, 35, 19, , 13, 5
2020/5/1, 79, 15, 17, , 13, 5
2020/5/2, 41, 13, 18, , 12, 5
2020/5/3, 36, 14, 17, , 13, 5
2020/5/4, 44, 19, 18, , 12, 5
2020/5/5, 43, 80, 19, , 15, 6
2020/5/6, 117, 71, 21, , 14, 5
2020/5/7, 98, 80, 19, , 15, 5
2020/5/8, 105, 66, 21, , 18, 5
2020/5/9, 85, 53, 19, 2, 14, 5
2020/5/10, 81, 46, 18, , 13, 6
2020/5/11, 73, 81, 18, 1, 17, 5
2020/5/12, 136, 54, 17, , 14, 5
2020/5/13, 107, 22, 16, , 14, 5
2020/5/14, 49, 69, 17, , 18, 5
2020/5/15, 93, 47, 17, 1, 12, 5
2020/5/16, 824, 50, 18, , 11, 5
2020/5/20, 143, 14, 18, 5, 3, 4
2020/5/21, 49, 14, 18, 2, 3, 4
2020/5/22, 51, 24, 16, 2, 2, 3
2020/5/23, 54, 27, 16, 2, 2, 3
2020/5/24, 46, 31, 16, 2, 2, 3
2020/5/25, 49, 32, 15, 2, 2, 3
2020/5/26, 52, 30, 15, 2, 2, 3
2020/5/27, 51, 25, 15, 2, 1, 3
2020/5/28, 43, 21, 14, 2, 2, 3
2020/5/29, 39, 22, 14, 2, 2, 3
2020/5/30, 41, 25, 15, 2, 2, 3
2020/5/31, 42, 25, 19, 2, 1, 4
2020/6/1, 54, 28, 18, 2, 2, 4
2020/6/2, 80, 18, 14, 2, 1, 3
2020/6/3, 50, 103, 13, 2, , 3
2020/6/4, 132, 25, 14, 2, , 3
2020/6/5, 34, , , , , 
2020/6/10, 63, 16, 12, 2, , 3
2020/6/11, 64, , , , , 
2020/6/17, 17, 21, 12, 7, 1, 2
2020/6/18, 35, 29, 12, 3, 8, 3
2020/6/19, 52, 29, 1, 2, , 3
2020/6/20, 55, 25, 2, 2, , 3
2020/6/21, 52, 26, 2, 2, , 3
2020/6/22, 48, 22, 2, 3, , 3
2020/6/23, 67, 17, 2, 3, , 3
2020/6/24, 36, 21, 1, 3, , 3
2020/6/25, 54, 22, 1, 4, , 3
2020/6/26, 55, 29, 1, 3, , 3
2020/6/27, 66, 22, 1, 3, , 3
2020/6/28, 53, 15, 1, 3, , 3
2020/6/29, 30, 895, 8, , 66, 2
2020/6/30, 824, , , , , 
2020/1/1, 251, 104, 55, 17, 5, 6
2020/1/2, 181, 97, 54, 19, 4, 5
2020/1/3, 171, 96, 51, 16, 1, 5
2020/1/4, 166, 101, 50, 22, 4, 6
2020/1/5, 172, 128, 45, 16, 5, 8
2020/1/6, 199, 106, 108, 19, 9, 5
2020/1/7, 173, 79, 44, 10, 4, 4
2020/1/8, 154, 87, 21, 20, 8, 5
2020/1/9, 152, 96, 26, 22, 7, 5
2020/1/10, 158, 89, 38, 19, 21, 4
2020/1/11, 162, 102, 28, 13, 4, 5
2020/1/12, 171, 83, 18, 14, 2, 4
2020/1/13, 141, 53, 9, 7, , 1
2020/1/14, 90, 60, 34, 6, 1, 1
2020/1/15, 90, 59, 29, 14, 3, 2
2020/1/16, 98, 69, 36, 19, 3, 3
2020/1/17, 125, 93, 92, 26, 7, 6
2020/1/18, 165, 101, 11, 23, 4, 5
2020/1/19, 169, 101, 37, 23, 8, 6
2020/1/20, 172, 260, 66, 16, 6, 6
2020/1/21, 175, 92, 60, 22, 9, 5
2020/1/22, 165, 110, 53, 24, 8, 5
2020/1/23, 171, 90, 42, 20, 8, 5
2020/1/24, 162, 104, 58, 19, 9, 6
2020/1/25, 171, 106, 55, 14, 6, 5
2020/1/26, 175, 59, 29, 4, 6, 3
2020/1/27, 111, 44, 28, 6, 7, 2
2020/1/28, 75, 71, 31, 7, 4, 2
2020/1/29, 202, 82, 50, 19, 9, 4
2020/1/30, 125, 84, 50, 19, 7, 4
2020/1/31, 145, 92, 41, 25, 5, 5
2020/2/1, 155, 90, 34, 19, 7, 5
2020/2/2, 162, 79, 43, 10, 6, 5
2020/2/3, 154, 86, 55, 15, 5, 5
2020/2/4, 156, 84, 50, 21, 7, 4
2020/2/5, 130, 68, 47, 10, 5, 3
2020/2/6, 108, 71, 42, 13, 7, 3
2020/2/7, 108, 84, 51, 19, 5, 5
2020/2/8, 148, 97, 4, 35, 1, 6
2020/2/9, 157, , , , , 
2020/2/11, 196, 156, 36, 21, 10, 6
2020/2/12, 153, 252, 53, 19, 6, 5
2020/2/13, 161, 88, 26, 22, 7, 5
2020/2/14, 152, 92, , 18, 7, 4
2020/2/15, 126, 86, , 17, 5, 5
2020/2/16, 146, 118, 39, 26, 5, 3
2020/2/17, 181, 160, 59, 25, 7, 4
2020/2/18, 194, 117, 85, 27, 11, 5
2020/2/19, 172, 80, 29, 18, 8, 4
2020/2/20, 137, 65, 25, 13, 10, 3
2020/2/21, 104, 96, 51, 20, 11, 5
2020/2/22, 230, 102, 50, 23, 10, 5
2020/2/23, 159, 96, 44, 21, 8, 5
2020/2/24, 164, 92, 28, 22, 8, 4
2020/2/25, 122, 88, 37, 24, 12, 3
2020/2/26, 127, 94, 30, 27, 12, 5
2020/2/27, 138, 108, 25, 39, 12, 5
2020/2/28, 154, 99, 23, 26, 12, 4
2020/2/29, 141, 98, 8, 10, 9, 3
2020/3/1, 117, 79, 7, 11, 9, 4
2020/3/2, 124, 80, 13, 6, 20, 3
2020/3/3, 112, 75, 13, 5, 19, 2
2020/3/4, 103, 77, 12, 9, 22, 3
2020/3/5, 105, 62, 9, 2, 13, 1
2020/3/6, 65, 85, 12, 5, 10, 2
2020/3/7, 86, 80, 11, 12, 14, 3
2020/3/8, 90, 84, 11, 7, 10, 3
2020/3/9, 108, 68, 4, 5, 15, 2
2020/3/10, 95, 66, 9, 2, 9, 1
2020/3/11, 65, 52, 13, 6, 7, 1
2020/3/12, 70, 70, 12, 9, 8, 2
2020/3/13, 81, 83, 10, 11, 5, 2
2020/3/14, 139, 98, 5, 18, 12, 4
2020/3/15, 234, 99, 6, 20, 13, 5
2020/3/16, 151, 104, 68, 27, 8, 5
2020/3/17, 155, 74, 49, 14, 7, 3
2020/3/18, 120, 58, 41, 10, 4, 3
2020/3/19, 92, 37, 29, 3, 3, 2
2020/3/20, 62, 44, 38, 4, 6, 2
2020/3/21, 67, 44, 33, 1, 3, 2
2020/3/22, 68, 48, 37, 1, 3, 2
2020/3/23, 75, 61, 50, 1, 3, 2
2020/3/24, 96, 56, 33, 1, 4, 2
2020/3/25, 84, 52, 29, 1, 4, 2
2020/3/26, 67, 53, 39, 1, 5, 2
2020/3/27, 71, 53, 42, 3, 3, 2
2020/3/28, 90, 51, 45, 1, 3, 2
2020/3/29, 75, 49, 33, 1, 3, 2
2020/3/30, 71, 47, 30, 1, 3, 2
2020/3/31, 74, 47, 36, , 3, 2
2019/10/1, 41, 41, 4, 1, 4, 2
2019/10/2, 58, 50, 4, 2, 4, 3
2019/10/3, 62, 49, 7, 4, 6, 3
2019/10/4, 72, 61, 12, 6, 8, 5
2019/10/5, 109, 67, 30, 8, 8, 5
2019/10/6, 117, 69, 28, 7, 6, 4
2019/10/7, 133, 74, 17, 6, 4, 4
2019/10/8, 138, 41, 13, 7, 4, 3
2019/10/9, 73, 57, 21, 11, 8, 5
2019/10/10, 120, 51, 20, 10, 8, 4
2019/10/11, 100, 75, 21, 9, 10, 2
2019/10/12, 129, 65, 27, 11, 11, 4
2019/10/13, 121, 79, 24, 11, 9, 4
2019/10/14, 148, 80, 14, 12, 9, 4
2019/10/15, 144, 96, 37, 13, 11, 5
2019/10/16, 147, 95, 56, 12, 8, 5
2019/10/17, 154, 90, 7, 16, 7, 5
2019/10/18, 142, 49, 3, 11, 4, 4
2019/10/19, 94, 18, 8, 9, 3, 4
2019/10/20, 56, 31, 25, 7, 2, 4
2019/10/21, 69, 23, 15, 6, 2, 3
2019/10/22, 44, 24, 6, 5, 4, 3
2019/10/23, 59, 44, 8, 12, 5, 5
2019/10/24, 90, 31, 4, 12, 4, 4
2019/10/25, 67, 28, 10, 7, 3, 3
2019/10/26, 52, 36, 16, 4, 1, 3
2019/10/27, 68, 50, 19, 5, 4, 3
2019/10/28, 97, 67, 33, 8, 20, 4
2019/10/29, 125, 63, 28, 10, 19, 4
2019/10/30, 127, 59, 13, 13, 22, 3
2019/10/31, 65, 42, 15, 7, 22, 3
2019/11/1, 59, 22, 8, 4, 23, 2
2019/11/2, 49, 41, 13, 5, 23, 3
2019/11/3, 67, 51, 16, 6, 13, 3
2019/11/4, 88, 57, 23, 6, 25, 4
2019/11/5, 111, 67, 19, 10, 17, 5
2019/11/6, 137, 23, 16, 1, 9, 1
2019/11/7, 56, 34, 14, 3, 5, 2
2019/11/8, 60, 44, 18, 4, 4, 2
2019/11/9, 75, 66, 26, 7, 4, 4
2019/11/10, 125, 79, 39, 13, 4, 5
2019/11/11, 155, 97, 50, 14, 4, 5
2019/11/12, 164, 81, 42, 13, 9, 4
2019/11/13, 153, 88, 50, 14, 24, 3
2019/11/14, 157, 85, 34, 13, 21, 6
2019/11/15, 161, 87, 25, 13, 31, 5
2019/11/16, 164, 87, 20, 13, 26, 5
2019/11/17, 165, 84, 47, 12, 15, 5
2019/11/18, 163, 110, 232, 21, 12, 6
2019/11/19, 176, 109, 46, 28, 15, 6
2019/11/20, 176, 113, 27, 11, 18, 5
2019/11/21, 175, 103, 35, 16, 42, 4
2019/11/22, 170, 107, 36, 14, 37, 4
2019/11/23, 168, 95, 40, 12, 31, 5
2019/11/24, 166, 94, 41, 14, 20, 5
2019/11/25, 167, 106, 48, 19, 32, 5
2019/11/26, 170, 89, 26, 14, 25, 4
2019/11/27, 157, 86, 45, 17, 22, 5
2019/11/28, 160, 94, 33, 17, 17, 5
2019/11/29, 166, 102, 32, 18, 23, 6
2019/11/30, 170, 117, 28, 16, 20, 6
2019/12/1, 178, 85, 36, 13, 14, 5
2019/12/2, 156, 116, 16, 7, 31, 3
2019/12/3, 150, 101, 199, 8, 13, 4
2019/12/4, 134, 78, 12, 2, 13, 3
2019/12/5, 137, 99, 45, 6, 8, 4
2019/12/6, 170, 97, 69, 14, 7, 4
2019/12/7, 160, 101, 62, 18, 9, 5
2019/12/8, 172, 101, 49, 15, 9, 5
2019/12/9, 167, 101, 60, 18, 12, 5
2019/12/10, 169, 114, 42, 17, 14, 5
2019/12/11, 174, 110, 38, 14, 16, 4
2019/12/12, 174, 84, 23, 14, 14, 4
2019/12/13, 142, 88, 25, 15, 12, 3
2019/12/14, 129, 86, 12, 14, 10, 4
2019/12/15, 159, 103, 49, 16, 12, 5
2019/12/16, 171, 97, 51, 16, 6, 5
2019/12/17, 165, 97, 62, 17, 7, 5
2019/12/18, 165, 95, 68, 18, 9, 5
2019/12/19, 166, 103, 63, 19, 8, 5
2019/12/20, 173, 134, 33, 24, 10, 6
2019/12/21, 177, 107, 7, 18, 12, 5
2019/12/22, 175, 104, 35, 13, 16, 6
2019/12/23, 175, 132, 45, 18, 12, 6
2019/12/24, 192, 133, 30, 24, 12, 5
2019/12/25, 203, 135, 38, 13, 9, 5
2019/12/26, 171, 102, 62, 19, 8, 6
2019/12/27, 172, 93, 51, 20, 7, 6
2019/12/28, 165, 85, 53, 17, 6, 5
2019/12/29, 163, , , , , 
2019/7/14, 48, 43, 4, 1, 3, 1
2019/7/15, 49, 44, 4, 1, 3, 1
2019/7/16, 54, 42, 4, 1, 3, 1
2019/7/17, 53, 53, 4, 1, 3, 1
2019/7/18, 57, 64, 10, 2, 3, 2
2019/7/19, 73, 43, 5, 6, 3, 2
2019/7/20, 63, 41, 10, 6, 4, 3
2019/7/21, 84, 17, 8, 2, 3, 2
2019/7/22, 38, 14, 6, 1, 3, 1
2019/7/23, 28, 22, 5, 1, 3, 1
2019/7/24, 45, 38, 5, 1, 3, 1
2019/7/25, 56, 39, 5, , 3, 1
2019/7/26, 53, 41, 5, , 3, 1
2019/7/27, 56, 47, 6, , 3, 1
2019/7/28, 59, 45, 5, 1, 3, 1
2019/7/29, 56, 32, 5, , 3, 1
2019/7/30, 47, 29, 4, , 3, 1
2019/7/31, 46, 34, 6, , 3, 1
2019/8/1, 46, 30, 8, , 3, 1
2019/8/2, 43, 23, 5, , 3, 1
2019/8/3, 39, 34, 5, , 4, 1
2019/8/4, 47, 38, 3, , 2, 1
2019/8/5, 50, 34, 8, , , 1
2019/8/6, 46, 38, 8, , , 2
2019/8/7, 51, 56, 7, 1, , 2
2019/8/8, 68, 54, 8, , , 2
2019/8/9, 68, 133, 9, , , 2
2019/8/10, 72, 49, 10, , , 2
2019/8/11, 61, 47, 9, 1, , 2
2019/8/12, 57, 39, 9, 2, , 2
2019/8/13, 50, 49, 10, 1, , 2
2019/8/14, 58, 38, 9, 1, , 2
2019/8/15, 56, 42, 9, 1, , 2
2019/8/16, 54, 42, 11, , , 2
2019/8/17, 51, 40, 11, 1, , 2
2019/8/18, 50, 41, 9, 1, , 3
2019/8/19, 51, 50, 8, 1, , 3
2019/8/20, 48, 42, 10, 1, , 3
2019/8/21, 44, 39, 9, 2, 1, 3
2019/8/22, 47, 34, 8, 2, 3, 3
2019/8/23, 45, 35, 11, , 3, 2
2019/8/24, 45, , , , , 
2019/8/29, 40, 27, 6, 1, 7, 3
2019/8/30, 41, 30, 8, 1, 7, 3
2019/8/31, 45, 27, 8, , 7, 3
2019/9/1, 45, 39, 6, , 7, 3
2019/9/2, 50, 13, 3, 1, 9, 3
2019/9/3, 33, 21, 4, 1, 9, 2
2019/9/4, 42, 13, 4, , 8, 2
2019/9/5, 27, 20, 4, 1, 8, 2
2019/9/6, 39, 20, 4, 1, 8, 2
2019/9/7, 35, 17, 6, 1, 8, 2
2019/9/8, 36, 36, 5, , 8, 2
2019/9/9, 54, 32, 5, 1, 8, 2
2019/9/10, 50, 28, 4, 1, 9, 3
2019/9/11, 48, 18, 5, , 11, 2
2019/9/12, 39, 24, 3, , 11, 2
2019/9/13, 45, 38, 3, , 11, 2
2019/9/14, 48, 25, 7, 3, 11, 3
2019/9/15, 45, 26, 4, 1, 10, 2
2019/9/16, 42, 25, 3, 2, 7, 2
2019/9/17, 44, 30, 5, 2, 2, 1
2019/9/18, 57, 24, 16, 4, 2, 2
2019/9/19, 67, 25, 8, 1, 3, 1
2019/9/20, 47, 16, 8, , 2, 
2019/9/21, 40, 24, 7, , 2, 1
2019/9/22, 51, 43, 6, 1, 2, 1
2019/9/23, 63, 47, 5, 1, , 1
2019/9/24, 57, 21, 8, 4, 1, 2
2019/9/25, 52, 27, 9, 2, 3, 3
2019/9/26, 63, 12, 7, , 3, 
2019/9/27, 29, 10, 4, , 1, 
2019/9/28, 31, 13, 4, , 1, 
2019/9/29, 33, 13, 4, , 2, 1
2019/9/30, 28, 27, 2, , 3, 2
2024/3/15, , 82, 4, 6, , 2
2024/1/14, , 40, 4, 4, 6, 1
2024/1/19, , 179, 5, 7, 2, 2
2023/10/1, , 53, 4, , 9, 5
2023/10/2, , 60, 4, , 8, 4
2023/10/3, , 67, 4, , 8, 3
2023/8/6, , 50, 4, , 12, 3
2023/8/7, , 50, 4, , 13, 3
2023/8/8, , 47, 4, , 13, 3
2023/8/11, , 44, 4, , 13, 4
2023/9/6, , 64, 4, , 9, 3
2023/9/7, , 68, 4, , 6, 3
2023/4/2, , 50, 4, , 7, 24
2023/5/21, , 45, 4, , 1, 
2023/1/2, , 100, , 17, 7, 12
2023/1/3, , 111, 1, 13, 8, 12
2023/1/4, , 106, 1, 18, 8, 12
2023/1/5, , 124, 1, 12, 8, 13
2023/1/6, , 142, 1, 13, 8, 13
2023/1/7, , 125, 1, 13, 8, 12
2023/1/8, , 128, 1, 11, 9, 11
2023/1/9, , 82, 1, 10, 9, 9
2023/1/10, , 88, 1, 10, 9, 10
2023/1/11, , 112, 1, 15, 9, 12
2023/1/13, , 184, 1, 9, 8, 6
2023/1/14, , 88, 1, 9, 8, 7
2023/1/15, , 108, 1, 18, 8, 10
2023/1/16, , 118, 1, 15, 8, 11
2023/1/17, , 130, 1, 17, 9, 13
2023/1/18, , 134, 1, 18, 10, 14
2023/3/19, , 57, 4, 2, 8, 12
2022/10/23, , 101, 1, 23, 2, 10
2022/11/9, , 134, 1, 91, 12, 13
2022/11/10, , 94, 1, 57, 8, 10
2022/11/11, , 94, , 54, 7, 9
2022/11/12, , 97, 1, 52, 7, 9
2022/11/13, , 118, 1, 56, 7, 13
2022/11/14, , 126, 1, 63, 8, 14
2022/11/15, , 111, 1, 56, 7, 12
2022/11/16, , 100, 1, 62, 7, 10
2022/11/17, , 80, 1, 51, 7, 8
2022/11/18, , 88, 1, 64, 7, 9
2022/11/19, , 88, 1, 60, 6, 9
2022/11/20, , 80, 1, 48, 6, 8
2022/11/21, , 90, 1, 64, 5, 10
2022/11/22, , 100, 1, 60, 5, 11
2022/11/23, , 108, 1, 58, 5, 12
2022/11/24, , 128, 1, 72, 6, 14
2022/11/25, , 128, 1, 70, 7, 14
2022/11/26, , 125, 1, 61, 8, 14
2022/11/27, , 94, 1, 44, 9, 12
2022/11/28, , 93, 1, 43, 8, 11
2022/11/29, , 117, 1, 67, 9, 13
2022/11/30, , 94, 1, 42, 9, 11
2022/12/1, , 116, 1, 72, 9, 14
2022/12/2, , 112, 1, 65, 10, 13
2022/12/3, , 161, 1, 66, 11, 14
2022/12/4, , 120, 1, 51, 10, 14
2022/12/5, , 149, 1, 75, 11, 16
2022/12/7, , 110, 1, 47, 11, 11
2022/12/8, , 79, 1, 50, 9, 8
2022/12/9, , 88, 1, 68, 8, 11
2022/12/10, , 107, 1, 71, 8, 12
2022/12/11, , 95, 1, 60, 9, 11
2022/12/12, , 83, 1, 62, 11, 10
2022/12/13, , 78, 1, 44, 12, 11
2022/12/14, , 76, 1, 42, 12, 12
2022/12/15, , 110, 1, 80, 12, 15
2022/12/19, , 87, 1, 54, 14, 11
2022/12/20, , 107, 1, 81, 15, 13
2022/12/21, , 128, 1, 84, 15, 14
2022/12/22, , 86, 1, 43, 14, 9
2022/12/23, , 94, 1, 66, 13, 11
2022/12/24, , 102, 1, 59, 13, 11
2022/12/25, , 108, 1, 64, 13, 13
2022/12/26, , 125, 1, 56, 13, 14
2022/12/27, , 122, 1, 15, 8, 14
2022/12/28, , 131, 1, 11, 9, 13
2022/12/29, , 117, 1, 15, 9, 12
2022/12/30, , 94, 1, 12, 8, 10
2022/12/31, , 85, , 11, 7, 9
2022/7/14, , 54, 1, 3, 32, 
2022/8/10, , 46, 1, 3, , 
2022/8/11, , 44, 7, 3, 2, 3
2022/9/25, , 18, , 11, 5, 4
2022/6/14, , 40, 1, 4, 2, 
2022/6/16, , 27, 1, 2, 14, 
2022/6/23, , 20, , 4, 13, 
2022/6/28, , 33, 1, 4, 11, 
2022/1/13, , 89, 6, 4, 6, 7
2022/1/30, , 97, , 18, 2, 6
2021/7/1, , 70, 6, 3, 12, 4
2021/4/25, , 188, , 2, , 4
2021/5/19, , 88, 8, 6, 8, 8
2021/6/10, , 647, 6, 3, , 5
2020/10/25, , 88, 12, 16, 3, 7
2020/10/26, , 45, 7, 23, 4, 7
2020/10/30, , 55, 6, 19, 6, 8
2020/11/6, , 53, 4, 20, 7, 9
2020/7/2, , 149, 2, 5, 1, 1
2020/8/17, , 23, 1, 5, 2, 1
2020/8/18, , 22, 1, 4, 2, 2
2020/8/19, , 22, 1, 5, 3, 2
2020/8/20, , 21, , 4, 2, 2
2020/8/21, , 59, , 4, 2, 2
2020/4/19, , 155, 17, 1, 4, 5
2020/5/17, , 73, 18, , 10, 5
2020/5/18, , 880, 18, 1, 7, 5
2020/5/19, , 20, 16, 5, 6, 5
2020/6/9, , 18, 12, 2, , 3
2019/12/31, , 106, 83, 22, 8, 6
2020/2/10, , 136, 101, 18, 18, 9
2019/7/13, , 35, 3, 1, 3, 1
2019/8/28, , 29, 7, 1, 6, 3