date, pm25, pm10, o3, no2, co
2024/11/1, 80, 29, 11, 11, 
2024/11/2, 65, 15, 14, 8, 
2024/11/3, 50, 23, 9, 10, 
2024/11/4, 42, 28, 8, 16, 
2024/11/5, 68, 32, 10, 15, 
2024/11/6, 72, 31, 11, 11, 
2024/11/7, 61, 37, 8, 15, 
2024/11/8, 82, 40, 11, 11, 
2024/11/9, 89, 40, 11, 12, 
2024/11/10, 80, 24, 21, 13, 
2024/11/11, 65, 30, 3, 14, 
2024/11/12, 70, 30, 3, 14,
2024/10/1, 38, 10, 15, 7, 
2024/10/2, 46, 3, 25, 8, 
2024/10/3, 13, 3, 25, 3, 
2024/10/4, 13, 7, 17, 7, 
2024/10/5, 17, 12, 19, 7, 
2024/10/6, 38, 23, 17, 8, 
2024/10/7, 65, 9, 19, 10, 
2024/10/8, 30, 10, 17, 9, 
2024/10/9, 25, 10, 23, 6, 
2024/10/10, 17, 10, 27, 8, 
2024/10/11, 25, 14, 23, 10, 
2024/10/12, 42, 23, 24, 10, 
2024/10/13, 63, 29, 19, 8, 
2024/10/14, 72, 45, 15, 12, 
2024/10/15, 104, 34, 13, 12, 
2024/10/16, 80, 13, 13, 9, 
2024/10/17, 17, 16, 15, 7, 
2024/10/18, 34, 13, 17, 7, 
2024/10/19, 38, 24, 21, 6, 
2024/10/20, 63, 27, 23, 9, 
2024/10/21, 61, 29, 19, 8, 
2024/10/22, 72, 21, 17, 7, 
2024/10/23, 65, 12, 17, 8, 
2024/10/24, 42, 16, 14, 9, 
2024/10/25, 59, 15, 16, 7, 
2024/10/26, 46, 21, 19, 6, 
2024/10/27, 57, 27, 15, 8, 
2024/10/28, 63, 30, 10, 13, 
2024/10/29, 65, 31, 11, 14, 
2024/10/30, 68, 30, 10, 15, 
2024/10/31, 68, 36, 17, 14, 
2024/7/1, 38, 7, 42, 5, 
2024/7/2, 25, 8, 31, 4, 
2024/7/3, 25, 9, 41, 8, 
2024/7/4, 30, 13, 48, 6, 
2024/7/5, 38, 15, 45, 6, 
2024/7/6, 42, 17, 34, 8, 
2024/7/7, 50, 21, 43, 8, 
2024/7/8, 61, 27, 53, 10, 
2024/7/9, 65, 36, 67, 13, 
2024/7/10, 63, 31, 65, 11, 
2024/7/11, 63, 26, 53, 12, 
2024/7/12, 38, 23, 43, 10, 
2024/7/13, 57, 15, 48, 7, 
2024/7/14, 38, 21, 70, 9, 
2024/7/15, 53, 24, 56, 11, 
2024/7/16, 57, 23, 63, 10, 
2024/7/17, 53, 28, 57, 11, 
2024/7/18, 53, 27, 57, 8, 
2024/7/19, 46, 12, 57, 8, 
2024/7/20, 38, 9, 55, 6, 
2024/7/21, 34, 20, 49, 9, 
2024/7/22, 53, 18, 57, 7, 
2024/7/23, 53, 16, 55, 8, 
2024/7/24, 50, 16, 42, 9, 
2024/7/25, 38, 13, 52, 6, 
2024/7/26, 34, 14, 55, 6, 
2024/7/27, 42, 22, 70, 6, 
2024/7/28, 59, 14, 52, 4, 
2024/7/29, 42, 18, 55, 8, 
2024/7/30, 50, 19, 70, 6, 
2024/7/31, 53, 24, 80, 10, 
2024/8/1, 57, 15, 64, 3, 
2024/8/2, 38, 12, 50, 7, 
2024/8/3, 38, 14, 53, 11, 
2024/8/4, 42, 14, 57, 8, 
2024/8/5, 46, 16, 60, 7, 
2024/8/6, 46, 20, 60, 8, 
2024/8/7, 46, 15, 53, 13, 
2024/8/8, 46, 17, 74, 11, 
2024/8/9, 53, 17, 74, 8, 
2024/8/10, 53, 17, 74, 8, 
2024/8/11, 34, 23, 69, 10, 
2024/8/12, 57, 22, 61, 11, 
2024/8/13, 53, 20, 61, 7, 
2024/8/14, 50, 17, 42, 9, 
2024/8/15, 46, 23, 48, 9, 
2024/8/16, 55, 21, 44, 8, 
2024/8/17, 50, 14, 41, 7, 
2024/8/18, 17, 12, 26, 8, 
2024/8/19, 25, 12, 43, 9, 
2024/8/20, 42, , 57, 9, 
2024/8/21, 55, , 48, 5, 
2024/8/22, 55, 13, 53, 6, 
2024/8/23, 55, 20, 54, 5, 
2024/8/24, 55, 21, 60, 6, 
2024/8/25, 57, 26, 50, 6, 
2024/8/28, 55, , 70, 11, 
2024/8/29, 80, 32, 75, 9, 
2024/8/30, 70, 31, 68, 8, 
2024/8/31, 68, 31, 58, 11, 
2024/9/1, 63, 35, 57, 8, 
2024/9/2, 53, 26, 61, 7, 
2024/9/3, 61, 22, 45, 10, 
2024/9/4, 55, 14, 37, 11, 
2024/9/5, 38, 10, 42, 6, 
2024/9/6, 25, 12, 47, 8, 
2024/9/7, 34, 18, 26, 7, 
2024/9/8, 46, 10, 38, 7, 
2024/9/9, 25, 10, 41, 7, 
2024/9/10, 25, 18, 43, 5, 
2024/9/11, 46, 10, 27, 5, 
2024/9/12, 13, 11, 24, 7, 
2024/9/13, 13, 12, 26, 6, 
2024/9/14, 17, 14, 32, 6, 
2024/9/15, 30, 11, 34, 8, 
2024/9/16, 38, 9, 25, 6, 
2024/9/17, 25, 12, 19, 11, 
2024/9/18, 38, 18, 19, 17, 
2024/9/19, 53, 20, 35, 10, 
2024/9/20, 53, 22, 35, 9, 
2024/9/21, 59, 23, 39, 8, 
2024/9/22, 55, 25, 30, 9, 
2024/9/23, 70, 14, 34, 6, 
2024/9/24, 25, 13, 38, 10, 
2024/9/25, 38, 19, 23, 12, 
2024/9/26, 53, 11, 29, 6, 
2024/9/27, 25, 13, 35, 3, 
2024/9/28, 21, 8, 31, 6, 
2024/9/29, 17, 12, 34, 6, 
2024/9/30, 30, 16, 20, 12, 
2024/4/1, 50, 12, 34, 11, 
2024/4/2, 25, 17, 28, 8, 
2024/4/3, 38, 22, 35, 8, 
2024/4/4, 57, 20, 36, 12, 
2024/4/5, 50, 17, 37, 7, 
2024/4/6, 50, 14, 36, 6, 
2024/4/7, 50, 22, 44, 8, 
2024/4/8, 63, 28, 41, 5, 
2024/4/9, 80, 16, 22, 6, 
2024/4/10, 53, 20, 34, 5, 
2024/4/11, 57, 28, 39, 10, 
2024/4/12, 78, 31, 48, 8, 
2024/4/13, 82, 25, 49, 6, 
2024/4/14, 68, 14, 42, 6, 
2024/4/15, 46, 14, 46, 4, 
2024/4/16, 30, 7, 37, 5, 
2024/4/17, 13, 9, 35, 6, 
2024/4/18, 25, 13, 39, 7, 
2024/4/19, 46, 12, 35, 6, 
2024/4/20, 25, 10, 35, 8, 
2024/4/21, 30, 5, 35, 3, 
2024/4/22, 13, 5, 32, 6, 
2024/4/23, 17, 6, 31, 4, 
2024/4/24, 25, 4, 40, 5, 
2024/4/25, 17, 8, 40, 6, 
2024/4/26, 30, 14, 35, 4, 
2024/4/27, 50, 16, 43, 4, 
2024/4/28, 46, 20, 43, 7, 
2024/4/29, 50, 20, 49, 6, 
2024/4/30, 46, 17, 45, 6, 
2024/5/1, 42, 5, 31, 4, 
2024/5/2, 13, 7, 37, 6, 
2024/5/3, 25, 11, 35, 6, 
2024/5/4, 38, 11, 40, 7, 
2024/5/5, 34, 17, 35, 8, 
2024/5/6, 38, 18, 28, 7, 
2024/5/7, 53, 15, 35, 9, 
2024/5/8, 46, 10, 37, 11, 
2024/5/9, 34, 15, 48, 16, 
2024/5/10, 50, 20, 54, 8, 
2024/5/11, 63, 15, 52, 8, 
2024/5/12, 50, 15, 49, 6, 
2024/5/13, 50, 12, 45, 6, 
2024/5/14, 46, 10, 37, 4, 
2024/5/15, 21, 10, 32, 4, 
2024/5/16, 17, 9, 36, 7, 
2024/5/17, 13, 11, 44, 6, 
2024/5/18, 34, 21, 43, 7, 
2024/5/19, 46, 30, 36, 5, 
2024/5/20, 57, 10, 38, 3, 
2024/5/21, 21, 13, 34, 3, 
2024/5/22, 30, 13, 33, 5, 
2024/5/23, 30, 14, 40, 4, 
2024/5/24, 38, 12, 37, 4, 
2024/5/25, 38, 11, 43, 9, 
2024/5/26, 46, 12, 48, 6, 
2024/5/27, 46, 11, 43, 7, 
2024/5/28, 42, 10, 45, 5, 
2024/5/29, 34, 10, 39, 6, 
2024/5/30, 46, 6, 37, 4, 
2024/5/31, 13, 10, 42, 5, 
2024/6/1, 38, 16, 41, 5, 
2024/6/2, 50, 14, 43, 6, 
2024/6/3, 34, 14, 48, 6, 
2024/6/4, 42, 17, 49, 5, 
2024/6/5, 55, 22, 52, 6, 
2024/6/6, 59, 26, 57, 6, 
2024/6/7, 68, 27, 50, 6, 
2024/6/8, 70, 29, 38, 6, 
2024/6/9, 76, 18, 42, 4, 
2024/6/10, 46, 12, 42, 4, 
2024/6/11, 25, 12, 34, 4, 
2024/6/12, 34, 12, 36, 8, 
2024/6/13, 21, 15, 42, 5, 
2024/6/14, 25, 12, 47, 6, 
2024/6/15, 34, 14, 42, 6, 
2024/6/16, 42, 18, 51, 8, 
2024/6/17, 50, 18, 49, 7, 
2024/6/18, 53, 33, 48, 11, 
2024/6/19, 61, 53, 53, 9, 
2024/6/20, 78, 49, 48, 7, 
2024/6/21, 82, 26, 46, 6, 
2024/6/22, 46, 13, 31, 5, 
2024/6/23, 25, 16, 30, 6, 
2024/6/24, 46, 14, 30, 5, 
2024/6/25, 38, 14, 40, 7, 
2024/6/26, 25, 14, 54, 11, 
2024/6/27, 46, 20, 51, 16, 
2024/6/28, 59, 20, 66, 5, 
2024/6/29, 61, 18, 41, 6, 
2024/6/30, 50, 18, 40, 5, 
2024/1/1, 82, 18, 7, 6, 
2024/1/2, 59, 30, 9, 13, 
2024/1/3, 82, 34, 9, 13, 
2024/1/4, 57, 24, 14, 9, 
2024/1/5, 80, 8, 15, 10, 
2024/1/6, 42, , 16, 8, 
2024/1/8, 50, 21, 21, 5, 
2024/1/9, 55, 26, 18, 14, 
2024/1/10, 70, 41, 11, 19, 
2024/1/11, 112, 36, 8, 19, 
2024/1/12, 102, 46, 4, 17, 
2024/1/13, 129, 40, 3, 17, 
2024/1/14, 119, 52, 6, 17, 
2024/1/15, 149, 33, 10, 15, 
2024/1/16, 99, 30, 14, 16, 
2024/1/17, 99, 25, 10, 15, 
2024/1/18, 82, 29, 21, 11, 
2024/1/19, 78, 17, 23, 11, 
2024/1/20, 57, 36, 13, 14, 
2024/1/21, 99, 42, 12, 19, 
2024/1/22, 109, 49, 11, 23, 
2024/1/23, 85, 59, 5, 19, 
2024/1/24, 157, 53, 12, 19, 
2024/1/25, 139, 40, 4, 20, 
2024/1/26, 93, 48, 4, 26, 
2024/1/27, 99, 30, 15, 11, 
2024/1/28, 70, 49, 9, 14, 
2024/1/29, 117, 30, 5, 16, 
2024/1/30, 78, 49, 7, 27, 
2024/1/31, 149, 50, 4, 27, 
2024/2/1, 147, 52, 12, 23, 
2024/2/2, 152, 60, 12, 21, 
2024/2/3, 159, 66, 15, 16, 
2024/2/4, 165, 67, 16, 14, 
2024/2/5, 164, 53, 13, 14, 
2024/2/6, 132, 52, 13, 16, 
2024/2/7, 147, 43, 12, 12, 
2024/2/8, 117, 53, 9, 15, 
2024/2/9, 153, 29, 23, 12, 
2024/2/10, 70, 10, 24, 6, 
2024/2/11, 34, 13, 22, 7, 
2024/2/12, 50, 35, 13, 14, 
2024/2/13, 93, 45, 11, 21, 
2024/2/14, 80, 50, 17, 16, 
2024/2/15, 132, 45, 20, 12, 
2024/2/16, 122, 58, 18, 16, 
2024/2/17, 155, 56, 28, 12, 
2024/2/18, 152, 58, 26, 12, 
2024/2/19, 154, 40, 24, 10, 
2024/2/20, 109, 37, 26, 14, 
2024/2/21, 104, 38, 13, 17, 
2024/2/22, 122, 6, 28, 9, 
2024/2/23, 25, 9, 19, 10, 
2024/2/24, 34, 10, 27, 9, 
2024/2/25, 53, 16, 29, 10, 
2024/2/26, 61, 10, 30, 7, 
2024/2/27, 34, 11, 26, 6, 
2024/2/28, 30, 21, 19, 9, 
2024/2/29, 53, 20, 26, 6, 
2024/3/1, 55, 11, 26, 6, 
2024/3/2, 30, 8, 32, 5, 
2024/3/3, 30, 11, 32, 7, 
2024/3/4, 30, 15, 24, 8, 
2024/3/5, 55, 13, 26, 6, 
2024/3/6, 42, 14, 29, 7, 
2024/3/7, 50, 13, 24, 8, 
2024/3/8, 53, 11, 25, 6, 
2024/3/9, 42, 7, 30, 6, 
2024/3/10, 34, 13, 25, 10, 
2024/3/11, 50, 15, 26, 9, 
2024/3/12, 55, 25, 24, 9, 
2024/3/13, 72, 30, 37, 9, 
2024/3/14, 87, 23, 32, 10, 
2024/3/15, 70, 18, 32, 9, 
2024/3/16, 57, 30, 34, 8, 
2024/3/17, 89, 40, 26, 7, 
2024/3/18, 107, 19, 28, 6, 
2024/3/19, 57, 25, 28, 8, 
2024/3/20, 72, , 34, 11, 
2024/3/22, 68, 20, 38, 13, 
2024/3/23, 61, 8, 38, 4, 
2024/3/24, 17, 10, 38, 8, 
2024/3/25, 38, 6, 32, 6, 
2024/3/26, 34, 7, 31, 5, 
2024/3/27, 25, 8, 24, 7, 
2024/3/28, 25, 20, 25, 7, 
2024/3/29, 59, 55, 34, 4, 
2024/3/30, 55, 63, 32, 4, 
2024/3/31, 72, 39, 26, 3, 
2023/10/1, 65, 34, 43, 9, 
2023/10/2, 68, 42, 46, 7, 
2023/10/3, 80, 33, 34, 5, 
2023/10/4, 70, 26, 33, 7, 
2023/10/5, 46, 41, 38, 6, 
2023/10/6, 55, 48, 41, 11, 
2023/10/7, 89, 43, 31, 8, 
2023/10/8, 82, 53, 28, 12, 
2023/10/9, 85, 53, 42, 6, 
2023/10/10, 99, 50, 35, 6, 
2023/10/11, 80, 62, 36, 11, 
2023/10/12, 109, 46, 32, 8, 
2023/10/13, 74, 40, 32, 6, 
2023/10/14, 55, 24, 25, 6, 
2023/10/15, 46, 21, 24, 5, 
2023/10/16, 34, 20, 24, 6, 
2023/10/17, 34, 23, 15, 9, 
2023/10/18, 53, 17, 9, 10, 
2023/10/19, 55, 18, 16, 8, 
2023/10/20, 25, 7, 18, 9, 
2023/10/21, 13, 13, 25, 11, 
2023/10/22, 30, 18, 23, 12, 
2023/10/23, 42, 17, 18, 9, 
2023/10/24, 46, 15, 16, 9, 
2023/10/25, 42, 24, 9, 10, 
2023/10/26, 65, 10, 25, 6, 
2023/10/27, 21, 15, 26, 7, 
2023/10/28, 30, 19, 19, 7, 
2023/10/29, 46, 16, 18, 6, 
2023/10/30, 38, 10, 28, 9, 
2023/10/31, 21, 13, 13, 9, 
2023/11/1, 50, 6, 15, 8, 
2023/11/2, 25, 5, 26, 8, 
2023/11/3, 13, 6, 22, 11, 
2023/11/5, 34, , 18, 9, 
2023/11/7, 68, 35, 16, 17, 
2023/11/8, 74, 34, 11, 16, 
2023/11/9, 85, 15, 16, 9, 
2023/11/10, 55, 18, 15, 11, 
2023/11/11, 59, 21, 13, 10, 
2023/11/12, 68, 36, 11, 15, 
2023/11/13, 93, 44, 13, 13, 
2023/11/14, 117, 39, 10, 15, 
2023/11/15, 93, 39, 5, 13, 
2023/11/16, 91, 27, 12, 14, 
2023/11/17, 70, 18, 16, 13, 
2023/11/18, 53, 30, 13, 12, 
2023/11/19, 85, 47, 10, 12, 
2023/11/20, 124, 36, 9, 13, 
2023/11/21, 97, 15, 18, 12, 
2023/11/22, 46, 19, 12, 18, 
2023/11/23, 57, 30, 9, 17, 
2023/11/24, 82, 22, 23, 15, 
2023/11/25, 65, 14, 18, 12, 
2023/11/26, 42, 28, 8, 15, 
2023/11/27, 80, 33, 14, 17, 
2023/11/28, 89, 34, 5, 17, 
2023/11/29, 93, 15, 7, 10, 
2023/11/30, 59, 22, 7, 17, 
2023/12/1, 65, , , , 
2023/12/4, 70, 30, 3, 14, 
2023/12/5, 80, 30, 7, 17, 
2023/12/6, 91, 34, 3, 17, 
2023/12/7, 95, 41, 3, 16, 
2023/12/8, 114, 34, 5, 12, 
2023/12/9, 97, 24, 14, 8, 
2023/12/10, 76, 30, 7, 11, 
2023/12/11, 65, 26, 3, 12, 
2023/12/12, 80, 30, 3, 15, 
2023/12/13, 89, 30, 6, 14, 
2023/12/14, 72, 26, 3, 15, 
2023/12/15, 65, 29, 12, 12, 
2023/12/16, 78, 42, 7, 13, 
2023/12/17, 109, 46, 7, 18, 
2023/12/18, 124, 40, 6, 22, 
2023/12/19, 109, 44, 3, 20, 
2023/12/20, 117, 35, 3, 19, 
2023/12/21, 109, 7, 25, 21, 
2023/12/22, 34, 10, 16, 5, 
2023/12/23, 34, 30, 13, 10, 
2023/12/24, 87, 46, 11, 10, 
2023/12/25, 104, 40, 8, 9, 
2023/12/26, 97, 50, 3, 10, 
2023/12/27, 119, 52, 3, 16, 
2023/12/28, 139, 49, 3, 13, 
2023/12/29, 132, 50, 3, 11, 
2023/12/30, 137, 57, 7, 12, 
2023/12/31, 154, 26, 6, 10, 
2023/7/1, 53, 16, 52, 4, 
2023/7/2, 50, 17, 45, 4, 
2023/7/3, 53, 10, 48, 5, 
2023/7/4, 30, 14, 46, 6, 
2023/7/5, 38, 13, 37, 6, 
2023/7/6, 30, 19, 45, 9, 
2023/7/7, 46, 18, 50, 7, 
2023/7/8, 50, 22, 70, 6, 
2023/7/9, 57, 23, 72, 6, 
2023/7/10, 59, 24, 56, 6, 
2023/7/11, 55, 22, 49, 3, 
2023/7/12, 53, 24, 46, 6, 
2023/7/13, 38, 16, 48, 7, 
2023/7/14, 30, 21, 50, 6, 
2023/7/15, 46, 22, 45, 9, 
2023/7/16, 50, 29, 58, 6, 
2023/7/17, 55, 29, 57, 6, 
2023/7/18, 57, 29, 60, 6, 
2023/7/19, 57, 18, 58, 6, 
2023/7/20, 46, 14, 45, 4, 
2023/7/21, 38, 10, 45, 5, 
2023/7/22, 34, 16, 48, 6, 
2023/7/23, 46, , 42, 5, 
2023/7/24, 55, , 42, 6, 
2023/7/27, 21, 17, 53, 6, 
2023/7/28, 42, 16, 45, 5, 
2023/7/29, 46, 8, 48, 4, 
2023/7/30, 25, 7, 47, 5, 
2023/7/31, 21, 16, 43, 4, 
2023/8/1, 38, 13, 47, 4, 
2023/8/2, 30, 16, 33, 6, 
2023/8/3, 30, 16, 29, 7, 
2023/8/4, 30, 7, 29, 4, 
2023/8/5, 17, 11, 39, 5, 
2023/8/6, 25, 15, 39, 6, 
2023/8/7, 25, 12, 43, 6, 
2023/8/8, 34, 14, 44, 6, 
2023/8/9, 30, 14, 50, 4, 
2023/8/10, 38, 13, 51, 3, 
2023/8/11, 42, 13, 51, 4, 
2023/8/12, 38, 13, 53, 4, 
2023/8/13, 46, 19, 45, 6, 
2023/8/14, 53, 19, 51, 3, 
2023/8/15, 59, 24, 49, 4, 
2023/8/16, 65, 28, 48, 5, 
2023/8/17, 63, 22, 55, 6, 
2023/8/18, 59, 22, 54, 6, 
2023/8/19, 59, 20, 47, 5, 
2023/8/20, 59, 26, 54, 6, 
2023/8/21, 61, 29, 61, 7, 
2023/8/22, 57, 27, 61, 5, 
2023/8/23, 55, 23, 52, 5, 
2023/8/24, 57, 24, 56, 3, 
2023/8/25, 57, 30, 48, 5, 
2023/8/26, 63, 25, 33, 5, 
2023/8/27, 50, 11, 33, 3, 
2023/8/28, 25, 7, 27, 5, 
2023/8/29, 13, 8, 30, 5, 
2023/8/30, 13, 20, 36, 8, 
2023/8/31, 38, 21, 43, 6, 
2023/9/1, 50, 21, 49, 6, 
2023/9/2, 50, 23, 54, 5, 
2023/9/3, 57, 16, 36, 4, 
2023/9/4, 46, 17, 41, 6, 
2023/9/5, 38, 18, 43, 7, 
2023/9/6, 38, 20, 46, 7, 
2023/9/7, 46, 23, 49, 6, 
2023/9/8, 53, 26, 52, 7, 
2023/9/9, 57, 25, 50, 6, 
2023/9/10, 59, 31, 62, 7, 
2023/9/11, 63, 36, 64, 8, 
2023/9/12, 70, 26, 42, 5, 
2023/9/13, 63, 20, 41, 6, 
2023/9/14, 53, 11, 31, 7, 
2023/9/15, 34, 19, 32, 9, 
2023/9/16, 50, 20, 37, 5, 
2023/9/17, 53, 30, 22, 7, 
2023/9/18, 61, 30, 37, 7, 
2023/9/19, 50, 21, 25, 6, 
2023/9/20, 38, 17, 33, 4, 
2023/9/21, 38, 21, 20, 6, 
2023/9/22, 42, 15, 32, 7, 
2023/9/23, 17, 11, 29, 5, 
2023/9/24, 17, 18, 34, 7, 
2023/9/25, 34, 35, 39, 8, 
2023/9/26, 59, 30, 41, 8, 
2023/9/27, 57, 32, 43, 8, 
2023/9/28, 63, , 45, 9, 
2023/9/29, 74, 39, 48, 9, 
2023/9/30, 74, 30, 43, 6, 
2023/4/1, 46, 18, 26, 6, 
2023/4/2, 57, 11, 33, 6, 
2023/4/3, 25, 18, 37, 5, 
2023/4/4, 42, 20, 37, 9, 
2023/4/5, 50, 25, 36, 10, 
2023/4/6, 63, 28, 39, 14, 
2023/4/7, 70, 19, 41, 6, 
2023/4/8, 59, 10, 33, 4, 
2023/4/9, 42, 9, 34, 4, 
2023/4/10, 34, 13, 38, 9, 
2023/4/11, 46, 10, 31, 6, 
2023/4/12, 46, 7, 27, 4, 
2023/4/13, 30, 4, 26, 6, 
2023/4/14, 17, 9, 39, 4, 
2023/4/15, 21, 10, 37, 5, 
2023/4/16, 25, 15, 20, 9, 
2023/4/17, 55, 13, 35, 6, 
2023/4/18, 50, 10, 35, 6, 
2023/4/19, 34, 8, 31, 5, 
2023/4/20, 34, 10, 32, 6, 
2023/4/21, 38, 17, 36, 8, 
2023/4/22, 59, 14, 41, 7, 
2023/4/23, 50, 12, 36, 4, 
2023/4/24, 38, 6, 37, 3, 
2023/4/25, 13, 10, 37, 6, 
2023/4/26, 25, 11, 40, 5, 
2023/4/27, 34, 12, 39, 6, 
2023/4/28, 38, 20, 30, 4, 
2023/4/29, 61, 13, 37, 3, 
2023/4/30, 53, 9, 32, 4, 
2023/5/1, 34, 5, 31, 3, 
2023/5/3, 17, 15, 38, 6, 
2023/5/4, 46, 14, 43, 6, 
2023/5/5, 42, 16, 49, 5, 
2023/5/6, 53, 11, 45, 4, 
2023/5/7, 50, 10, 38, 5, 
2023/5/8, 34, 11, 36, 4, 
2023/5/9, 42, 6, 28, 3, 
2023/5/10, 25, 3, 25, 3, 
2023/5/11, 13, , , , 
2023/5/17, 13, 12, 35, 3, 
2023/5/18, 21, 13, 19, 3, 
2023/5/19, 30, 19, 24, 3, 
2023/5/20, 55, 19, 41, 3, 
2023/5/21, 57, 19, 43, 5, 
2023/5/22, 57, 21, 43, 8, 
2023/5/23, 61, , 44, , 
2023/5/26, 57, 16, 43, 5, 
2023/5/27, 50, 16, 44, 4, 
2023/5/28, 57, 17, 44, 4, 
2023/5/29, 50, 17, 45, 6, 
2023/5/30, 46, 16, 49, 3, 
2023/5/31, 42, , 47, 5, 
2023/6/2, 59, 13, , , 
2023/6/3, 34, 18, 41, 3, 
2023/6/4, 42, 14, 30, 3, 
2023/6/5, 30, 12, 37, 4, 
2023/6/6, 34, 18, 37, 5, 
2023/6/7, 38, 18, 45, 7, 
2023/6/8, 50, 19, 42, 5, 
2023/6/9, 50, 18, 23, 4, 
2023/6/10, 38, 19, 45, 5, 
2023/6/11, 38, 12, 43, 4, 
2023/6/12, 42, 12, 42, 3, 
2023/6/13, 25, 15, 46, 6, 
2023/6/14, 42, 14, 51, 4, 
2023/6/15, 42, 22, 52, 4, 
2023/6/16, 53, 23, 52, 6, 
2023/6/17, 53, 20, 53, 6, 
2023/6/18, 57, 20, 54, 5, 
2023/6/19, 55, 26, 55, 5, 
2023/6/20, 61, 26, 55, 7, 
2023/6/21, 59, 34, 65, 6, 
2023/6/22, 70, 31, 50, 5, 
2023/6/23, 59, 21, 50, 5, 
2023/6/24, 38, 15, 45, 6, 
2023/6/25, 34, 24, 52, 11, 
2023/6/26, 53, 23, 66, 6, 
2023/6/27, 57, 12, 42, 3, 
2023/6/28, 34, 14, 48, 7, 
2023/6/29, 34, 16, 34, 5, 
2023/6/30, 50, 20, 47, 7, 
2023/1/2, 59, 26, 8, 6, 
2023/1/3, 61, 24, 5, 15, 
2023/1/4, 76, 24, 11, 9, 
2023/1/5, 70, 30, 10, 8, 
2023/1/6, 76, 30, 10, 4, 
2023/1/7, 82, 32, 10, 8, 
2023/1/8, 91, 12, 11, 11, 
2023/1/9, 53, 11, 16, 13, 
2023/1/10, 38, 24, 10, 15, 
2023/1/11, 70, 42, 6, 19, 
2023/1/12, 104, 57, 3, 23, 
2023/1/13, 149, 47, 9, 19, 
2023/1/14, 112, 49, 4, 12, 
2023/1/15, 127, 23, 12, 14, 
2023/1/16, 68, 16, 16, 13, 
2023/1/17, 59, 21, 11, 12, 
2023/1/18, 72, 22, 17, 11, 
2023/1/19, 68, 24, 16, 10, 
2023/1/20, 63, 35, 5, 15, 
2023/1/21, 87, 15, 21, 11, 
2023/1/22, 42, 14, 22, 9, 
2023/1/23, 50, 13, 18, 9, 
2023/1/24, 46, 13, 26, 7, 
2023/1/25, 46, 13, 25, 6, 
2023/1/26, 50, 11, 23, 11, 
2023/1/27, 46, 21, 16, 11, 
2023/1/28, 65, 30, 15, 17, 
2023/1/29, 87, 40, 17, 17, 
2023/1/30, 102, 54, 15, 22, 
2023/1/31, 144, 51, 12, 18, 
2023/2/1, 129, 31, 20, 22, 
2023/2/2, 78, 56, 16, 19, 
2023/2/3, 139, 55, 14, 15, 
2023/2/4, 149, 15, 26, 4, 
2023/2/5, 34, 21, 23, 11, 
2023/2/6, 59, 28, 22, 12, 
2023/2/7, 74, 29, 27, 10, 
2023/2/8, 76, 26, 27, 13, 
2023/2/9, 72, 44, 17, 23, 
2023/2/10, 112, 49, 19, 23, 
2023/2/11, 122, 58, 23, 23, 
2023/2/12, 154, 53, 26, 15, 
2023/2/13, 147, 60, 28, 22, 
2023/2/14, 154, 61, 17, 23, 
2023/2/15, 154, 65, 24, 16, 
2023/2/16, 159, 30, 27, 12, 
2023/2/17, 78, 38, 25, 8, 
2023/2/18, 89, 35, 20, 8, 
2023/2/19, 97, 55, 24, 9, 
2023/2/20, 152, 55, 19, 15, 
2023/2/21, 149, 67, 16, 12, 
2023/2/22, 160, 52, 17, 10, 
2023/2/23, 132, 30, 19, 11, 
2023/2/24, 76, 47, 19, 11, 
2023/2/25, 114, 13, 30, 9, 
2023/2/26, 42, 12, 29, 3, 
2023/2/27, 30, 20, 28, 6, 
2023/2/28, 55, 24, 21, 10, 
2023/3/1, 61, 19, 16, 10, 
2023/3/2, 61, 22, 24, 11, 
2023/3/3, 68, 30, 28, 11, 
2023/3/4, 85, 32, 31, 16, 
2023/3/5, 89, 23, 30, 10, 
2023/3/6, 70, 14, 33, 11, 
2023/3/7, 53, 19, 28, 11, 
2023/3/8, 53, 25, 29, 10, 
2023/3/9, 65, 21, 30, 9, 
2023/3/10, 61, 15, 30, 7, 
2023/3/11, 46, 17, 30, 5, 
2023/3/12, 38, 19, 28, 6, 
2023/3/13, 59, , 22, 6, 
2023/3/15, 46, 19, 33, 7, 
2023/3/16, 50, 20, 36, 20, 
2023/3/17, 55, 28, 37, 23, 
2023/3/18, 74, 24, 36, , 
2023/3/19, 76, 22, 31, , 
2023/3/20, 72, 29, 35, 8, 
2023/3/21, 76, 30, 34, 9, 
2023/3/22, 82, 32, 32, 8, 
2023/3/23, 85, 15, 30, , 
2023/3/24, 42, 12, 34, 27, 
2023/3/25, 25, 10, 30, , 
2023/3/26, 42, 10, 35, , 
2023/3/27, 34, 12, 33, 12, 
2023/3/28, 42, 22, 33, 11, 
2023/3/29, 61, 28, 31, 9, 
2023/3/30, 72, 22, 30, 9, 
2023/3/31, 61, 13, 31, 9, 
2022/10/1, 38, 18, 26, 6, 
2022/10/2, 46, 27, 32, 5, 
2022/10/3, 57, 21, 28, , 
2022/10/4, 53, 17, 32, 6, 
2022/10/5, 46, 26, 36, 6, 
2022/10/6, 59, 31, 32, 6, 
2022/10/7, 65, 34, 35, 11, 
2022/10/8, 78, 25, 32, 3, 
2022/10/9, 61, 21, 29, 7, 
2022/10/10, 42, 36, 25, 10, 
2022/10/11, 70, 34, 33, 8, 
2022/10/12, 57, 37, 30, 9, 
2022/10/13, 63, 47, 32, 8, 
2022/10/14, 93, 47, 35, 7, 
2022/10/15, 97, 37, 34, 3, 
2022/10/16, 89, 45, 28, 8, 
2022/10/17, 82, 55, 30, 9, 
2022/10/18, 114, 57, 28, 9, 
2022/10/19, 119, 43, 25, 10, 
2022/10/20, 87, 28, 12, 11, 
2022/10/21, 57, 27, 19, 7, 
2022/10/22, 57, 20, 19, 6, 
2022/10/23, 53, 29, 15, 10, 
2022/10/24, 55, 20, 24, 7, 
2022/10/25, 46, 35, 20, 9, 
2022/10/26, 59, 41, 19, 13, 
2022/10/27, 72, 52, 21, 14, 
2022/10/28, 93, 44, 24, 12, 
2022/10/29, 80, 39, 24, 11, 
2022/10/30, 76, 45, 16, , 
2022/10/31, 78, 42, 12, , 
2022/11/1, 85, 31, 7, , 
2022/11/2, 76, 44, 8, 11, 
2022/11/3, 99, 12, 26, 12, 
2022/11/4, 30, 16, 15, 17, 
2022/11/5, 53, 24, 14, 17, 
2022/11/6, 70, 33, 11, 21, 
2022/11/7, 85, 40, 8, 18, 
2022/11/8, 95, 49, 8, 15, 
2022/11/9, 122, 50, 3, 13, 
2022/11/10, 114, 36, 4, 16, 
2022/11/11, 78, 38, 4, 13, 
2022/11/12, 82, 20, 20, 7, 
2022/11/13, 57, 20, 13, 11, 
2022/11/14, 63, 24, 3, 12, 
2022/11/15, 68, 10, 7, 8, 
2022/11/16, 42, 17, 9, 9, 
2022/11/17, 61, 31, 10, 14, 
2022/11/18, 82, 23, 6, 11, 
2022/11/19, 63, 28, 10, 10, 
2022/11/20, 76, 34, 9, 11, 
2022/11/21, 93, 7, 24, 6, 
2022/11/23, 63, 33, 6, 19, 
2022/11/24, 89, 41, 7, 14, 
2022/11/25, 102, 50, 3, 14, 
2022/11/26, 117, 30, 13, 12, 
2022/11/27, 80, 30, 5, 13, 
2022/11/28, 80, 22, 13, 12, 
2022/11/29, 68, 20, 13, 13, 
2022/11/30, 65, 37, 3, 13, 
2022/12/1, 95, 10, 7, 9, 
2022/12/2, 42, 9, 12, 6, 
2022/12/3, 38, 10, 13, 7, 
2022/12/4, 38, 13, 8, 10, 
2022/12/5, 42, 18, 6, 19, 
2022/12/6, 55, 25, 3, 19, 
2022/12/7, 63, 31, 3, 17, 
2022/12/8, 78, 20, 12, 19, 
2022/12/9, 61, 24, 9, 11, 
2022/12/10, 78, 11, 16, 9, 
2022/12/11, 46, 17, 11, 10, 
2022/12/12, 46, 26, 8, 13, 
2022/12/13, 76, 31, 7, 17, 
2022/12/14, 85, 29, 7, 20, 
2022/12/15, 87, 19, 7, 19, 
2022/12/16, 65, 31, 3, 15, 
2022/12/17, 87, 22, 9, 11, 
2022/12/18, 63, 41, 5, 11, 
2022/12/19, 87, 50, 3, 14, 
2022/12/20, 122, 43, 3, 16, 
2022/12/21, 114, 35, 4, 13, 
2022/12/22, 97, 39, 4, 13, 
2022/12/23, 107, 56, 3, 15, 
2022/12/24, 144, 40, 5, 11, 
2022/12/25, 99, 42, 4, 11, 
2022/12/26, 107, 41, 3, 12, 
2022/12/27, 95, 45, 3, 11, 
2022/12/28, 104, 42, 3, 13, 
2022/12/29, 85, 41, 6, 15, 
2022/12/30, 99, 45, 4, 12, 
2022/12/31, 112, 44, 4, 9, 
2023/1/1, 112, 23, 10, 5, 
2022/7/1, 53, 30, 63, 11, 
2022/7/2, 57, 30, 63, 14, 
2022/7/3, 57, 30, 70, 9, 
2022/7/4, 57, 19, 55, 11, 
2022/7/5, 34, 14, 50, 15, 
2022/7/6, 30, 20, 53, 11, 
2022/7/7, 42, 10, 41, 9, 
2022/7/8, 17, 10, 38, 11, 
2022/7/9, 25, 11, 45, 9, 
2022/7/10, 30, 12, 43, 6, 
2022/7/11, 30, 11, 41, 5, 
2022/7/12, 21, 12, 45, 6, 
2022/7/13, 30, 16, 57, 10, 
2022/7/14, 34, 24, 81, 13, 
2022/7/15, 53, 17, 61, 7, 
2022/7/16, 46, 18, 54, 6, 
2022/7/17, 50, 20, 57, 8, 
2022/7/18, 50, 20, 58, 12, 
2022/7/19, 42, 20, 69, 17, 
2022/7/20, 42, 18, 51, 7, 
2022/7/21, 42, 24, 58, 7, 
2022/7/22, 59, 34, 75, 11, 
2022/7/23, 65, 19, 68, 9, 
2022/7/24, 53, 28, 64, 8, 
2022/7/25, 57, , 61, 5, 
2022/7/27, 25, 18, 52, 12, 
2022/7/28, 46, 18, 52, 9, 
2022/7/29, 34, 12, 49, 6, 
2022/7/30, 34, 13, 50, 7, 
2022/7/31, 38, 20, 66, 9, 
2022/8/1, 50, 14, 53, 15, 
2022/8/2, 34, 20, 48, 11, 
2022/8/3, 38, 19, 55, 8, 
2022/8/4, 34, 20, 72, 9, 
2022/8/5, 42, 23, 68, 8, 
2022/8/6, 50, 10, , , 
2022/8/7, 25, 18, , , 
2022/8/8, 46, 18, 47, 7, 
2022/8/9, 34, 18, 47, 8, 
2022/8/10, 42, 19, 48, 6, 
2022/8/11, 42, 13, 42, 6, 
2022/8/12, 30, 10, 45, 5, 
2022/8/13, 17, 8, 49, 8, 
2022/8/14, 25, 15, 55, 6, 
2022/8/15, 38, 11, 53, 3, 
2022/8/16, 34, 16, 46, 4, 
2022/8/17, 42, 10, 32, 6, 
2022/8/18, 13, 10, 36, 4, 
2022/8/19, 17, 12, 47, 7, 
2022/8/20, 30, 10, 52, 7, 
2022/8/21, 25, 10, 43, 6, 
2022/8/22, 25, 13, 43, 6, 
2022/8/23, 30, 14, 44, 6, 
2022/8/24, 34, 23, 49, 7, 
2022/8/25, 46, 26, 53, 9, 
2022/8/26, 55, 20, 37, 6, 
2022/8/27, 42, 16, 44, 4, 
2022/8/28, 42, 25, 45, 5, 
2022/8/29, 50, 19, 45, 6, 
2022/8/30, 42, 11, 43, 5, 
2022/8/31, 25, 12, 37, 5, 
2022/9/1, 25, 16, 39, 6, 
2022/9/2, 25, 17, 36, 6, 
2022/9/3, 38, 15, 42, 5, 
2022/9/4, 38, 20, 43, 5, 
2022/9/5, 38, , 46, 5, 
2022/9/6, 46, , 44, 5, 
2022/9/9, 30, 10, 40, 5, 
2022/9/10, 21, 10, 41, 6, 
2022/9/11, 25, 13, 46, 6, 
2022/9/12, 30, 20, 50, 6, 
2022/9/13, 38, 25, 36, 10, 
2022/9/14, 50, 23, 25, 8, 
2022/9/15, 34, 20, 37, 6, 
2022/9/16, 30, 6, 26, 6, 
2022/9/17, 13, 9, 29, 8, 
2022/9/18, 21, 14, 34, 10, 
2022/9/19, 34, 16, 33, 7, 
2022/9/20, 30, 10, 32, 5, 
2022/9/21, 21, 14, 35, 8, 
2022/9/22, 30, 16, 34, 12, 
2022/9/23, 38, 14, 28, 8, 
2022/9/24, 42, 14, 26, 4, 
2022/9/25, 46, 10, 34, 8, 
2022/9/26, 38, 11, 32, 8, 
2022/9/27, 30, 7, 25, 6, 
2022/9/28, 17, 10, 26, 6, 
2022/9/29, 25, 10, 18, 6, 
2022/9/30, 25, 16, 24, 5, 
2022/4/1, 38, 8, 37, 4, 
2022/4/2, 13, 15, 31, 5, 
2022/4/3, 42, 20, 36, 6, 
2022/4/4, 57, 28, 44, 10, 
2022/4/5, 76, 17, 46, 6, 
2022/4/6, 55, 17, 44, 7, 
2022/4/7, 59, 8, 35, 6, 
2022/4/8, 17, 11, 37, 3, 
2022/4/9, 21, 10, 37, 6, 
2022/4/10, 25, 17, 41, 6, 
2022/4/11, 46, 27, 46, 6, 
2022/4/12, 55, 17, 46, 7, 
2022/4/13, 50, 19, 55, 9, 
2022/4/14, 53, 13, 49, 7, 
2022/4/15, 38, 15, 39, 8, 
2022/4/16, 50, 13, 41, 5, 
2022/4/17, 34, 12, 41, 6, 
2022/4/18, 34, 14, 44, 7, 
2022/4/19, 42, 10, 41, 5, 
2022/4/20, 25, 5, 39, 6, 
2022/4/21, 21, 4, 34, 5, 
2022/4/23, 25, 3, 34, 5, 
2022/4/24, 13, 10, 37, 6, 
2022/4/25, 30, 14, 32, 5, 
2022/4/26, 38, 12, 37, 6, 
2022/4/27, 34, 12, 42, 7, 
2022/4/28, 38, 17, 45, 7, 
2022/4/29, 46, 18, 46, 8, 
2022/4/30, 53, 15, 35, 5, 
2022/5/1, 50, 10, 39, 6, 
2022/5/2, 46, 18, 39, 7, 
2022/5/3, 46, 17, 37, 5, 
2022/5/4, 50, 22, 33, 5, 
2022/5/5, 63, 10, 38, 3, 
2022/5/6, 30, 12, 32, 4, 
2022/5/7, 46, 17, 36, 5, 
2022/5/8, 50, 20, 43, 10, 
2022/5/9, 53, 24, 41, 7, 
2022/5/10, 59, 26, 45, 9, 
2022/5/11, 57, 16, 45, 5, 
2022/5/12, 38, 19, 41, 7, 
2022/5/13, 42, 21, 54, 5, 
2022/5/14, 50, 19, 50, 6, 
2022/5/15, 55, 25, 50, 5, 
2022/5/16, 59, 21, 47, 5, 
2022/5/17, 53, 20, 40, 3, 
2022/5/18, 42, 20, 47, 3, 
2022/5/19, 34, 23, 59, 4, 
2022/5/20, 42, 27, 50, 4, 
2022/5/21, 50, 23, 57, 4, 
2022/5/22, 53, 22, 47, 4, 
2022/5/23, 53, 22, 45, 4, 
2022/5/24, 50, 24, 41, 5, 
2022/5/25, 50, 33, 40, 5, 
2022/5/26, 57, 32, 47, 5, 
2022/5/27, 57, 21, 39, 4, 
2022/5/28, 38, 8, 30, 4, 
2022/5/29, 13, 8, 30, 5, 
2022/5/30, 17, 17, 35, 6, 
2022/5/31, 38, 21, 43, 9, 
2022/6/1, 53, 29, 53, 9, 
2022/6/2, 63, 28, 33, 14, 
2022/6/3, 61, 30, 41, 9, 
2022/6/4, 59, 32, 43, 7, 
2022/6/5, 59, 20, 49, 5, 
2022/6/6, 46, 16, 37, 5, 
2022/6/7, 30, 12, 39, 7, 
2022/6/8, 25, 11, 36, 6, 
2022/6/9, 17, 13, 39, 7, 
2022/6/10, 25, 17, 46, 9, 
2022/6/11, 42, 15, 50, 9, 
2022/6/12, 50, 17, 60, 7, 
2022/6/13, 53, 16, 46, 6, 
2022/6/14, 42, 20, 53, 6, 
2022/6/15, 42, 27, 74, 6, 
2022/6/16, 59, 21, 67, 5, 
2022/6/17, 57, 19, 53, 6, 
2022/6/18, 53, 17, 53, 8, 
2022/6/19, 46, 21, 58, 6, 
2022/6/20, 46, 26, 58, 11, 
2022/6/21, 57, 26, 41, 15, 
2022/6/22, 57, 42, 45, 11, 
2022/6/23, 63, 28, 41, 7, 
2022/6/24, 46, 19, 46, 6, 
2022/6/25, 42, 20, 44, 6, 
2022/6/26, 46, 29, 40, 6, 
2022/6/27, 42, 31, 32, 9, 
2022/6/28, 53, 21, 46, 6, 
2022/6/29, 42, 29, 61, 11, 
2022/6/30, 57, 25, , , 
2022/1/3, 55, 27, 4, 15, 
2022/1/4, 55, 25, 6, 17, 
2022/1/5, 68, 8, 25, 11, 
2022/1/6, 34, 17, 16, 11, 
2022/1/7, 63, 35, 7, 14, 
2022/1/8, 95, 46, 4, 14, 
2022/1/9, 124, 49, 3, 18, 
2022/1/10, 134, 49, 3, 19, 
2022/1/11, 127, , 9, 18, 
2022/1/13, 124, 41, 10, 25, 
2022/1/14, 107, 44, 7, 23, 
2022/1/15, 127, 53, 9, 21, 
2022/1/16, 153, 39, 12, 21, 
2022/1/17, 104, 48, 7, 17, 
2022/1/18, 119, 44, 3, 17, 
2022/1/19, 93, 43, 4, 17, 
2022/1/20, 89, 43, 7, 16, 
2022/1/21, 99, 40, 15, 17, 
2022/1/22, 99, 55, 9, 14, 
2022/1/23, 107, 38, 6, 11, 
2022/1/24, 76, 39, 16, 11, 
2022/1/25, 80, 54, 15, 11, 
2022/1/26, 122, 37, 10, 8, 
2022/1/27, 80, 26, 8, 15, 
2022/1/28, 61, 27, 4, 16, 
2022/1/29, 80, 40, 13, 16, 
2022/1/30, 122, 49, 13, 16, 
2022/1/31, 129, 8, 19, 17, 
2022/2/1, 17, 30, 15, 12, 
2022/2/2, 78, 29, 19, 13, 
2022/2/3, 76, 30, 12, 14, 
2022/2/4, 74, 51, 11, 15, 
2022/2/5, 127, 39, 9, 10, 
2022/2/6, 91, 30, , 11, 
2022/2/7, 70, 30, , 24, 
2022/2/8, 72, 46, 16, 19, 
2022/2/9, 99, 50, 19, 22, 
2022/2/10, 117, 52, , 15, 
2022/2/11, 129, 23, 27, 11, 
2022/2/12, 72, 25, 25, 10, 
2022/2/13, 76, 24, 19, 14, 
2022/2/14, 80, 30, 14, 15, 
2022/2/15, 93, 28, 18, 17, 
2022/2/16, 87, 31, 15, 17, 
2022/2/17, 65, 52, 20, 21, 
2022/2/18, 129, 66, 5, 23, 
2022/2/19, 162, 58, 20, 11, 
2022/2/20, 152, 32, 22, 11, 
2022/2/21, 78, 11, 26, 11, 
2022/2/22, 34, 21, 24, 9, 
2022/2/23, 63, 37, 20, 18, 
2022/2/24, 95, 43, 28, 20, 
2022/2/25, 107, 9, 30, 4, 
2022/2/26, 21, 15, 31, 7, 
2022/2/27, 50, , 29, 11, 
2022/2/28, 70, 18, 30, 14, 
2022/3/1, 57, 29, 29, 11, 
2022/3/2, 82, 41, 34, 16, 
2022/3/3, 102, 35, 37, 10, 
2022/3/4, 97, 20, 35, 6, 
2022/3/5, 46, 23, 33, 7, 
2022/3/6, 68, 31, 29, 12, 
2022/3/7, 80, 32, 32, 11, 
2022/3/8, 74, 38, 31, 14, 
2022/3/9, 93, 52, 35, 18, 
2022/3/10, 127, 24, 36, 5, 
2022/3/11, 57, 24, 37, 7, 
2022/3/12, 65, 27, 39, 8, 
2022/3/13, 61, 26, , 5, 
2022/3/14, 72, 40, 38, 8, 
2022/3/15, 87, 49, 30, 11, 
2022/3/16, 122, 49, 28, 12, 
2022/3/17, 122, 30, 36, 6, 
2022/3/18, 74, 28, 40, 9, 
2022/3/19, 68, 34, 44, 7, 
2022/3/20, 85, 36, 41, 10, 
2022/3/21, 80, 37, 45, 11, 
2022/3/22, 87, 46, 45, 16, 
2022/3/23, 97, 41, 46, 12, 
2022/3/24, 91, 51, 31, 15, 
2022/3/25, 109, 50, 55, 15, 
2022/3/26, 109, 43, 50, 9, 
2022/3/27, 107, 46, 48, 14, 
2022/3/28, 112, 27, 44, 5, 
2022/3/29, 72, 27, 29, 6, 
2022/3/30, 65, 17, 26, 11, 
2022/3/31, 53, 10, 28, 9, 
2021/10/1, 21, 15, 34, 6, 
2021/10/2, 38, 15, 35, 4, 
2021/10/3, 38, 12, 27, 3, 
2021/10/4, 34, 10, 25, 7, 
2021/10/5, 21, 7, 23, 6, 
2021/10/6, 13, 8, 19, 6, 
2021/10/7, 13, 12, 22, 8, 
2021/10/8, 21, 20, 32, 3, 
2021/10/9, 38, 22, 32, 4, 
2021/10/10, 50, 25, 26, 7, 
2021/10/11, 59, 20, 25, 8, 
2021/10/12, 55, 24, 27, 11, 
2021/10/13, 61, 22, 25, 8, 
2021/10/14, 42, 36, 24, 14, 
2021/10/15, 74, 29, 24, 17, 
2021/10/16, 68, 28, 27, 10, 
2021/10/17, 65, , 25, 12, 
2021/10/18, 85, 55, 23, 12, 
2021/10/19, 102, , 28, 16, 
2021/10/20, 95, , 16, 10, 
2021/10/21, 91, , 9, 15, 
2021/10/22, 93, 32, 25, 9, 
2021/10/23, 74, 15, 26, 4, 
2021/10/24, 21, 30, 24, 8, 
2021/10/25, 53, 42, 19, 12, 
2021/10/26, 78, 48, 18, 16, 
2021/10/27, 91, 41, 23, 17, 
2021/10/28, 87, , 23, 13, 
2021/10/29, 104, , 26, 10, 
2021/10/30, 102, , 17, 11, 
2021/10/31, 142, , 21, 6, 
2021/11/1, 70, , 16, 9, 
2021/11/2, 42, 16, 11, 11, 
2021/11/3, 42, 10, 22, 11, 
2021/11/4, 25, 25, 9, 13, 
2021/11/5, 70, 17, 22, 10, 
2021/11/6, 50, 22, 12, 11, 
2021/11/7, 63, 20, 18, 12, 
2021/11/8, 65, 14, 17, 11, 
2021/11/9, 34, 26, 5, 14, 
2021/11/10, 72, 35, 4, 14, 
2021/11/11, 87, 38, 3, 23, 
2021/11/12, 91, 39, 3, 16, 
2021/11/13, 78, 22, 16, 16, 
2021/11/14, 59, 18, 16, 7, 
2021/11/15, 59, 24, 17, 8, 
2021/11/16, 74, 35, 12, 13, 
2021/11/17, 85, 37, 4, 15, 
2021/11/18, 82, 33, 13, 8, 
2021/11/19, 72, 25, 10, 8, 
2021/11/20, 65, 11, 9, 8, 
2021/11/21, 34, 28, 9, 12, 
2021/11/22, 72, 12, 18, 13, 
2021/11/23, 17, 20, 13, 13, 
2021/11/24, 61, 17, 9, 17, 
2021/11/25, 61, 13, 14, 14, 
2021/11/26, 55, 15, 15, 11, 
2021/11/27, 57, 7, 15, 6, 
2021/11/29, 59, 17, 15, 16, 
2021/11/30, 50, 29, 9, 20, 
2021/12/1, 74, 32, 4, 16, 
2021/12/2, 89, 17, 12, 15, 
2021/12/3, 55, 25, 4, 17, 
2021/12/4, 76, 32, 8, 13, 
2021/12/5, 91, 46, 6, 22, 
2021/12/6, 122, 43, 7, 21, 
2021/12/7, 89, 18, 20, 20, 
2021/12/8, 63, 24, 15, 16, 
2021/12/9, 76, 22, 8, 22, 
2021/12/10, 72, 27, 11, 22, 
2021/12/11, 78, 30, 13, 19, 
2021/12/12, 68, 41, 5, 21, 
2021/12/13, 107, 52, 3, 25, 
2021/12/14, 151, 51, 3, 23, 
2021/12/15, 127, 47, 3, 22, 
2021/12/16, 95, 50, 3, 24, 
2021/12/17, 89, 33, 3, 22, 
2021/12/18, 70, 33, 3, 20, 
2021/12/19, 70, 32, 3, 22, 
2021/12/20, 82, 27, 3, 17, 
2021/12/21, 76, 27, 5, 17, 
2021/12/22, 74, 29, 3, 16, 
2021/12/23, 74, 45, 3, 18, 
2021/12/24, 122, 47, 3, 14, 
2021/12/25, 132, 40, 4, 16, 
2021/12/26, 95, 40, 5, 14, 
2021/12/27, 97, 40, 3, 16, 
2021/12/28, 104, 34, 3, 16, 
2021/12/29, 82, 26, 4, 14, 
2021/12/30, 55, , , , 
2021/7/1, 38, 12, 51, 5, 
2021/7/2, 25, , 55, 6, 
2021/7/6, 30, 15, 48, 9, 
2021/7/7, 42, 18, 39, 5, 
2021/7/8, 46, 11, 42, 10, 
2021/7/9, 30, 17, 61, 10, 
2021/7/10, 42, 16, 57, 7, 
2021/7/11, 42, 17, 53, 7, 
2021/7/12, 46, 16, 36, 4, 
2021/7/13, 38, 18, 33, 6, 
2021/7/14, 25, 19, 39, 8, 
2021/7/15, 38, 16, 37, 9, 
2021/7/16, 42, 21, 27, 8, 
2021/7/17, 59, 14, 45, 9, 
2021/7/18, 46, , 45, 8, 
2021/7/19, 46, , 52, 7, 
2021/7/20, 53, 16, 47, 6, 
2021/7/23, 38, 19, 55, 3, 
2021/7/24, 50, 17, 45, 3, 
2021/7/25, 46, 24, 44, 5, 
2021/7/26, 57, 21, 37, 7, 
2021/7/27, 42, 20, 45, 6, 
2021/7/28, 42, 20, 56, 8, 
2021/7/29, 53, 25, 56, 8, 
2021/7/30, 53, 19, 55, 8, 
2021/7/31, 50, 14, 37, 5, 
2021/8/1, 30, 12, 35, 5, 
2021/8/2, 30, 15, 43, 8, 
2021/8/3, 34, 20, 36, 7, 
2021/8/4, 38, 12, 39, 5, 
2021/8/5, 30, 13, 45, 6, 
2021/8/6, 21, 21, 41, 4, 
2021/8/7, 34, 15, 37, 4, 
2021/8/8, 30, 17, 45, 6, 
2021/8/9, 42, 22, 55, 8, 
2021/8/10, 46, 30, 77, 11, 
2021/8/11, 57, 22, 57, 6, 
2021/8/12, 55, 24, 56, 9, 
2021/8/13, 55, 24, 73, 10, 
2021/8/14, 57, 21, 63, 5, 
2021/8/15, 57, 30, 48, 5, 
2021/8/16, 59, 11, 40, 5, 
2021/8/17, 17, 10, 39, 4, 
2021/8/18, 17, 14, 43, 5, 
2021/8/19, 30, 13, 46, 5, 
2021/8/20, 34, 17, 54, 5, 
2021/8/24, 17, 8, 35, 6, 
2021/8/25, 17, 12, 49, 7, 
2021/8/26, 38, 7, 33, 5, 
2021/8/27, 13, 7, 35, 6, 
2021/8/28, 17, 6, 37, 4, 
2021/8/29, 17, 11, 38, 4, 
2021/8/30, 25, 14, 35, 5, 
2021/8/31, 42, 14, 43, 5, 
2021/9/1, 42, 15, 40, 6, 
2021/9/2, 42, 15, 43, 9, 
2021/9/3, 34, 20, 39, 6, 
2021/9/4, 42, 18, 44, 5, 
2021/9/5, 50, 24, 46, 8, 
2021/9/6, 53, 27, 49, 11, 
2021/9/7, 57, 27, 48, 6, 
2021/9/8, 59, 23, 51, 9, 
2021/9/9, 57, 25, 59, 6, 
2021/9/10, 59, 27, 53, 6, 
2021/9/11, 61, 26, 57, 6, 
2021/9/12, 57, 44, 50, 9, 
2021/9/13, 70, 45, 55, 9, 
2021/9/14, 68, , 41, 11, 
2021/9/15, 68, 30, 25, 9, 
2021/9/16, 42, 21, 36, 10, 
2021/9/17, 50, 17, 35, 5, 
2021/9/18, 30, 12, 26, 4, 
2021/9/19, 30, 13, 35, 6, 
2021/9/20, 21, 14, 34, 6, 
2021/9/21, 30, 17, 35, 7, 
2021/9/22, 34, 18, 35, 8, 
2021/9/23, 34, 25, 44, 11, 
2021/9/24, 53, 19, 45, 4, 
2021/9/25, 38, 20, 27, 3, 
2021/9/26, 53, 27, 22, 11, 
2021/9/27, 61, 25, 37, 10, 
2021/9/28, 65, 30, 34, 9, 
2021/9/29, 63, 17, 30, 7, 
2021/9/30, 30, 11, 33, 6, 
2021/4/1, 80, 23, 41, 7, 
2021/4/2, 55, 20, 31, 4, 
2021/4/3, 53, 10, 33, 3, 
2021/4/4, 25, 10, 34, 12, 
2021/4/5, 30, 12, 28, 4, 
2021/4/6, 25, 18, 29, 10, 
2021/4/7, 50, 18, 36, 8, 
2021/4/8, 46, 24, 36, 8, 
2021/4/9, 57, 18, , 7, 
2021/4/10, 38, 8, , 3, 
2021/4/11, 30, 4, , 6, 
2021/4/12, 21, 3, 27, 3, 
2021/4/13, 13, 9, 34, 6, 
2021/4/14, 30, 12, 34, 7, 
2021/4/15, 38, 18, 38, 6, 
2021/4/16, 55, 17, 39, 7, 
2021/4/17, 57, 15, 35, 6, 
2021/4/18, 55, 18, 34, 7, 
2021/4/19, 63, 17, 41, 9, 
2021/4/20, 59, 19, 39, 8, 
2021/4/21, 55, 20, 43, 4, 
2021/4/22, 59, 16, 43, 5, 
2021/4/23, 50, 17, 45, 5, 
2021/4/24, 53, 16, 49, 6, 
2021/4/25, 50, 18, 35, 3, 
2021/4/26, 53, 13, 32, 4, 
2021/4/27, 50, 12, 33, 5, 
2021/4/28, 53, 16, 27, 3, 
2021/4/29, 53, 10, 30, 4, 
2021/4/30, 21, 17, 32, 3, 
2021/5/1, 46, 14, 33, 4, 
2021/5/2, 25, 10, 38, 4, 
2021/5/3, 17, 11, 40, 4, 
2021/5/4, 30, 14, 36, 5, 
2021/5/5, 34, 10, 33, 4, 
2021/5/6, 21, 12, 31, 4, 
2021/5/7, 34, 10, 36, 4, 
2021/5/8, 21, 10, 42, 3, 
2021/5/9, 30, 12, 42, 3, 
2021/5/10, 34, 9, 36, 5, 
2021/5/11, 25, 4, 30, 5, 
2021/5/12, 13, 7, 34, 4, 
2021/5/13, 13, 10, 29, 4, 
2021/5/14, 17, 9, 35, 5, 
2021/5/15, 30, 11, 28, 5, 
2021/5/16, 34, 13, 36, 5, 
2021/5/17, 34, 11, 37, 4, 
2021/5/18, 30, 8, 37, 3, 
2021/5/19, 21, 10, 39, 4, 
2021/5/20, 34, 10, 44, 5, 
2021/5/21, 34, 9, 37, 3, 
2021/5/22, 25, 10, 37, 3, 
2021/5/23, 34, 7, 28, 3, 
2021/5/24, 17, 11, 35, 4, 
2021/5/25, 25, 12, 41, 4, 
2021/5/26, 25, 18, 47, 7, 
2021/5/27, 46, 8, 45, 4, 
2021/5/28, 17, 7, 44, 5, 
2021/5/29, 25, 9, 40, 3, 
2021/5/30, 21, 10, 42, 3, 
2021/5/31, 21, 11, 46, 4, 
2021/6/1, 34, 10, 47, 3, 
2021/6/2, 42, 19, 51, 4, 
2021/6/3, 53, 21, 59, 4, 
2021/6/4, 53, 18, 40, 3, 
2021/6/5, 46, 11, 38, 3, 
2021/6/6, 25, 12, 35, 3, 
2021/6/7, 30, 21, 34, 6, 
2021/6/8, 57, 22, 48, 14, 
2021/6/9, 55, 20, 50, 11, 
2021/6/10, 57, 27, 41, 10, 
2021/6/11, 65, 20, 49, , 
2021/6/12, 53, 21, 68, , 
2021/6/13, 57, 16, 42, , 
2021/6/14, 42, 14, 46, 5, 
2021/6/15, 38, 20, 57, 6, 
2021/6/16, 50, 18, 57, 5, 
2021/6/17, 50, 18, 53, 6, 
2021/6/18, 46, 21, 48, 8, 
2021/6/19, 55, 40, 42, 10, 
2021/6/20, 61, 43, 48, 8, 
2021/6/21, 63, 28, 41, 6, 
2021/6/22, 46, 27, 47, 8, 
2021/6/23, 46, 21, 52, 8, 
2021/6/24, 46, 18, 45, 7, 
2021/6/25, 34, 17, 51, 8, 
2021/6/26, 38, 17, 57, 6, 
2021/6/27, 42, 19, 55, 9, 
2021/6/28, 42, 20, 49, 6, 
2021/6/29, 46, 15, 40, 7, 
2021/6/30, 30, 19, 56, 8, 
2021/1/4, 65, 17, 20, 14, 
2021/1/5, 59, 15, 18, 7, 
2021/1/6, 55, 29, 8, 12, 
2021/1/7, 78, 29, 10, 18, 
2021/1/8, 76, 36, 6, 16, 
2021/1/9, 99, 14, 20, 7, 
2021/1/10, 53, 39, 8, 20, 
2021/1/11, 97, 35, 10, 21, 
2021/1/12, 99, 49, 7, 23, 
2021/1/13, 129, 53, 10, 20, 
2021/1/14, 151, 20, 11, 20, 
2021/1/15, 63, 32, 14, 23, 
2021/1/16, 91, 52, 9, 18, 
2021/1/17, 144, 61, 7, 19, 
2021/1/18, 155, 49, 3, 19, 
2021/1/19, 76, 54, 3, 19, 
2021/1/20, 137, , 3, 16, 
2021/1/22, 99, 4, 16, 19, 
2021/1/23, 17, 19, 13, 13, 
2021/1/24, 61, 21, 13, 18, 
2021/1/25, 74, 22, 16, 23, 
2021/1/26, 61, 27, 9, 22, 
2021/1/27, 70, 37, 9, 22, 
2021/1/28, 97, 50, 7, 23, 
2021/1/29, 132, 53, 5, 25, 
2021/1/30, 152, 20, 12, 10, 
2021/1/31, 76, 17, 13, 16, 
2021/2/1, 61, 30, 6, 15, 
2021/2/2, 63, 43, 5, 20, 
2021/2/3, 95, 37, 3, 18, 
2021/2/4, 89, 43, 9, 16, 
2021/2/5, 104, 37, 9, 11, 
2021/2/6, 80, 28, 15, 8, 
2021/2/7, 68, 7, 19, 8, 
2021/2/8, 21, 18, 15, 11, 
2021/2/9, 61, 14, 15, 13, 
2021/2/10, 53, 20, 17, 12, 
2021/2/11, 57, 19, , 6, 
2021/2/12, 55, 21, , 6, 
2021/2/13, 53, 34, , 12, 
2021/2/14, 87, 30, , 19, 
2021/2/15, 82, 36, 20, 25, 
2021/2/16, 97, 53, 13, 17, 
2021/2/17, 151, 57, 24, 11, 
2021/2/18, 153, 62, 12, 19, 
2021/2/19, 149, 51, 21, 8, 
2021/2/20, 144, 34, 27, 6, 
2021/2/21, 76, 27, 27, 12, 
2021/2/22, 68, 52, 10, 20, 
2021/2/23, 112, 57, 17, 21, 
2021/2/24, 119, 62, 18, 21, 
2021/2/25, 117, 66, 22, 21, 
2021/2/26, 117, 60, 26, 15, 
2021/2/27, 112, 14, 31, 7, 
2021/2/28, 25, 25, 28, 11, 
2021/3/1, 72, 36, 29, 13, 
2021/3/2, 82, 51, 27, 18, 
2021/3/3, 114, 57, 26, 20, 
2021/3/4, 139, 43, 30, 14, 
2021/3/5, 99, 10, 30, 5, 
2021/3/6, 38, 20, 30, 8, 
2021/3/7, 63, 24, 34, 7, 
2021/3/8, 74, 32, 29, 8, 
2021/3/9, 87, 32, 31, 11, 
2021/3/10, 82, 45, 22, 11, 
2021/3/11, 112, 50, 21, 10, 
2021/3/12, 127, 31, 28, 8, 
2021/3/13, 65, 11, 28, 6, 
2021/3/14, 38, 12, 26, 9, 
2021/3/15, 38, 16, 31, 8, 
2021/3/16, 50, , 31, 8, 
2021/3/18, 38, 16, 31, 6, 
2021/3/19, 50, 20, 32, 8, 
2021/3/20, 61, 12, 33, 5, 
2021/3/21, 42, 20, 32, 7, 
2021/3/22, 63, 16, 33, 5, 
2021/3/23, 53, 30, 31, 11, 
2021/3/24, 76, 31, 41, 6, 
2021/3/25, 80, 27, 41, 4, 
2021/3/26, 72, 30, 27, 4, 
2021/3/27, 74, 27, 35, 3, 
2021/3/28, 72, 33, 38, 4, 
2021/3/29, 80, 36, 44, 9, 
2021/3/30, 78, 34, 41, 6, 
2021/3/31, 74, 37, 40, 13, 
2020/10/1, 70, 14, 23, 7, 
2020/10/2, 50, 7, 27, 4, 
2020/10/3, 13, 4, 25, 6, 
2020/10/4, 13, 10, 22, 6, 
2020/10/5, 21, 17, 22, 10, 
2020/10/6, 34, 19, 24, 7, 
2020/10/7, 46, 26, 24, 8, 
2020/10/8, 61, 49, 27, 11, 
2020/10/9, 97, 40, 30, 12, 
2020/10/10, 87, 10, 24, 3, 
2020/10/11, 34, 6, 18, 10, 
2020/10/12, 17, 11, 19, 10, 
2020/10/13, 42, 19, 19, 16, 
2020/10/14, 55, 8, 25, 6, 
2020/10/15, 21, 13, 20, 11, 
2020/10/16, 46, 16, 22, 12, 
2020/10/17, 53, 29, 28, 8, 
2020/10/18, 63, 26, 24, 7, 
2020/10/19, 70, 41, 19, 9, 
2020/10/20, 99, 37, 20, 11, 
2020/10/21, 89, 49, 13, 16, 
2020/10/22, 107, 59, 7, 17, 
2020/10/23, 139, 49, 8, 9, 
2020/10/24, 107, 30, 19, 6, 
2020/10/25, 70, 8, 24, 6, 
2020/10/26, 17, 8, 24, 10, 
2020/10/27, 21, 20, 16, 16, 
2020/10/28, 61, 24, 16, 13, 
2020/10/29, 65, 40, 7, 15, 
2020/10/30, 99, 37, 6, 11, 
2020/10/31, 76, 24, 9, 8, 
2020/11/1, 55, 31, 11, 6, 
2020/11/2, 70, 47, 15, , 
2020/11/3, 97, 51, 10, 10, 
2020/11/4, 112, 27, 19, 9, 
2020/11/5, 61, 27, 15, 16, 
2020/11/6, 65, 42, 11, 13, 
2020/11/7, 93, 33, 9, 8, 
2020/11/8, 80, 31, 11, 11, 
2020/11/9, 78, 31, 3, 11, 
2020/11/10, 74, 30, 12, 11, 
2020/11/11, 76, 32, 11, 10, 
2020/11/12, 82, 53, 4, 10, 
2020/11/13, 124, 59, 4, 13, 
2020/11/14, 147, 48, 14, 7, 
2020/11/15, 117, 34, 9, 7, 
2020/11/16, 85, 24, 7, 11, 
2020/11/17, 61, 19, 4, 12, 
2020/11/18, 53, 23, 6, 14, 
2020/11/19, 55, 11, 20, 13, 
2020/11/20, 30, 12, 24, 6, 
2020/11/21, 30, 22, 19, 12, 
2020/11/22, 55, 42, 12, 16, 
2020/11/23, 104, 51, 6, 19, 
2020/11/24, 127, 51, 7, 17, 
2020/11/25, 129, 51, 3, 14, 
2020/11/26, 104, 50, 3, 17, 
2020/11/27, 89, 57, 3, 15, 
2020/11/28, 147, 42, 13, 12, 
2020/11/29, 114, 24, 15, 11, 
2020/11/30, 70, 25, 8, 16, 
2020/12/1, 74, 14, 17, 15, 
2020/12/2, 57, 12, 9, 14, 
2020/12/3, 53, 11, 19, 13, 
2020/12/4, 50, 6, 21, 17, 
2020/12/5, 34, 14, 12, 13, 
2020/12/6, 50, 9, 23, 10, 
2020/12/7, 38, 5, 24, 6, 
2020/12/8, 21, 11, 19, 9, 
2020/12/9, 42, 24, 9, 11, 
2020/12/10, 70, 30, 3, 15, 
2020/12/11, 72, 36, 3, 14, 
2020/12/12, 87, 31, 7, 13, 
2020/12/13, 78, 27, 3, 14, 
2020/12/14, 59, 50, 3, 17, 
2020/12/15, 122, 47, 3, 14, 
2020/12/16, 132, 44, 3, 16, 
2020/12/17, 122, 50, 3, 15, 
2020/12/18, 124, 48, 3, 21, 
2020/12/19, 132, 45, 3, 15, 
2020/12/20, 114, 36, 3, 11, 
2020/12/21, 93, 42, 3, 15, 
2020/12/22, 114, 52, 3, 16, 
2020/12/23, 132, 52, 3, 15, 
2020/12/24, 99, 11, 22, 15, 
2020/12/25, 30, 6, 22, 5, 
2020/12/26, 21, 13, 15, 7, 
2020/12/27, 55, 11, 17, 13, 
2020/12/28, 30, 29, 8, 18, 
2020/12/29, 89, 45, 4, 19, 
2020/12/30, 124, 39, 11, 19, 
2020/12/31, 104, 38, 17, 15, 
2021/1/1, 107, 10, 25, 15, 
2021/1/2, 38, 11, 22, 10, 
2021/1/3, 46, 22, 9, 8, 
2020/7/1, 42, 14, 52, 6, 
2020/7/2, 42, 10, 39, 4, 
2020/7/3, 21, 10, 40, 4, 
2020/7/4, 30, 15, 52, 7, 
2020/7/5, 42, 19, 59, 8, 
2020/7/6, 46, 10, 37, 5, 
2020/7/7, 13, 14, 53, 7, 
2020/7/8, 25, 20, 68, 6, 
2020/7/9, 38, 21, 79, 8, 
2020/7/10, 53, 17, 51, 5, 
2020/7/11, 38, 9, 37, 3, 
2020/7/12, 30, 10, 39, 8, 
2020/7/13, 25, 15, 46, 8, 
2020/7/14, 34, 16, 45, 8, 
2020/7/15, 21, 17, 60, 6, 
2020/7/16, 53, 9, 44, 3, 
2020/7/17, 38, 7, 39, 5, 
2020/7/18, 17, 7, 46, 5, 
2020/7/19, 25, 14, 61, 6, 
2020/7/20, 30, 18, 61, 7, 
2020/7/21, 46, 22, 67, 10, 
2020/7/22, 57, 9, , 7, 
2020/7/23, 34, 8, , 6, 
2020/7/24, 21, 12, , , 
2020/7/28, 42, 19, 65, 8, 
2020/7/29, 50, 22, 73, 6, 
2020/7/30, 55, 29, 63, 11, 
2020/7/31, 61, 27, 78, , 
2020/8/1, 61, 9, 51, , 
2020/8/2, 34, 7, 39, 3, 
2020/8/3, 13, 8, 28, 8, 
2020/8/4, 21, 9, 34, 8, 
2020/8/5, 17, 11, 40, 6, 
2020/8/6, 30, 29, 49, 8, 
2020/8/7, 59, 30, 50, 7, 
2020/8/8, 65, 27, 50, 14, 
2020/8/9, 63, 29, 53, 8, 
2020/8/10, 63, 29, 53, 8, 
2020/8/11, 61, 18, 53, 7, 
2020/8/12, 53, 28, 47, 9, 
2020/8/13, 74, 22, 47, 9, 
2020/8/14, 53, 18, 51, 6, 
2020/8/15, 34, 13, 44, 5, 
2020/8/16, 34, 19, 41, 6, 
2020/8/17, 42, 15, 37, 6, 
2020/8/18, 38, 15, 45, 5, 
2020/8/19, 34, 15, 49, 4, 
2020/8/20, 38, 17, 49, 5, 
2020/8/21, 34, 16, 50, 6, 
2020/8/22, 38, 15, 41, 5, 
2020/8/23, 34, 11, 36, 6, 
2020/8/26, 42, , 41, 6, 
2020/8/27, 46, 10, 43, 4, 
2020/8/28, 38, 14, 34, 4, 
2020/8/29, 34, 11, 31, 4, 
2020/8/30, 21, 14, 19, 8, 
2020/8/31, 25, 10, 34, 6, 
2020/9/1, 25, 18, 34, 7, 
2020/9/2, 38, 13, 37, 7, 
2020/9/3, 38, 18, 48, 8, 
2020/9/4, 50, 21, 54, 8, 
2020/9/5, 53, 15, 48, 5, 
2020/9/6, 50, 15, 39, 6, 
2020/9/7, 42, 18, 40, 6, 
2020/9/8, 46, 27, 46, 12, 
2020/9/9, 55, 29, 56, 9, 
2020/9/10, 63, 19, 47, 7, 
2020/9/11, 46, 29, 47, 8, 
2020/9/12, 61, 33, 47, 6, 
2020/9/13, 72, 38, 48, 7, 
2020/9/14, 74, 35, 50, 10, 
2020/9/15, 65, , 50, 8, 
2020/9/16, 82, 35, 50, 9, 
2020/9/17, 65, 27, 42, 8, 
2020/9/18, 57, 22, 40, 6, 
2020/9/19, 46, 29, 37, 7, 
2020/9/20, 55, 17, 43, 9, 
2020/9/21, 42, 12, 29, 5, 
2020/9/22, 30, 17, 29, 10, 
2020/9/23, 50, 10, 29, 11, 
2020/9/24, 25, 5, 30, 4, 
2020/9/25, 13, 7, 26, 4, 
2020/9/26, 13, 6, 28, 5, 
2020/9/27, 13, 17, 27, 8, 
2020/9/28, 42, 21, 31, 7, 
2020/9/29, 59, 38, 33, 10, 
2020/9/30, 76, 37, 24, 9, 
2020/4/1, 50, 25, 40, 11, 
2020/4/2, 70, 29, 51, 10, 
2020/4/3, 63, 35, 44, 9, 
2020/4/4, 91, 24, 41, 5, 
2020/4/5, 59, 33, 46, 8, 
2020/4/6, 78, 33, 43, 8, 
2020/4/7, 76, 25, 41, 8, 
2020/4/8, 59, 26, 43, 9, 
2020/4/9, 61, 28, 48, 9, 
2020/4/10, 70, 27, 52, 7, 
2020/4/11, 72, 20, 45, 5, 
2020/4/12, 63, 14, 42, 3, 
2020/4/13, 55, 19, 39, 3, 
2020/4/14, 46, 15, 37, 6, 
2020/4/15, 34, 20, 41, 8, 
2020/4/16, 55, 25, 44, 7, 
2020/4/17, 63, 25, 45, 7, 
2020/4/18, 63, 15, 42, 4, 
2020/4/19, 53, 12, 30, 3, 
2020/4/20, 34, 17, 33, 6, 
2020/4/21, 34, 19, 40, 8, 
2020/4/22, 46, 24, 43, 8, 
2020/4/23, 59, 26, 47, 9, 
2020/4/24, 65, 17, 46, 7, 
2020/4/25, 53, 15, 45, 4, 
2020/4/26, 53, 12, 40, 4, 
2020/4/27, 38, 9, 27, 6, 
2020/4/28, 25, 10, 29, 5, 
2020/4/29, 34, 9, 35, 6, 
2020/4/30, 17, 9, 31, 5, 
2020/5/1, 21, 17, 37, 6, 
2020/5/2, 46, 10, 39, 3, 
2020/5/3, 25, 10, 43, 5, 
2020/5/4, 30, 16, 37, 5, 
2020/5/5, 46, 18, 35, 7, 
2020/5/6, 38, 16, 43, 11, 
2020/5/7, 34, 14, 48, 5, 
2020/5/8, 42, 14, 52, 4, 
2020/5/9, 38, 13, 45, 3, 
2020/5/10, 46, 4, 36, 3, 
2020/5/11, 13, 8, 34, 6, 
2020/5/12, 17, 13, 28, 5, 
2020/5/13, 17, 20, 37, 5, 
2020/5/14, 46, 18, 32, 4, 
2020/5/15, 30, 17, 34, 4, 
2020/5/16, 42, 18, 39, 4, 
2020/5/17, 50, , 38, 5, 
2020/5/18, 53, 22, 35, 7, 
2020/5/19, 57, 17, 36, 6, 
2020/5/20, 46, 15, 44, 7, 
2020/5/21, 38, 16, 50, 6, 
2020/5/22, 42, 17, 51, 5, 
2020/5/23, 53, 11, 41, 5, 
2020/5/24, 34, 15, 41, 15, 
2020/5/25, 34, 13, 37, 7, 
2020/5/26, 25, 15, 42, 8, 
2020/5/27, 34, 15, 44, 11, 
2020/5/28, 38, 6, 37, 11, 
2020/5/29, 17, 10, 39, 11, 
2020/5/30, 38, 8, 39, 8, 
2020/5/31, 34, 12, 43, 15, 
2020/6/1, 30, 10, 54, 14, 
2020/6/2, 38, 9, 43, 8, 
2020/6/3, 34, 5, 23, 8, 
2020/6/4, 21, 7, 39, 10, 
2020/6/5, 21, 14, 46, 10, 
2020/6/6, 38, 13, 30, 8, 
2020/6/7, 34, 14, 29, 6, 
2020/6/8, 30, 12, 31, 4, 
2020/6/9, 25, 15, 34, 7, 
2020/6/10, 38, 14, 37, 9, 
2020/6/11, 25, 12, 40, 9, 
2020/6/12, 34, 13, 44, 8, 
2020/6/13, 34, 8, 40, 6, 
2020/6/14, 30, 10, 38, 7, 
2020/6/15, 38, 15, 32, 6, 
2020/6/16, 42, 12, 35, 5, 
2020/6/17, 38, 13, 36, 6, 
2020/6/18, 25, 14, 39, 5, 
2020/6/19, 25, 23, 45, 6, 
2020/6/20, 46, 16, 46, 9, 
2020/6/21, 42, 18, 48, 9, 
2020/6/22, 46, 23, 56, 9, 
2020/6/23, 46, 18, 48, 9, 
2020/6/24, 38, 20, 49, 4, 
2020/6/25, 34, 15, 49, 5, 
2020/6/26, 34, 21, 62, 8, 
2020/6/27, 53, 23, 61, 8, 
2020/6/28, 57, 17, 42, 7, 
2020/6/29, 46, 16, 43, 5, 
2020/6/30, 50, 19, 50, 7, 
2020/1/1, 155, 57, 4, 16, 
2020/1/2, 139, 54, 4, 17, 
2020/1/3, 142, 50, 8, 19, 
2020/1/4, 127, 46, 7, 18, 
2020/1/5, 114, 34, 9, 12, 
2020/1/6, 89, 40, 4, 13, 
2020/1/7, 72, 33, 5, 18, 
2020/1/8, 59, 34, 3, 20, 
2020/1/9, 61, 46, 3, 22, 
2020/1/10, 124, 54, 5, 20, 
2020/1/11, 127, 49, 4, 20, 
2020/1/12, 114, 50, 3, 17, 
2020/1/13, 107, 60, 3, 18, 
2020/1/14, 153, 71, 3, 20, 
2020/1/15, 162, 74, 3, 22, 
2020/1/16, 162, 60, 8, 20, 
2020/1/17, 153, 41, 14, 20, 
2020/1/18, 107, 22, 20, 14, 
2020/1/19, 65, 21, 22, , 
2020/1/20, 59, 36, , 22, 
2020/1/21, 82, 44, 10, , 
2020/1/22, 102, 54, 6, 21, 
2020/1/23, 134, 62, 3, 29, 
2020/1/24, 157, 65, 3, 22, 
2020/1/25, 155, 66, 4, 21, 
2020/1/26, 157, 51, 9, 21, 
2020/1/27, 127, 61, 9, 21, 
2020/1/28, 155, 37, 15, 16, 
2020/1/29, 93, 30, 10, 19, 
2020/1/30, 82, 55, 7, 17, 
2020/1/31, 142, 65, 7, 19, 
2020/2/1, 161, 41, 6, 16, 
2020/2/2, 93, 39, 10, , 
2020/2/3, 80, 26, 23, 9, 
2020/2/4, 38, 10, 27, 7, 
2020/2/5, 21, 22, 22, 26, 
2020/2/6, 57, 40, 12, 25, 
2020/2/7, 85, 52, 17, 20, 
2020/2/8, 122, 55, 18, 20, 
2020/2/9, 147, 51, 15, 16, 
2020/2/10, 112, 17, 26, 16, 
2020/2/11, 46, 12, 26, 18, 
2020/2/12, 34, 38, 14, 19, 
2020/2/13, 91, 41, 21, 14, 
2020/2/14, 95, 50, 19, 13, 
2020/2/15, 122, 45, 19, 12, 
2020/2/16, 99, 64, 23, 17, 
2020/2/17, 157, 53, 10, 14, 
2020/2/18, 124, 44, 18, 11, 
2020/2/19, 99, 24, 25, 11, 
2020/2/20, 61, 35, 19, 18, 
2020/2/21, 85, 51, 24, 15, 
2020/2/22, 119, 56, 27, 18, 
2020/2/23, 152, 57, 26, , 
2020/2/24, 147, , 21, 9, 
2020/2/26, 65, 12, 26, 6, 
2020/2/27, 25, 21, 29, 11, 
2020/2/28, 53, 35, 19, 11, 
2020/2/29, 82, 22, 20, 11, 
2020/3/1, 59, 25, 14, 9, 
2020/3/2, 74, 9, 12, 10, 
2020/3/3, 34, 13, 22, 9, 
2020/3/4, 46, 13, 26, 11, 
2020/3/5, 50, 17, 29, 4, 
2020/3/6, 57, 25, 25, 9, 
2020/3/7, 76, 10, 32, 6, 
2020/3/8, 34, 28, 29, 11, 
2020/3/9, 74, 25, 23, 15, 
2020/3/10, 70, 39, 30, 10, 
2020/3/11, 93, 42, 34, 8, 
2020/3/12, 87, 44, 26, 10, 
2020/3/13, 107, 16, 22, 6, 
2020/3/14, 55, 13, 33, 5, 
2020/3/15, 38, 26, 34, 9, 
2020/3/16, 63, 35, 36, 7, 
2020/3/17, 85, 43, 39, 7, 
2020/3/18, 107, 40, 41, 9, 
2020/3/19, 99, 38, 35, 7, 
2020/3/20, 102, 37, 39, 9, 
2020/3/21, 102, 16, 29, 3, 
2020/3/22, 38, 15, 32, 6, 
2020/3/23, 30, 21, 32, 8, 
2020/3/24, 57, 20, 31, 5, 
2020/3/25, 50, 17, 28, 4, 
2020/3/26, 46, 55, 26, 7, 
2020/3/27, 82, 71, 35, 8, 
2020/3/28, 97, 75, 37, 7, 
2020/3/29, 82, 41, 34, 6, 
2020/3/30, 57, 11, 35, 5, 
2020/3/31, 30, 16, 37, 6, 
2019/10/1, 59, 17, 26, 9, 
2019/10/2, 38, 10, 28, 6, 
2019/10/3, 17, 13, 24, 8, 
2019/10/4, 25, 34, 27, 11, 
2019/10/5, 74, 26, 27, 9, 
2019/10/6, 53, 10, 25, 6, 
2019/10/7, 25, 16, 24, 7, 
2019/10/8, 38, 22, 26, 10, 
2019/10/9, 59, 40, 21, 9, 
2019/10/10, 85, 33, 23, 9, 
2019/10/11, 68, 54, 21, 12, 
2019/10/12, 95, 57, 26, 9, 
2019/10/13, 102, 62, 27, 11, 
2019/10/14, 127, 29, 24, , 
2019/10/15, 61, 9, 27, 9, 
2019/10/16, 25, 22, 21, 12, 
2019/10/17, 61, 22, 18, 15, 
2019/10/18, 59, 31, 16, 9, 
2019/10/19, 72, 18, 29, 6, 
2019/10/20, 50, 26, 27, 6, 
2019/10/21, 59, 31, 26, 8, 
2019/10/22, 68, 37, 23, 10, 
2019/10/23, 72, 40, 19, 12, 
2019/10/24, 78, 34, 19, 8, 
2019/10/25, 61, 41, 15, 11, 
2019/10/26, 80, 38, 22, 10, 
2019/10/27, 76, 39, 9, 14, 
2019/10/28, 76, 31, 11, 11, 
2019/10/29, 70, 14, 13, 10, 
2019/10/30, 38, 14, 13, 6, 
2019/10/31, 38, 12, 18, 8, 
2019/11/1, 34, 21, 13, 8, 
2019/11/2, 61, 7, 14, 7, 
2019/11/3, 21, 10, 15, 12, 
2019/11/4, 42, 16, 10, 9, 
2019/11/5, 50, 14, 14, 13, 
2019/11/6, 38, 28, 12, 9, 
2019/11/7, 74, 16, 17, 10, 
2019/11/8, 50, 15, 18, 8, 
2019/11/9, 50, 21, 18, 8, 
2019/11/10, 61, 17, 11, 9, 
2019/11/11, 55, 14, 9, 13, 
2019/11/12, 55, 17, 15, 14, 
2019/11/13, 53, 13, 17, 12, 
2019/11/14, 42, 10, 18, 9, 
2019/11/15, 30, 21, 17, 8, 
2019/11/16, 59, 10, 23, 6, 
2019/11/17, 30, 16, 17, 12, 
2019/11/18, 50, 8, 25, 9, 
2019/11/19, 25, 22, 17, 13, 
2019/11/20, 57, 34, 10, 11, 
2019/11/21, 70, 27, 15, 15, 
2019/11/22, 61, 12, 24, 10, 
2019/11/23, 38, 11, 26, 3, 
2019/11/24, 25, 13, 24, 14, 
2019/11/25, 38, 13, 24, 14, 
2019/11/26, 38, 21, 5, 14, 
2019/11/27, 61, 26, 6, 13, 
2019/11/28, 63, 30, 3, 17, 
2019/11/29, 57, 32, 3, 16, 
2019/11/30, 70, 31, 12, 10, 
2019/12/1, 65, 18, 11, 11, 
2019/12/2, 57, 15, 18, 11, 
2019/12/3, 42, 26, 17, 18, 
2019/12/4, 68, 39, 5, 17, 
2019/12/5, 95, 51, 3, 15, 
2019/12/6, 104, 52, 9, 15, 
2019/12/7, 127, 55, 3, , 
2019/12/8, 137, 58, 3, 17, 
2019/12/9, 144, 40, 3, 15, 
2019/12/10, 78, 21, 12, 16, 
2019/12/11, 61, 18, 13, 16, 
2019/12/12, 55, 16, 9, 20, 
2019/12/13, 50, 16, 9, 20, 
2019/12/14, 50, 46, 4, 14, 
2019/12/15, 114, 53, 3, 16, 
2019/12/16, 129, 56, 3, 17, 
2019/12/17, 127, 34, 3, 12, 
2019/12/18, 59, 25, 4, 13, 
2019/12/19, 55, 11, 18, , 
2019/12/20, 21, 5, 18, , 
2019/12/21, 13, 6, 22, , 
2019/12/22, 21, 7, 24, 6, 
2019/12/23, 17, 15, 17, 14, 
2019/12/24, 38, 34, 9, 16, 
2019/12/25, 80, 45, 7, 17, 
2019/12/26, 104, , , , 
2019/12/28, 117, 47, 10, , 
2019/12/29, 109, , , , 
2019/7/1, 65, 36, 83, 9, 
2019/7/2, 61, 19, 71, 5, 
2019/7/3, 53, 15, 66, 11, 
2019/7/4, 42, 23, 83, 15, 
2019/7/5, 59, 25, 72, 14, 
2019/7/6, 59, 22, 43, 6, 
2019/7/7, 53, 20, 61, 7, 
2019/7/8, 46, 29, 41, 6, 
2019/7/9, 59, 16, 40, 5, 
2019/7/10, 34, 15, 46, 7, 
2019/7/11, 42, 13, 54, 6, 
2019/7/12, 46, 12, 48, 5, 
2019/7/13, 34, 7, 45, 8, 
2019/7/14, 25, 10, 35, 7, 
2019/7/15, 25, 18, 48, 11, 
2019/7/16, 42, , 49, 13, 
2019/7/17, 59, , 51, 8, 
2019/7/18, 57, 21, 66, 9, 
2019/7/19, 57, 22, 64, 6, 
2019/7/20, 59, 23, 59, 7, 
2019/7/21, 55, 29, 69, 7, 
2019/7/22, 74, 24, 66, 7, 
2019/7/23, 61, 24, 62, 8, 
2019/7/24, 57, 20, 58, 10, 
2019/7/25, 50, 20, 72, 7, 
2019/7/26, 55, 12, 43, 5, 
2019/7/27, 30, 10, 32, 5, 
2019/7/28, 30, 16, 46, 6, 
2019/7/29, 46, 19, 58, , 
2019/7/30, 46, 22, 51, , 
2019/7/31, 55, 23, 59, 6, 
2019/8/1, 53, 20, 45, 5, 
2019/8/2, 53, 12, 44, 6, 
2019/8/3, 38, 10, 48, 5, 
2019/8/4, 34, 12, 59, 6, 
2019/8/5, 38, 17, 53, , 
2019/8/6, 46, 12, 46, 5, 
2019/8/9, 46, 24, 51, 5, 
2019/8/10, 57, 20, 43, 5, 
2019/8/11, 53, , 39, 5, 
2019/8/12, 55, , 39, 6, 
2019/8/13, 42, 9, 35, 6, 
2019/8/14, 21, 11, 40, 5, 
2019/8/15, 30, 12, 41, 5, 
2019/8/16, 25, 14, 44, 6, 
2019/8/17, 34, 13, 48, 5, 
2019/8/18, 38, 15, 45, 6, 
2019/8/19, 42, 20, 47, 5, 
2019/8/20, 42, 22, 50, 5, 
2019/8/21, 55, 17, 38, 5, 
2019/8/22, 42, 26, 38, 10, 
2019/8/23, 59, 24, 45, 6, 
2019/8/24, 57, 19, 49, 13, 
2019/8/25, 53, 25, 51, 12, 
2019/8/26, 63, 29, 51, 10, 
2019/8/27, 70, 29, 43, , 
2019/8/28, 68, 27, 50, , 
2019/8/29, 53, 33, 55, 8, 
2019/8/30, 70, 29, 52, 9, 
2019/8/31, 65, 22, 49, 9, 
2019/9/1, 59, 20, 43, 10, 
2019/9/2, 53, 13, 34, , 
2019/9/3, 25, 16, 46, 6, 
2019/9/4, 30, 21, 55, 7, 
2019/9/5, 46, 12, , 5, 
2019/9/10, 25, 25, 41, 7, 
2019/9/11, 50, 32, 48, 7, 
2019/9/12, 57, 23, 45, 10, 
2019/9/13, 50, 20, 41, 8, 
2019/9/14, 46, 20, 41, 6, 
2019/9/15, 42, 27, 48, 9, 
2019/9/16, 55, 37, 56, 9, 
2019/9/17, 82, 29, 32, 6, 
2019/9/18, 61, 16, 20, 10, 
2019/9/19, 30, 18, 33, 5, 
2019/9/20, 25, 18, 35, 7, 
2019/9/21, 38, 22, 21, 7, 
2019/9/22, 59, 27, 19, 7, 
2019/9/23, 70, 16, 28, 7, 
2019/9/24, 38, 27, 24, , 
2019/9/25, 68, 21, 35, , 
2019/9/26, 50, 24, 34, 7, 
2019/9/27, 55, 25, 35, 13, 
2019/9/28, 50, 20, 36, 8, 
2019/9/29, 34, 22, 35, 11, 
2019/9/30, 42, 34, 33, 15, 
2019/4/1, 76, 30, , 14, 
2019/4/2, 78, 13, , 7, 
2019/4/3, 50, 7, , 5, 
2019/4/4, 25, 9, , 8, 
2019/4/5, 34, 16, , 7, 
2019/4/6, 46, 17, , 6, 
2019/4/7, 53, 21, , 11, 
2019/4/8, 61, 25, , 11, 
2019/4/9, 72, 28, , 11, 
2019/4/10, 80, 9, , 6, 
2019/4/11, 34, 13, , , 
2019/4/12, 38, 22, , , 
2019/4/13, 55, 25, , , 
2019/4/14, 63, 20, , , 
2019/4/15, 57, 25, , 9, 
2019/4/16, 76, 31, , 12, 
2019/4/17, 80, 29, , 9, 
2019/4/18, 68, 18, , 11, 
2019/4/19, 55, 19, , 9, 
2019/4/20, 59, 17, , 8, 
2019/4/21, 55, 17, , , 
2019/4/22, 50, 18, , , 
2019/4/23, 38, 23, , 5, 
2019/4/24, 46, 36, , 6, 
2019/4/25, 50, 33, , 5, 
2019/4/26, 42, 10, , , 
2019/4/27, 21, 8, , , 
2019/4/30, 46, 13, , 6, 
2019/5/1, 50, 13, , 7, 
2019/5/2, 34, 6, , 5, 
2019/5/3, 21, 10, , , 
2019/5/4, 38, 5, , , 
2019/5/7, 38, 18, , 6, 
2019/5/8, 50, 10, , 6, 
2019/5/9, 38, 10, , 6, 
2019/5/10, 30, 12, , 6, 
2019/5/11, 25, 6, , , 
2019/5/13, 25, 16, , 8, 
2019/5/14, 25, 10, , 6, 
2019/5/16, 25, 7, , , 
2019/5/17, 21, 6, , 5, 
2019/5/18, 25, , , , 
2019/5/21, 34, 17, , , 
2019/5/22, 42, 18, , , 
2019/5/23, 42, 15, , 5, 
2019/5/24, 42, 20, , 6, 
2019/5/25, 50, 15, , , 
2019/5/26, 38, 8, 38, 5, 
2019/5/27, 21, 11, 32, 5, 
2019/5/28, 21, 10, 25, 5, 
2019/5/29, 21, 11, 34, 5, 
2019/5/30, 25, 13, 41, 5, 
2019/5/31, 30, , 47, , 
2019/6/5, 55, 23, 39, 5, 
2019/6/6, 38, 23, 44, 5, 
2019/6/7, 46, 22, 41, 5, 
2019/6/8, 65, 30, , , 
2019/6/9, 68, , , , 
2019/6/14, 50, 27, 48, 6, 
2019/6/15, 55, 24, 49, 7, 
2019/6/16, 50, 23, 49, 10, 
2019/6/17, 53, 20, 58, 6, 
2019/6/18, 53, 23, 61, 7, 
2019/6/19, 53, 24, 51, 11, 
2019/6/20, 42, 22, 59, 8, 
2019/6/21, 55, 22, 39, 6, 
2019/6/22, 57, 19, 57, , 
2019/6/23, 50, 21, 66, 7, 
2019/6/24, 46, 22, 64, 7, 
2019/6/25, 57, 32, 80, 14, 
2019/6/26, 65, 40, 101, 11, 
2019/6/27, 72, 32, 64, 9, 
2019/6/28, 68, 21, 60, 6, 
2019/6/29, 46, 24, 73, 10, 
2019/6/30, 57, 32, 82, 6, 
2019/1/1, 134, 32, 9, 13, 
2019/1/2, 134, 17, 7, 18, 
2019/1/3, 76, 28, 6, 22, 
2019/1/4, 107, 49, 2, 25, 
2019/1/5, 159, 54, 5, 21, 
2019/1/6, 160, 59, 5, 20, 
2019/1/7, 172, 26, 2, 19, 
2019/1/8, 124, 22, 4, 20, 
2019/1/9, 137, 18, 5, 21, 
2019/1/10, 78, 32, 3, 22, 
2019/1/11, 124, 30, 5, 20, 
2019/1/12, 117, 43, 4, 21, 
2019/1/13, 160, 38, 11, 19, 
2019/1/14, 132, 12, 12, 17, 
2019/1/15, 63, 32, 8, , 
2019/1/16, 127, 46, 7, 14, 
2019/1/17, 151, 28, 21, 15, 
2019/1/18, 112, 10, 22, 8, 
2019/1/19, 50, 32, 9, 11, 
2019/1/20, 117, 43, 4, 8, 
2019/1/21, 153, 33, 11, 14, 
2019/1/22, 119, 17, 20, 5, 
2019/1/23, 68, 26, 17, 17, 
2019/1/24, 93, 30, 18, 18, 
2019/1/25, 119, 47, 22, 20, 
2019/1/26, 155, 52, 9, 15, 
2019/1/27, 160, 42, , 17, 
2019/1/28, 152, , , , 
2019/2/25, 102, 56, , 16, 
2019/2/26, 112, 52, , 16, 
2019/2/27, 117, 54, , 8, 
2019/2/28, 122, 52, , 13, 
2019/3/1, 117, 55, , 15, 
2019/3/2, 132, 51, , 5, 
2019/3/3, 112, 52, , 11, 
2019/3/4, 107, 50, , 13, 
2019/3/5, 109, 34, , 18, 
2019/3/6, 78, 30, , 7, 
2019/3/7, 72, 33, , 7, 
2019/3/8, 61, 19, , 7, 
2019/3/9, 38, 22, , , 
2019/3/10, 57, 25, , 6, 
2019/3/11, 57, 16, , 6, 
2019/3/12, 42, 22, , 13, 
2019/3/13, 38, 22, , 10, 
2019/3/14, 68, 24, , 21, 
2019/3/15, 70, 40, , 11, 
2019/3/16, 97, 24, , 11, 
2019/3/17, 63, 10, , 10, 
2019/3/18, 30, 15, , 14, 
2019/3/19, 46, 20, , 27, 
2019/3/20, 42, 34, , 9, 
2019/3/21, 65, 41, , 13, 
2019/3/22, 91, 34, , 11, 
2019/3/23, 80, 31, , 8, 
2019/3/24, 82, 35, , 7, 
2019/3/25, 82, 7, , 5, 
2019/3/27, 46, 18, , 7, 
2019/3/28, 46, 22, , 17, 
2019/3/29, 59, 30, , 14, 
2019/3/30, 74, 34, , 14, 
2019/3/31, 82, 27, , 13, 
2018/10/1, 50, 4, 30, 6, 
2018/10/2, 30, , 31, 21, 
2018/10/5, 68, 13, 19, 9, 
2018/10/6, 68, 18, 32, 11, 
2018/10/7, 82, 10, 32, 12, 
2018/10/8, 68, 16, 36, 13, 
2018/10/9, 87, 23, 36, 11, 
2018/10/10, 122, 22, 32, 9, 
2018/10/11, 102, 29, 29, 18, 
2018/10/12, 142, 21, 39, 14, 
2018/10/13, 114, 23, 37, 7, 
2018/10/14, 114, 20, 30, 12, 
2018/10/15, 117, 19, 18, 15, 
2018/10/16, 112, 28, 16, 11, 
2018/10/17, 117, 28, 22, 13, 
2018/10/18, 112, 28, 32, 15, 
2018/10/19, 117, 30, 35, 12, 
2018/10/20, 124, 25, 29, 10, 
2018/10/21, 107, 11, 27, 13, 
2018/10/22, 85, 20, 25, 19, 
2018/10/23, 89, 26, 23, 17, 
2018/10/24, 112, 22, 25, 13, 
2018/10/25, 97, 10, 15, 14, 
2018/10/26, 68, 11, 24, 17, 
2018/10/27, 57, 5, 30, 2, 
2018/10/28, 42, 6, 27, 4, 
2018/10/29, 61, 4, 26, 11, 
2018/10/30, 34, 10, 21, 15, 
2018/10/31, 59, 10, 24, 12, 
2018/11/1, 68, 16, 9, 15, 
2018/11/2, 80, 13, 8, 11, 
2018/11/3, 61, 10, 9, 13, 
2018/11/4, 65, 11, 19, 11, 
2018/11/5, 63, 10, 19, 10, 
2018/11/6, 59, 12, 22, 16, 
2018/11/7, 74, 15, 19, 19, 
2018/11/8, 74, 17, 15, , 
2018/11/9, 74, 18, 19, , 
2018/11/10, 78, 22, 19, , 
2018/11/11, 85, 26, 15, , 
2018/11/12, 99, 18, 12, 18, 
2018/11/13, 104, 25, 9, 17, 
2018/11/14, 119, 14, 5, 17, 
2018/11/15, 72, 12, 24, 16, 
2018/11/16, 65, 9, 24, 9, 
2018/11/17, 57, 13, 24, 8, 
2018/11/18, 61, 16, 15, 17, 
2018/11/19, 68, , 19, 11, 
2018/11/20, 42, 22, 9, 19, 
2018/11/21, 78, 26, 5, 18, 
2018/11/22, 93, 25, 6, 25, 
2018/11/23, 89, 14, 14, 12, 
2018/11/24, 63, 19, 6, 13, 
2018/11/25, 72, 21, 12, 15, 
2018/11/26, 78, 19, 6, 16, 
2018/11/27, 74, 19, 8, 17, 
2018/11/28, 72, 25, 13, 19, 
2018/11/29, 99, 32, 6, 28, 
2018/11/30, 107, 46, 3, 27, 
2018/12/1, 152, 50, 3, 24, 
2018/12/2, 74, , 7, 19, 
2018/12/5, 154, 22, 2, , 
2018/12/6, 95, 19, 2, 22, 
2018/12/7, 91, 25, 11, 22, 
2018/12/8, 99, 20, 6, 18, 
2018/12/9, 87, 6, 19, 1, 
2018/12/10, 34, 11, 14, 26, 
2018/12/11, 65, 24, 5, 24, 
2018/12/12, 107, 22, 6, 19, 
2018/12/13, 95, 24, 8, 21, 
2018/12/14, 95, 40, 6, 25, 
2018/12/15, 149, 50, 2, 22, 
2018/12/16, 156, 43, 4, 19, 
2018/12/17, 152, 30, 2, 25, 
2018/12/18, 119, 34, 2, 25, 
2018/12/19, 127, 33, 2, 27, 
2018/12/20, 124, 24, 2, 25, 
2018/12/21, 112, 37, 4, 19, 
2018/12/22, 132, 30, 5, 15, 
2018/12/23, 127, 13, 5, 19, 
2018/12/24, 70, 8, 7, 13, 
2018/12/25, 63, 13, 8, 10, 
2018/12/26, 74, 16, 7, 13, 
2018/12/27, 85, 31, 3, 18, 
2018/12/28, 144, 39, 2, 22, 
2018/12/29, 122, 41, 2, 19, 
2018/12/30, 155, , , , 
2018/7/1, 59, 10, 49, 3, 
2018/7/2, 59, 13, 53, 2, 
2018/7/3, 70, 8, 59, 4, 
2018/7/4, 53, 10, 53, 6, 
2018/7/5, 65, 9, 45, 6, 
2018/7/6, 63, 9, 49, 6, 
2018/7/7, 68, 8, 49, 4, 
2018/7/8, 68, 8, 50, 3, 
2018/7/9, 70, 9, 51, 4, 
2018/7/10, 63, 7, 40, 4, 
2018/7/11, 55, 10, 46, 4, 
2018/7/12, 68, 10, 55, 4, 
2018/7/13, 63, 10, 61, 4, 
2018/7/14, 63, 11, 57, 9, 
2018/7/15, 63, 5, 39, 1, 
2018/7/16, 42, 11, 55, 6, 
2018/7/17, 68, 13, 73, 7, 
2018/7/18, 70, 14, 70, 6, 
2018/7/19, 80, 15, 73, 6, 
2018/7/20, 74, 9, 47, 4, 
2018/7/21, 59, 7, 49, 6, 
2018/7/22, 50, 5, 53, 3, 
2018/7/23, 38, 10, 65, 6, 
2018/7/24, 65, 12, 72, 6, 
2018/7/25, 63, 12, 57, 6, 
2018/7/26, 76, 10, 57, 7, 
2018/7/27, 57, 14, 69, 6, 
2018/7/28, 76, 15, 64, 11, 
2018/7/29, 72, 16, 64, 6, 
2018/7/30, 91, 18, 78, 10, 
2018/7/31, 95, 17, 87, 8, 
2018/8/1, 91, 13, 51, 7, 
2018/8/2, 74, 13, 48, 4, 
2018/8/3, 76, 12, 63, 6, 
2018/8/4, 74, 12, 63, 6, 
2018/8/5, 72, 13, 59, , 
2018/8/6, 74, 15, 59, , 
2018/8/7, 85, , 64, 5, 
2018/8/9, 76, 10, 56, 7, 
2018/8/10, 68, 9, 60, 10, 
2018/8/11, 72, 7, 46, 6, 
2018/8/12, 59, 9, 46, 8, 
2018/8/13, 61, 8, 26, 6, 
2018/8/14, 57, 6, 37, 6, 
2018/8/15, 42, 7, 46, 6, 
2018/8/16, 50, 10, 55, 7, 
2018/8/17, 65, 10, 58, 6, 
2018/8/18, 65, 14, 51, 7, 
2018/8/19, 78, 13, 60, 5, 
2018/8/20, 80, 12, 59, 6, 
2018/8/21, 80, 14, 70, 7, 
2018/8/22, 99, 12, 68, , 
2018/8/23, 87, 11, 66, , 
2018/8/24, 80, 6, 44, , 
2018/8/25, 38, 2, 32, , 
2018/8/26, 13, 5, 39, , 
2018/8/27, 53, 9, 46, 5, 
2018/8/28, 70, 10, 49, 7, 
2018/8/29, 78, 10, 53, 6, 
2018/8/30, 74, 10, 39, 5, 
2018/8/31, 53, 5, 37, 4, 
2018/9/1, 34, 4, 33, 3, 
2018/9/2, 30, 6, 40, 3, 
2018/9/3, 34, 9, 46, 6, 
2018/9/4, 63, 13, 51, 6, 
2018/9/6, 70, 12, 40, 3, 
2018/9/7, 68, 8, 49, 4, 
2018/9/8, 59, 9, 57, 9, 
2018/9/9, 68, 12, 57, 5, 
2018/9/10, 72, 14, 68, 6, 
2018/9/11, 85, , , 6, 
2018/9/14, 127, 10, 43, 6, 
2018/9/15, 68, 10, 49, 8, 
2018/9/16, 74, 12, 44, , 
2018/9/17, 76, 9, 42, , 
2018/9/18, 63, 11, 45, 6, 
2018/9/19, 74, 12, 50, 7, 
2018/9/20, 78, 16, 48, 9, 
2018/9/21, 93, 13, 49, 8, 
2018/9/22, 78, 13, 40, 3, 
2018/9/23, 61, 8, 30, 4, 
2018/9/24, 72, 7, 35, 6, 
2018/9/25, 59, 7, 35, 7, 
2018/9/26, 61, 15, 36, 10, 
2018/9/27, 122, 20, 43, 12, 
2018/9/29, 72, 5, 34, 5, 
2018/9/30, 50, 8, 22, , 
2018/4/1, 38, 7, 40, 5, 
2018/4/2, 42, 12, 37, 5, 
2018/4/3, 82, 13, 33, 7, 
2018/4/4, 68, 16, 28, 9, 
2018/4/5, 74, 15, 36, 9, 
2018/4/6, 72, 12, 42, 8, 
2018/4/7, 59, 10, 45, 5, 
2018/4/8, 50, 15, 29, 4, 
2018/4/9, 63, 11, 30, 9, 
2018/4/10, 53, 9, 33, 7, 
2018/4/11, 55, 10, 36, 4, 
2018/4/12, 70, 6, 44, 6, 
2018/4/13, 42, 12, 46, 6, 
2018/4/14, 70, 23, 25, 8, 
2018/4/15, 93, 14, 35, 6, 
2018/4/16, 89, 13, 40, 9, 
2018/4/17, 87, 12, 47, 6, 
2018/4/18, 72, , 53, 6, 
2018/4/19, 82, , 51, 9, 
2018/4/20, 89, 11, 57, 10, 
2018/4/21, 70, 8, 51, 4, 
2018/4/22, 57, 12, 47, 2, 
2018/4/23, 68, 14, 48, 3, 
2018/4/24, 76, 12, 46, 6, 
2018/4/25, 76, 13, 49, 2, 
2018/4/26, 80, , , 3, 
2018/4/27, 61, 10, 50, 6, 
2018/4/28, 80, 16, 41, 3, 
2018/4/29, 82, 4, 39, 2, 
2018/4/30, 50, 5, 31, 4, 
2018/5/1, 46, 7, 29, 7, 
2018/5/2, 53, 13, 23, 8, 
2018/5/3, 72, 11, 41, 6, 
2018/5/4, 82, 11, 33, 6, 
2018/5/5, 76, 14, 46, , 
2018/5/6, 74, 13, 53, , 
2018/5/7, 68, 12, 49, 6, 
2018/5/8, 74, 13, 37, 6, 
2018/5/9, 65, 9, 40, 6, 
2018/5/10, 53, 12, 49, 9, 
2018/5/11, 72, 11, 44, 6, 
2018/5/12, 70, 10, 42, 6, 
2018/5/13, 61, 3, 35, 3, 
2018/5/14, 25, 4, 32, 5, 
2018/5/15, 21, 9, 41, 6, 
2018/5/16, 61, 10, 39, 4, 
2018/5/17, 59, 10, 51, 4, 
2018/5/18, 55, 9, 52, 5, 
2018/5/19, 50, 10, 49, 3, 
2018/5/20, 57, 10, 52, 5, 
2018/5/21, 57, 14, 34, 4, 
2018/5/22, 65, 11, 32, 9, 
2018/5/23, 70, 12, 42, 15, 
2018/5/24, 76, 17, 55, 12, 
2018/5/25, 87, 11, 51, 10, 
2018/5/26, 65, 13, 47, 8, 
2018/5/27, 70, 19, 43, 6, 
2018/5/28, 89, 9, 42, 4, 
2018/5/29, 70, 19, 42, 6, 
2018/5/30, 89, 17, 38, 6, 
2018/5/31, 87, 10, 43, 3, 
2018/6/1, 68, 10, 48, 6, 
2018/6/2, 63, 11, 52, 5, 
2018/6/3, 65, 10, 40, 6, 
2018/6/4, 68, 10, 41, 7, 
2018/6/5, 68, , 47, 8, 
2018/6/6, 74, , 43, 4, 
2018/6/8, 42, 5, 45, 7, 
2018/6/9, 46, 9, 43, 7, 
2018/6/10, 46, 12, 39, 12, 
2018/6/11, 78, , 39, 8, 
2018/6/12, 85, , , , 
2018/6/13, 59, , , 6, 
2018/6/14, 42, , 44, 4, 
2018/6/15, 50, 9, 53, 6, 
2018/6/16, 61, 11, 59, 5, 
2018/6/17, 74, 10, 47, 9, 
2018/6/18, 76, 10, 45, 6, 
2018/6/19, 68, 11, 55, 8, 
2018/6/20, 78, 14, 66, 7, 
2018/6/21, 91, 4, 40, 3, 
2018/6/22, 55, 5, 41, 3, 
2018/6/23, 53, 6, 42, 4, 
2018/6/24, 42, 5, 39, 4, 
2018/6/25, 46, 7, 39, 7, 
2018/6/26, 50, 7, 46, 6, 
2018/6/27, 55, 6, 45, 6, 
2018/6/28, 38, 9, 53, 8, 
2018/6/29, 70, 13, 66, 7, 
2018/6/30, 68, 10, 45, 10, 
2018/1/1, 119, 18, 14, 11, 
2018/1/2, 80, 22, 11, 14, 
2018/1/3, 80, 23, 9, 16, 
2018/1/4, 87, 27, 6, 12, 
2018/1/5, 102, 53, 7, 19, 
2018/1/6, 160, 28, 10, 8, 
2018/1/7, 112, 12, 21, 7, 
2018/1/8, 91, 12, 22, 7, 
2018/1/9, 74, 14, 14, 12, 
2018/1/10, 65, 18, 7, 11, 
2018/1/11, 78, 14, 19, 10, 
2018/1/12, 70, 28, 4, 13, 
2018/1/13, 107, 23, 10, 10, 
2018/1/14, 95, 29, 3, 10, 
2018/1/15, 112, 29, 4, 13, 
2018/1/16, 109, 10, 23, 12, 
2018/1/17, 74, 9, 21, 18, 
2018/1/18, 42, 28, 8, 17, 
2018/1/19, 109, 37, 11, 15, 
2018/1/20, 134, 29, 17, 12, 
2018/1/21, 109, 24, 15, 14, 
2018/1/22, 97, , 16, 14, 
2018/1/25, 157, 55, 14, 14, 
2018/1/26, 163, 49, 4, 13, 
2018/1/27, 155, 25, 18, 10, 
2018/1/28, 99, 14, 7, 11, 
2018/1/29, 89, 18, 8, 12, 
2018/1/30, 93, 22, 10, 12, 
2018/1/31, 107, 20, 6, 12, 
2018/2/1, 85, 10, 15, 14, 
2018/2/2, 46, 3, 30, 9, 
2018/2/3, 21, 15, 22, 10, 
2018/2/4, 68, 17, 20, 11, 
2018/2/5, 74, 18, 28, 17, 
2018/2/6, 68, 18, 28, 20, 
2018/2/7, 70, 15, 13, 20, 
2018/2/8, 78, 35, 14, 18, 
2018/2/9, 127, 26, 13, 18, 
2018/2/10, 104, 21, 25, 9, 
2018/2/11, 82, 19, 20, 6, 
2018/2/12, 74, 10, 24, 22, 
2018/2/13, 55, 17, 21, 23, 
2018/2/14, 91, 31, 18, 26, 
2018/2/15, 119, 43, 11, 22, 
2018/2/16, 152, 45, 17, 23, 
2018/2/17, 152, 25, 28, 10, 
2018/2/18, 95, 11, 30, 10, 
2018/2/19, 55, 18, 26, 19, 
2018/2/20, 72, 17, 23, 13, 
2018/2/21, 72, 7, 30, 14, 
2018/2/22, 34, 8, 28, 9, 
2018/2/23, 30, , 31, 18, 
2018/2/27, 91, 34, 32, 17, 
2018/2/28, 117, 35, 31, 10, 
2018/3/1, 137, 51, 23, 26, 
2018/3/2, 155, 44, 12, 28, 
2018/3/3, 142, 13, 15, 26, 
2018/3/5, 122, 35, 14, 29, 
2018/3/6, 124, 17, 25, 24, 
2018/3/7, 72, 20, 30, 18, 
2018/3/8, 82, 16, 32, 22, 
2018/3/9, 70, 29, 22, 19, 
2018/3/10, 109, , 28, 15, 
2018/3/11, 72, 10, 19, 5, 
2018/3/12, 53, 21, 25, 15, 
2018/3/13, 85, 20, 28, 13, 
2018/3/14, 91, 11, 31, 11, 
2018/3/15, 61, 10, 33, 12, 
2018/3/16, 50, 10, 32, 7, 
2018/3/17, 50, 4, 32, 6, 
2018/3/18, 21, 6, 30, 21, 
2018/3/19, 30, 15, 34, 17, 
2018/3/20, 68, 17, 39, 7, 
2018/3/21, 80, 16, 36, 10, 
2018/3/22, 74, 20, 36, 14, 
2018/3/23, 82, 12, 38, 7, 
2018/3/24, 59, 13, 42, 9, 
2018/3/25, 72, 29, 41, 13, 
2018/3/26, 105, 21, 42, 9, 
2018/3/27, 82, 25, 41, 11, 
2018/3/28, 95, 29, 30, 16, 
2018/3/29, 95, 9, 34, 14, 
2018/3/30, 53, 3, 36, 5, 
2018/3/31, 5, 8, 38, 4, 
2017/10/1, 85, 22, 35, 8, 
2017/10/2, 95, 37, 23, 11, 
2017/10/3, 142, 41, 32, 14, 
2017/10/4, 153, 43, 39, 10, 
2017/10/5, 155, 25, 33, 11, 
2017/10/6, 112, 7, 26, 7, 
2017/10/7, 42, 12, 33, 10, 
2017/10/8, 68, 21, 38, 7, 
2017/10/9, 97, 27, 39, 7, 
2017/10/10, 119, 18, 39, 7, 
2017/10/11, 87, 39, 37, 10, 
2017/10/12, 154, 42, 35, 11, 
2017/10/13, 159, 40, 38, 8, 
2017/10/14, 161, 30, 42, 7, 
2017/10/15, 161, 40, 43, 8, 
2017/10/16, 157, 49, 37, 9, 
2017/10/17, 164, 30, 23, 7, 
2017/10/18, 154, 25, 25, 8, 
2017/10/19, 129, 51, 27, 5, 
2017/10/20, 165, 54, 22, 7, 
2017/10/21, 170, 35, 22, 6, 
2017/10/22, 151, 8, 21, 12, 
2017/10/23, 50, 10, 22, 15, 
2017/10/24, 72, 14, 22, 13, 
2017/10/25, 82, 26, 16, 12, 
2017/10/26, 129, 40, 20, 16, 
2017/10/27, 153, 52, 17, 11, 
2017/10/28, 163, 21, 24, 9, 
2017/10/29, 127, 22, 22, 9, 
2017/10/30, 102, 14, 21, 11, 
2017/10/31, 78, 19, 23, 10, 
2017/11/1, 95, 32, 20, 12, 
2017/11/2, 149, 53, 22, 11, 
2017/11/3, 164, 55, 15, 10, 
2017/11/4, 170, 27, 23, 11, 
2017/11/5, 104, , 22, 6, 
2017/11/6, 9, 2, 24, 6, 
2017/11/7, 21, 10, 17, 11, 
2017/11/8, 55, 18, 11, 11, 
2017/11/9, 80, 20, 11, 13, 
2017/11/10, 87, 18, 4, 14, 
2017/11/11, 87, 20, 9, 15, 
2017/11/12, 85, 3, 30, 8, 
2017/11/13, 17, 9, 21, 13, 
2017/11/14, 57, 15, 11, 13, 
2017/11/15, 72, 13, 14, 15, 
2017/11/16, 85, 28, 5, 17, 
2017/11/17, 104, 30, 11, 13, 
2017/11/18, 109, 35, 12, 13, 
2017/11/19, 132, 23, 4, 13, 
2017/11/20, 112, 50, 3, 18, 
2017/11/21, 155, 42, 4, 19, 
2017/11/22, 152, 56, 5, 14, 
2017/11/23, 168, 57, 2, 17, 
2017/11/24, 170, 53, 6, 15, 
2017/11/25, 164, 12, 24, 13, 
2017/11/26, 59, 14, 14, 14, 
2017/11/27, 65, 31, 2, 17, 
2017/11/28, 114, 23, 7, 14, 
2017/11/29, 87, 29, 9, 13, 
2017/11/30, 99, 16, 7, 11, 
2017/12/1, 65, 10, 21, 6, 
2017/12/2, 55, 20, 15, 12, 
2017/12/3, 78, 29, 10, 18, 
2017/12/4, 109, 50, 3, 20, 
2017/12/5, 158, 41, 4, 19, 
2017/12/6, 151, 52, 2, 19, 
2017/12/7, 158, 53, 2, 15, 
2017/12/8, 158, 20, 13, 15, 
2017/12/9, 76, 15, 14, 11, 
2017/12/10, 57, 25, 11, 11, 
2017/12/11, 87, 29, 2, 11, 
2017/12/12, 104, 26, 4, 13, 
2017/12/13, 93, 34, 2, 17, 
2017/12/14, 122, 20, 2, 14, 
2017/12/15, 114, 13, 21, 15, 
2017/12/16, 61, 26, 9, 11, 
2017/12/17, 104, 32, 4, 12, 
2017/12/18, 127, 37, 4, 16, 
2017/12/19, 144, 47, 3, 18, 
2017/12/20, 155, 51, 3, 18, 
2017/12/21, 155, 53, 2, 18, 
2017/12/22, 163, 50, 8, 19, 
2017/12/23, 154, 47, 5, 18, 
2017/12/24, 151, 53, 3, 18, 
2017/12/25, 157, 53, 7, 15, 
2017/12/26, 157, 19, 13, 10, 
2017/12/27, 70, 5, 18, 10, 
2017/12/28, 25, , , , 
2017/12/31, 147, 30, 8, 11, 
2017/7/1, 55, 2, 47, 7, 
2017/7/2, 65, 8, 49, 5, 
2017/7/3, 55, 7, 49, 4, 
2017/7/4, 46, 10, 69, 5, 
2017/7/5, 53, 11, 81, 8, 
2017/7/6, 72, 13, 86, 13, 
2017/7/7, 76, 13, 91, 13, 
2017/7/8, 80, 8, 65, 5, 
2017/7/9, 53, 10, 60, 6, 
2017/7/10, 68, 13, 54, 7, 
2017/7/11, 65, 12, 63, 7, 
2017/7/12, 70, 13, 66, 6, 
2017/7/13, 70, 7, 49, 4, 
2017/7/14, 42, 6, 45, 7, 
2017/7/15, 55, 6, 42, 7, 
2017/7/16, 46, 9, 51, 8, 
2017/7/17, 61, 11, 74, 10, 
2017/7/18, 70, 13, 82, 9, 
2017/7/19, 63, 14, 77, 12, 
2017/7/20, 78, , , , 
2017/7/26, 68, , 63, , 
2017/7/27, 78, , 70, , 
2017/7/28, 74, 11, 59, , 
2017/7/29, 65, 7, 61, , 
2017/7/30, 46, 10, 67, , 
2017/7/31, 65, , 81, 7, 
2017/8/1, 70, , 85, 6, 
2017/8/2, 99, , 79, 7, 
2017/8/3, 85, 17, 89, 7, 
2017/8/4, 109, 13, 77, 6, 
2017/8/5, 99, 12, 66, 5, 
2017/8/6, 85, 4, 46, 3, 
2017/8/7, 53, 6, 55, 6, 
2017/8/8, 59, 10, 51, 4, 
2017/8/9, 68, 10, 32, 6, 
2017/8/10, 89, 6, 42, 3, 
2017/8/11, 57, 6, 52, 3, 
2017/8/12, 53, 6, 50, 4, 
2017/8/13, 55, 6, 45, 4, 
2017/8/14, 50, 6, 50, 2, 
2017/8/15, 38, 8, 64, 5, 
2017/8/16, 59, 10, 67, 4, 
2017/8/17, 68, 10, 61, 5, 
2017/8/18, 70, 11, 59, 4, 
2017/8/19, 72, 3, 44, 1, 
2017/8/20, 30, 5, 41, 6, 
2017/8/21, 55, 7, 46, 5, 
2017/8/22, 61, 9, 58, 6, 
2017/8/23, 59, 10, 69, 3, 
2017/8/24, 63, 10, 57, 2, 
2017/8/26, 65, 13, 78, 4, 
2017/8/27, 78, 12, 48, 5, 
2017/8/28, 85, 8, 47, 4, 
2017/8/29, 65, 11, 60, 5, 
2017/8/30, 80, 11, 48, , 
2017/8/31, 78, 9, 44, 3, 
2017/9/1, 59, 5, 34, 3, 
2017/9/2, 46, 2, 35, 8, 
2017/9/3, 22, 4, 38, 11, 
2017/9/4, 48, 5, 38, 11, 
2017/9/5, 50, , , , 
2017/9/8, 30, 10, 43, 7, 
2017/9/9, 61, 6, 35, 3, 
2017/9/10, 30, 8, 30, 6, 
2017/9/11, 34, 7, 26, 11, 
2017/9/12, 59, 9, 32, 8, 
2017/9/13, 63, 13, 25, 14, 
2017/9/14, 78, , 24, 8, 
2017/9/16, 50, 5, 35, 5, 
2017/9/17, 50, 4, 23, 6, 
2017/9/18, 46, 3, 24, 4, 
2017/9/19, 25, 6, 32, 6, 
2017/9/20, 42, 13, 37, 7, 
2017/9/21, 68, 20, 43, 13, 
2017/9/22, 91, 28, 42, 7, 
2017/9/23, 112, 15, 37, 5, 
2017/9/24, 72, 6, 37, 5, 
2017/9/25, 50, 11, 35, 8, 
2017/9/26, 59, 16, 37, 7, 
2017/9/27, 87, 19, 37, 6, 
2017/9/28, 107, 19, 38, 6, 
2017/9/29, 85, 14, 38, 6, 
2017/9/30, 82, 19, 27, 5, 
2017/4/1, 86, 15, 42, 2, 
2017/4/2, 76, 15, 39, 4, 
2017/4/3, 86, 18, 39, 10, 
2017/4/4, 90, 12, 43, 7, 
2017/4/5, 58, 20, 32, 6, 
2017/4/6, 85, 9, 39, 6, 
2017/4/7, 56, 9, 46, 5, 
2017/4/8, 67, 10, 47, 4, 
2017/4/9, 65, 11, 45, 4, 
2017/4/10, 69, 11, 43, 4, 
2017/4/11, 65, 6, 42, 4, 
2017/4/12, 50, 12, 49, 6, 
2017/4/13, 73, 13, 51, 3, 
2017/4/14, 79, 19, 36, 3, 
2017/4/15, 86, 14, 40, 3, 
2017/4/16, 65, 4, 41, 3, 
2017/4/17, 22, 6, 34, 5, 
2017/4/18, 37, 7, 39, 7, 
2017/4/19, 38, 8, 38, 9, 
2017/4/20, 45, 11, 43, 7, 
2017/4/21, 58, 15, 53, 11, 
2017/4/22, 75, 12, 51, 5, 
2017/4/23, 63, 10, 51, 2, 
2017/4/24, 55, 10, 44, 2, 
2017/4/25, 56, 10, 35, 8, 
2017/4/26, 55, 10, 23, 6, 
2017/4/27, 71, 6, 37, 6, 
2017/4/28, 47, 9, 43, 6, 
2017/4/29, 54, 10, 49, 6, 
2017/4/30, 60, 14, 43, 5, 
2017/5/1, 67, 7, 45, 5, 
2017/5/2, 39, 9, 40, 5, 
2017/5/3, 49, 10, 32, 5, 
2017/5/4, 50, 10, 43, 7, 
2017/5/5, 52, 14, 42, 3, 
2017/5/6, 64, 6, 41, 4, 
2017/5/7, 35, 9, 28, 6, 
2017/5/8, 54, 4, 40, 6, 
2017/5/9, 22, 6, 40, 5, 
2017/5/10, 41, 9, 40, 6, 
2017/5/11, 54, 10, 36, 6, 
2017/5/12, 64, 9, 42, 7, 
2017/5/13, 55, 9, 41, 3, 
2017/5/14, 67, 5, 41, 3, 
2017/5/15, 53, 7, , 5, 
2017/5/16, 54, 10, 59, 5, 
2017/5/17, 64, 10, 55, 6, 
2017/5/18, 57, 10, 42, 4, 
2017/5/19, 50, 10, 34, 4, 
2017/5/20, 54, 7, 45, 4, 
2017/5/21, 50, 9, 50, 6, 
2017/5/22, 58, 13, 64, 7, 
2017/5/23, 71, 22, 65, 4, 
2017/5/24, 100, 7, 48, 1, 
2017/5/25, 52, 7, 48, 3, 
2017/5/26, 42, 9, 55, 4, 
2017/5/27, 56, 10, 51, 3, 
2017/5/28, 58, 9, 51, 3, 
2017/5/29, 57, 9, 73, 3, 
2017/5/30, 69, 10, 68, 3, 
2017/5/31, 70, 10, 63, 5, 
2017/6/1, 71, 12, 63, 4, 
2017/6/2, 70, 11, 61, 5, 
2017/6/3, 71, 10, 47, 6, 
2017/6/4, 55, 9, 44, 4, 
2017/6/5, 56, 9, 41, 2, 
2017/6/6, 55, 9, 46, 4, 
2017/6/7, 62, 5, 45, 4, 
2017/6/8, 42, 8, 59, 10, 
2017/6/9, 58, 18, 87, 8, 
2017/6/10, 91, 10, 59, 6, 
2017/6/11, 51, 10, 62, 5, 
2017/6/12, 56, 10, 76, 6, 
2017/6/13, 67, 11, 71, 4, 
2017/6/14, 69, 11, 68, 6, 
2017/6/15, 63, 21, 81, 8, 
2017/6/16, 97, 11, 62, 4, 
2017/6/17, 64, 8, 50, 9, 
2017/6/18, 63, 9, 58, 10, 
2017/6/19, 71, 11, 89, 8, 
2017/6/20, 73, 12, 82, 12, 
2017/6/21, 74, 13, 95, 7, 
2017/6/22, 72, 16, 84, 7, 
2017/6/23, 81, 17, 75, 11, 
2017/6/24, 82, 11, 49, 5, 
2017/6/25, 68, 9, 57, 5, 
2017/6/26, 57, 9, 50, 5, 
2017/6/27, 57, 10, 50, 6, 
2017/6/28, 57, 5, , 3, 
2017/6/29, 38, 5, 42, 3, 
2017/6/30, 41, 7, 44, 4, 
2017/1/4, 147, 20, 28, 14, 
2017/1/5, 76, 11, 19, 10, 
2017/1/6, 61, 20, 22, 11, 
2017/1/7, 87, 36, 17, 15, 
2017/1/8, 142, 50, 6, 18, 
2017/1/9, 156, 36, 12, 17, 
2017/1/10, 117, 25, 17, 18, 
2017/1/11, 102, 46, 4, 22, 
2017/1/12, 154, 32, 9, 14, 
2017/1/13, 107, 15, 16, 15, 
2017/1/14, 63, 30, 12, 11, 
2017/1/15, 99, 13, 24, 11, 
2017/1/18, 72, 15, 29, 6, 
2017/1/19, 74, 26, 19, 17, 
2017/1/20, 104, 35, 16, 19, 
2017/1/21, 137, 44, 14, 22, 
2017/1/22, 149, 38, 14, 17, 
2017/1/23, 134, 34, 11, 19, 
2017/1/24, 122, 26, 25, 11, 
2017/1/25, 104, 28, 19, 14, 
2017/1/26, 114, 36, 18, 17, 
2017/1/27, 149, 51, 13, 22, 
2017/1/28, 159, 57, 12, 23, 
2017/1/29, 175, 59, 6, 18, 
2017/1/30, 190, 67, 4, 21, 
2017/1/31, 195, , 2, 16, 
2017/2/1, 195, 62, 2, 16, 
2017/2/2, 183, 23, 4, 13, 
2017/2/3, 109, 17, 6, 15, 
2017/2/4, 70, 12, 24, 14, 
2017/2/5, 55, 12, 25, 13, 
2017/2/6, 55, 15, 17, 10, 
2017/2/7, 65, 16, 24, 6, 
2017/2/8, 70, 20, 22, 6, 
2017/2/9, 78, 18, 13, 9, 
2017/2/10, 76, 31, 10, 10, 
2017/2/11, 117, 42, 14, 10, 
2017/2/12, 149, 40, 14, 12, 
2017/2/13, 139, 34, 13, 22, 
2017/2/14, 129, 35, 7, 25, 
2017/2/15, 134, 34, , 22, 
2017/2/16, 119, , , 22, 
2017/2/21, 137, 42, 19, 14, 
2017/2/22, 162, 23, 20, 11, 
2017/2/23, 102, 30, 15, 14, 
2017/2/24, 117, 6, 31, 6, 
2017/2/25, 38, 19, 28, 14, 
2017/2/26, 76, 22, 31, 7, 
2017/2/27, 82, 13, 29, 6, 
2017/2/28, 61, 9, 33, 6, 
2017/3/1, 46, 18, 26, 10, 
2017/3/2, 72, 21, 30, 10, 
2017/3/3, 95, 15, 24, 6, 
2017/3/4, 95, 4, 32, 5, 
2017/3/5, 13, 10, 25, 8, 
2017/3/6, 50, 14, 28, 9, 
2017/3/7, 65, 11, 28, 11, 
2017/3/8, 65, 21, 29, 21, 
2017/3/9, 91, 25, 30, 17, 
2017/3/10, 102, 8, 34, 5, 
2017/3/11, 55, 12, 36, 6, 
2017/3/12, 61, 17, 35, 10, 
2017/3/13, 82, 27, 33, 19, 
2017/3/14, 112, 30, 39, 8, 
2017/3/15, 127, 30, 39, 5, 
2017/3/16, 122, 38, 43, 7, 
2017/3/17, 152, 28, 30, 11, 
2017/3/18, 107, 42, 37, 3, 
2017/3/19, 154, 28, 35, 3, 
2017/3/20, 112, 25, 34, 3, 
2017/3/21, 102, 23, 31, 3, 
2017/3/22, 107, 19, 31, 4, 
2017/3/23, 89, 20, 33, 10, 
2017/3/24, 91, 20, 35, 11, 
2017/3/25, 95, 9, 39, 2, 
2017/3/26, 53, 9, 38, 5, 
2017/3/27, 56, 20, 33, 13, 
2017/3/28, 87, 23, 33, 12, 
2017/3/29, 98, 20, 40, 15, 
2017/3/30, 91, 20, 44, 8, 
2017/3/31, 82, 20, 39, 5, 
2016/10/1, 59, 16, 30, 5, 
2016/10/2, 63, 8, 30, 6, 
2016/10/3, 50, 11, 27, 12, 
2016/10/4, 70, 10, 28, 16, 
2016/10/5, 59, 5, 28, 6, 
2016/10/6, 38, 13, 27, 9, 
2016/10/8, 65, 10, 23, 5, 
2016/10/9, 46, 7, 27, 6, 
2016/10/10, 42, 10, 18, 11, 
2016/10/11, 55, 19, 23, 14, 
2016/10/12, 82, 26, 13, 12, 
2016/10/13, 95, 10, 20, , 
2016/10/15, 78, 17, 20, 4, 
2016/10/16, 74, 22, 15, 6, 
2016/10/17, 97, 28, 19, 10, 
2016/10/18, 127, 16, 17, 4, 
2016/10/19, 74, 7, 16, , 
2016/10/20, 34, 11, 19, 13, 
2016/10/21, 57, 13, 22, 6, 
2016/10/22, 61, 23, 16, 5, 
2016/10/23, 89, 19, 15, 5, 
2016/10/24, 85, 24, 9, 8, 
2016/10/25, 119, 23, 4, 11, 
2016/10/26, 97, 10, 23, 7, 
2016/10/27, 59, 17, 21, 11, 
2016/10/29, 119, 33, 23, 9, 
2016/10/30, 149, 20, 11, 9, 
2016/10/31, 95, 26, 16, 10, 
2016/11/1, 144, 44, 14, 8, 
2016/11/2, 153, 30, 15, 11, 
2016/11/3, 124, 11, 12, 13, 
2016/11/5, 63, 10, 7, 8, 
2016/11/6, 53, 10, 19, 14, 
2016/11/7, 55, 16, 9, 12, 
2016/11/8, 68, 23, 11, 11, 
2016/11/9, 93, 34, 11, 14, 
2016/11/10, 122, 35, 11, 14, 
2016/11/12, 78, 20, 8, 13, 
2016/11/13, 78, 15, 13, 11, 
2016/11/14, 72, , , , 
2016/7/1, 87, 14, 59, 4, 
2016/7/2, 85, 16, 47, 3, 
2016/7/3, 76, 8, 44, 8, 
2016/7/4, 53, 8, 57, 7, 
2016/7/5, 53, , 57, 7, 
2016/7/7, 65, 12, 50, 9, 
2016/7/8, 65, 16, 70, 7, 
2016/7/9, 89, 17, 65, 6, 
2016/7/10, 74, 17, 65, 6, 
2016/7/11, 79, 17, 66, 7, 
2016/7/12, 92, 9, 47, 7, 
2016/7/13, 74, 5, 40, 4, 
2016/7/14, 53, 5, 40, 11, 
2016/7/15, 53, 7, 44, 11, 
2016/7/16, 60, 9, 55, 6, 
2016/7/17, 61, 13, 83, 11, 
2016/7/18, 85, 13, 83, 6, 
2016/7/19, 72, 13, 78, 5, 
2016/7/20, 65, 10, 58, 6, 
2016/7/21, 59, 10, 66, 7, 
2016/7/22, 59, 14, 47, 7, 
2016/7/23, 85, 15, 40, 7, 
2016/7/24, 90, 15, 61, 6, 
2016/7/25, 87, 14, 49, 7, 
2016/7/26, 101, 14, 59, 8, 
2016/7/27, 95, 8, 55, 6, 
2016/7/28, 44, 8, 55, 7, 
2016/7/29, 42, 11, 62, 6, 
2016/7/30, 65, 10, 53, 6, 
2016/7/31, 61, 7, 47, 5, 
2016/8/1, 61, 7, 46, 5, 
2016/8/2, 62, 7, 55, 6, 
2016/8/3, 63, 9, 65, 6, 
2016/8/4, 64, 10, 37, 6, 
2016/8/5, 59, 7, 37, 12, 
2016/8/6, 46, 8, 41, 7, 
2016/8/7, 56, 11, 50, 8, 
2016/8/8, 80, 13, 57, 11, 
2016/8/9, 84, 6, 39, 4, 
2016/8/10, 36, 5, 37, 5, 
2016/8/11, 30, 5, 37, 5, 
2016/8/12, 30, 10, 43, 8, 
2016/8/13, 61, 8, 48, 6, 
2016/8/14, 57, 7, 41, 4, 
2016/8/15, 46, 9, 53, 6, 
2016/8/16, 61, 10, 50, 9, 
2016/8/17, 70, 10, 46, 5, 
2016/8/18, 57, , , , 
2016/8/20, 72, 13, 39, 4, 
2016/8/21, 68, 4, 37, 6, 
2016/8/22, 50, 9, 43, 8, 
2016/8/23, 65, 11, 38, 11, 
2016/8/24, 76, 10, 44, 5, 
2016/8/27, 89, 16, 66, 7, 
2016/8/28, 87, 20, 66, 9, 
2016/8/29, 91, 15, 44, 5, 
2016/8/30, 68, 12, 49, 6, 
2016/8/31, 70, 15, 59, 10, 
2016/9/1, 87, 13, 61, , 
2016/9/2, 85, 12, 56, 6, 
2016/9/3, 76, 13, 58, 5, 
2016/9/4, 72, 12, 45, 4, 
2016/9/5, 63, 8, 33, 6, 
2016/9/6, 59, 11, 39, 7, 
2016/9/7, 65, 18, 49, 8, 
2016/9/8, 93, 19, 51, 11, 
2016/9/10, 95, 20, 43, 8, 
2016/9/11, 109, 22, 50, 9, 
2016/9/12, 114, 25, 52, 12, 
2016/9/13, 132, 21, 49, 9, 
2016/9/14, 112, 24, 32, 10, 
2016/9/15, 99, 19, 21, 10, 
2016/9/16, 76, 7, 35, 11, 
2016/9/17, 50, 5, 33, 5, 
2016/9/18, 38, 10, 34, 8, 
2016/9/19, 65, 11, 39, 12, 
2016/9/20, 70, 10, , 6, 
2016/9/21, 61, 9, , 8, 
2016/9/22, 61, 9, 34, 10, 
2016/9/24, 63, 16, 43, 10, 
2016/9/25, 76, 19, 42, 11, 
2016/9/26, 87, 14, 39, 9, 
2016/9/27, 74, 18, 41, 10, 
2016/9/28, 93, 27, 43, 9, 
2016/9/29, 147, , , 12, 
2016/4/1, 99, 13, 30, 3, 
2016/4/2, 95, 18, 30, 8, 
2016/4/3, 96, 19, 30, 3, 
2016/4/4, 98, 19, 29, 2, 
2016/4/5, 108, 31, 29, 6, 
2016/4/6, 153, 17, 32, 3, 
2016/4/7, 99, 19, 30, 1, 
2016/4/8, 98, 7, 27, 1, 
2016/4/9, 48, 12, 35, , 
2016/4/10, 74, 10, 37, 6, 
2016/4/11, 70, 10, 38, 4, 
2016/4/12, 73, 11, 38, 4, 
2016/4/13, 86, 6, 37, , 
2016/4/14, 32, 6, 40, , 
2016/4/15, 30, 6, 44, , 
2016/4/16, 59, 12, 34, , 
2016/4/17, 87, 9, 36, , 
2016/4/18, 76, 5, 36, , 
2016/4/19, 55, 9, 39, 6, 
2016/4/20, 67, 10, 43, 7, 
2016/4/21, 68, 10, 43, 7, 
2016/4/22, 68, 12, 34, 4, 
2016/4/23, 61, 6, 28, 3, 
2016/4/24, 31, 2, 37, 5, 
2016/4/25, 17, 9, 29, 8, 
2016/4/26, 57, 10, 36, 9, 
2016/4/27, 71, 8, 37, 4, 
2016/4/28, 55, 8, 41, 5, 
2016/4/29, 55, 9, 43, 6, 
2016/4/30, 60, 6, 37, 4, 
2016/5/1, 35, 9, 26, 7, 
2016/5/2, 57, 7, 39, 6, 
2016/5/3, 57, 7, 39, 6, 
2016/5/4, 57, , , , 
2016/5/8, 61, 14, 38, 6, 
2016/5/9, 67, 17, 43, 5, 
2016/5/10, 79, 15, 33, 8, 
2016/5/11, 72, 2, 37, 4, 
2016/5/12, 19, 4, 28, 6, 
2016/5/13, 17, 10, 39, 5, 
2016/5/14, 76, 6, 41, 2, 
2016/5/15, 47, 6, 38, 3, 
2016/5/16, 52, 9, 43, 5, 
2016/5/17, 50, 10, 48, 6, 
2016/5/18, 58, 7, 34, 5, 
2016/5/19, 46, 8, 43, 6, 
2016/5/20, 46, 9, 55, 8, 
2016/5/21, 57, 10, 55, 5, 
2016/5/22, 60, 8, 41, 3, 
2016/5/23, 53, 5, 36, 3, 
2016/5/24, 38, 8, 44, 4, 
2016/5/25, 60, 11, 49, 5, 
2016/5/26, 84, 12, 49, 6, 
2016/5/27, 85, 12, 51, 3, 
2016/5/28, 70, 13, 38, 3, 
2016/5/29, 68, 5, 35, 3, 
2016/5/30, 55, 4, 34, 6, 
2016/5/31, 50, 6, 38, 6, 
2016/6/1, 50, 12, 37, 4, 
2016/6/2, 73, 10, 34, 4, 
2016/6/3, 74, 13, 33, 5, 
2016/6/4, 74, 12, 42, 5, 
2016/6/5, 63, 10, 43, 8, 
2016/6/6, 53, 10, 49, 7, 
2016/6/7, 69, 17, 48, 7, 
2016/6/8, 81, 10, 42, 2, 
2016/6/9, 47, 10, 41, 4, 
2016/6/10, 46, 10, 43, 5, 
2016/6/11, 72, 7, 39, 5, 
2016/6/12, 53, 6, 44, 6, 
2016/6/13, 46, 4, 36, 4, 
2016/6/14, 30, 4, 35, 5, 
2016/6/15, 45, 8, 37, 4, 
2016/6/16, 70, 7, 33, 4, 
2016/6/17, 73, 8, 37, 7, 
2016/6/18, 63, 7, 30, 4, 
2016/6/19, 55, 7, 40, 5, 
2016/6/20, 60, 8, 48, 5, 
2016/6/21, 42, 10, 60, 6, 
2016/6/22, 70, 19, 63, 8, 
2016/6/23, 107, 20, 63, 6, 
2016/6/24, 109, 21, 64, 6, 
2016/6/25, 147, 16, 50, 3, 
2016/6/26, 95, 10, 45, 4, 
2016/6/27, 69, 7, 46, 4, 
2016/6/28, 53, 9, 53, 5, 
2016/6/29, 60, 12, 61, 8, 
2016/6/30, 85, 13, 56, 6, 
2016/1/4, 78, 20, 3, 14, 
2016/1/5, 76, 29, 4, 17, 
2016/1/6, 112, 30, 4, 13, 
2016/1/7, 109, 40, 3, 13, 
2016/1/8, 139, 43, 1, 13, 
2016/1/9, 151, 26, 4, 15, 
2016/1/10, 102, 17, 6, 15, 
2016/1/11, 80, 10, 17, 22, 
2016/1/12, 55, 8, 21, 13, 
2016/1/13, 53, 20, 9, 13, 
2016/1/14, 91, 27, 11, 17, 
2016/1/15, 104, 29, 9, 15, 
2016/1/16, 114, 18, 18, 13, 
2016/1/17, 76, 11, 17, 17, 
2016/1/18, 65, 34, 6, 22, 
2016/1/19, 137, 46, 3, 19, 
2016/1/20, 157, 52, 6, 22, 
2016/1/21, 163, 52, 3, 20, 
2016/1/22, 161, 59, 5, 21, 
2016/1/23, 171, 59, 8, 18, 
2016/1/24, 178, 58, 8, 22, 
2016/1/25, 182, 53, 11, 21, 
2016/1/26, 173, 63, 4, 27, 
2016/1/27, 176, 69, 3, 24, 
2016/1/28, 192, 66, 3, 26, 
2016/1/29, 191, 60, 4, 18, 
2016/1/30, 205, 17, 4, 17, 
2016/1/31, 139, 24, 9, 12, 
2016/2/1, 137, 23, 12, 11, 
2016/2/2, 151, 22, , 11, 
2016/2/3, 129, 11, 18, 19, 
2016/2/4, 55, 20, 14, 16, 
2016/2/6, 93, 25, 18, 13, 
2016/2/7, 102, 20, 15, 17, 
2016/2/8, 76, 14, 18, 13, 
2016/2/9, 65, 4, 30, 12, 
2016/2/10, 21, 16, 17, 15, 
2016/2/11, 74, 19, 23, 15, 
2016/2/12, 80, 29, 24, 16, 
2016/2/13, 112, 29, 17, 9, 
2016/2/14, 104, 25, 10, 13, 
2016/2/15, 97, 6, 23, 6, 
2016/2/16, 38, 7, 24, 7, 
2016/2/17, 38, 20, 15, 9, 
2016/2/18, 82, , 24, 9, 
2016/2/20, 55, 22, 26, 17, 
2016/2/21, 93, 42, 16, 7, 
2016/2/22, 152, 39, 15, 11, 
2016/2/23, 151, 8, 25, 10, 
2016/2/24, 59, 12, 20, 8, 
2016/2/25, 59, 20, 17, 17, 
2016/2/26, 85, 13, 24, 9, 
2016/2/27, 61, 6, 29, 3, 
2016/2/28, 50, 4, 30, 5, 
2016/2/29, 30, 16, 26, 11, 
2016/3/1, 72, 13, 23, 13, 
2016/3/2, 59, 3, 32, 6, 
2016/3/3, 25, 10, 24, 10, 
2016/3/4, 50, 9, 24, 11, 
2016/3/5, 55, 16, 17, 7, 
2016/3/6, 85, 17, 19, 11, 
2016/3/7, 85, 15, 30, 15, 
2016/3/8, 65, 9, 32, 9, 
2016/3/9, 42, 22, 27, 10, 
2016/3/10, 91, 16, 25, 11, 
2016/3/12, 82, 10, 27, 3, 
2016/3/13, 61, , 28, , 
2016/3/15, 80, 10, 28, 4, 
2016/3/16, 61, 22, 26, 9, 
2016/3/17, 93, 28, 31, 15, 
2016/3/18, 104, 25, 32, 19, 
2016/3/19, 99, , , , 
2016/3/21, 95, 15, 35, 5, 
2016/3/22, 72, 10, 32, 6, 
2016/3/23, 63, 14, 31, 11, 
2016/3/24, 82, , , , 
2016/3/26, 109, 23, 39, 4, 
2016/3/27, 99, 19, 33, 6, 
2016/3/28, 82, 11, 32, 10, 
2016/3/29, 63, 11, 30, 6, 
2016/3/30, 69, 17, 31, 4, 
2016/3/31, 97, 18, 29, 5, 
2015/10/1, 61, , , , 
2015/10/15, 34, 5, 21, 6, 
2015/10/16, 34, 10, 26, 8, 
2015/10/17, 57, 16, 19, 8, 
2015/10/18, 79, 18, 19, 9, 
2015/10/19, 90, 7, 20, 10, 
2015/10/20, 64, 9, 26, 13, 
2015/10/21, 57, 10, 25, 13, 
2015/10/22, 69, 21, 21, 14, 
2015/10/23, 110, 31, 18, 14, 
2015/10/24, 145, 37, 13, 13, 
2015/10/25, 154, 22, 13, 13, 
2015/10/26, 125, 36, 9, 15, 
2015/10/27, 160, 30, 17, 11, 
2015/10/28, 149, 10, 14, 12, 
2015/10/29, 63, 12, 15, 12, 
2015/10/30, 78, 17, 28, 10, 
2015/10/31, 91, 15, 26, 6, 
2015/11/1, 80, 21, 18, 17, 
2015/11/2, 104, 30, 13, 18, 
2015/11/3, 132, 30, 15, 17, 
2015/11/4, 129, 27, 15, 18, 
2015/11/5, 137, , , 20, 
2015/11/6, 153, 31, 14, 16, 
2015/11/7, 152, 40, 14, 17, 
2015/11/8, 161, 30, 14, 17, 
2015/11/9, 137, 22, 10, 13, 
2015/11/10, 124, 16, 4, 16, 
2015/11/11, 112, 20, 8, 18, 
2015/11/12, 117, 14, , 21, 
2015/11/13, 107, 20, 4, 17, 
2015/11/14, 129, 25, 10, 11, 
2015/11/15, 144, 24, 4, 11, 
2015/11/16, 142, 23, 5, 10, 
2015/11/17, 147, 20, 8, 13, 
2015/11/18, 132, 18, 7, 14, 
2015/11/19, 137, 14, 8, 11, 
2015/11/20, 102, 2, 22, 9, 
2015/11/21, 57, 5, 22, 9, 
2015/11/22, 30, 11, 16, 13, 
2015/11/23, 63, 13, 18, 15, 
2015/11/24, 74, 24, 7, 15, 
2015/11/25, 114, 35, 2, 18, 
2015/11/26, 151, 28, 9, 17, 
2015/11/27, 122, 36, 3, 17, 
2015/11/28, 142, 48, 4, 18, 
2015/11/29, 156, 55, 4, 20, 
2015/11/30, 165, 37, 2, 20, 
2015/12/1, 159, 33, 2, 17, 
2015/12/2, 155, 13, 2, 18, 
2015/12/3, 95, 11, 4, 20, 
2015/12/4, 80, 21, 7, 16, 
2015/12/5, 119, 26, 7, 18, 
2015/12/6, 124, 36, 2, 18, 
2015/12/7, 152, 32, 3, 16, 
2015/12/8, 153, 14, 3, 14, 
2015/12/9, 93, 11, 2, 15, 
2015/12/10, 78, 11, 2, 17, 
2015/12/11, 70, 18, 2, 18, 
2015/12/12, 102, 26, 1, 15, 
2015/12/13, 112, 50, 2, 14, 
2015/12/14, 157, 48, 1, 18, 
2015/12/15, 162, 45, 1, 18, 
2015/12/16, 159, 43, 1, 26, 
2015/12/17, 161, 44, 3, 22, 
2015/12/18, 160, 40, 1, 19, 
2015/12/19, 158, 31, 2, 14, 
2015/12/20, 152, 36, 2, 15, 
2015/12/21, 155, 36, 1, 17, 
2015/12/22, 159, 30, 2, 16, 
2015/12/23, 151, , , , 
2015/12/25, 149, 30, 7, 13, 
2015/12/26, 137, 16, 9, 14, 
2015/12/27, 89, 11, 5, 16, 
2015/12/28, 72, 9, 5, 13, 
2015/12/29, 70, , , , 
2016/1/1, 134, 23, 13, 15, 
2016/1/2, 95, 16, 11, 14, 
2016/1/3, 70, 22, 12, 16, 
2015/7/1, 67, 11, 64, 5, 
2015/7/2, 69, 12, 74, 6, 
2015/7/3, 70, 14, 77, 6, 
2015/7/4, 85, 16, 67, 4, 
2015/7/5, 76, 18, 75, 4, 
2015/7/6, 88, 18, 69, 5, 
2015/7/7, 82, 17, 58, 6, 
2015/7/8, 96, 8, 43, 6, 
2015/7/9, 62, 8, 44, 6, 
2015/7/10, 59, 9, 67, 6, 
2015/7/11, 67, 11, 74, 5, 
2015/7/12, 68, 13, 71, 6, 
2015/7/13, 77, 14, 69, 6, 
2015/7/14, 74, 14, 65, 5, 
2015/7/15, 72, 15, 64, 4, 
2015/7/16, 77, 15, 62, 5, 
2015/7/17, 88, 15, 70, 9, 
2015/7/18, 87, 16, 67, 13, 
2015/7/19, 92, 14, 53, 6, 
2015/7/20, 82, 15, 67, 7, 
2015/7/21, 92, 19, 89, 7, 
2015/7/22, 106, 17, 87, 9, 
2015/7/23, 93, 14, 67, 7, 
2015/7/24, 93, 11, 52, 7, 
2015/7/25, 76, 7, 42, 3, 
2015/7/26, 53, 8, 48, 5, 
2015/7/27, 73, 9, 50, 3, 
2015/7/28, 65, 10, 55, 5, 
2015/7/29, 75, 6, 39, 4, 
2015/7/30, 55, 6, 44, 2, 
2015/7/31, 55, 9, 41, 5, 
2015/8/1, 62, 14, 48, 5, 
2015/8/2, 73, 10, 54, 7, 
2015/8/3, 63, 14, 65, 6, 
2015/8/4, 86, 15, 63, 9, 
2015/8/5, 82, 17, 72, 7, 
2015/8/6, 94, 24, 66, 8, 
2015/8/7, 111, 25, 64, 10, 
2015/8/8, 116, 20, 59, 5, 
2015/8/9, 97, 10, 43, 3, 
2015/8/10, 71, 15, 55, 15, 
2015/8/11, 77, 19, 66, 13, 
2015/8/12, 107, 20, 72, 10, 
2015/8/13, 104, 23, 67, 7, 
2015/8/14, 135, 12, 43, 5, 
2015/8/15, 72, 5, 33, 3, 
2015/8/16, 35, 5, 38, 4, 
2015/8/17, 41, 8, 40, 6, 
2015/8/18, 66, 7, 40, 6, 
2015/8/19, 39, 7, , , 
2015/8/20, 38, 8, 37, 6, 
2015/8/21, 53, 11, 43, 6, 
2015/8/22, 67, 12, 43, 6, 
2015/8/23, 63, 10, 36, 5, 
2015/8/24, 57, 10, 36, 6, 
2015/8/25, 60, 10, 36, 6, 
2015/8/26, 61, 11, 53, 8, 
2015/8/27, 74, 15, 64, 8, 
2015/8/28, 102, 12, 66, 5, 
2015/8/29, 87, 12, 64, 5, 
2015/8/30, 85, 14, 62, 9, 
2015/8/31, 112, 10, 44, 6, 
2015/9/1, 104, 11, 45, 6, 
2015/9/2, 89, 8, 43, 5, 
2015/9/3, 76, 8, 43, 8, 
2015/9/4, 61, 9, 37, 6, 
2015/9/5, 73, 3, 37, 5, 
2015/9/6, 35, 4, 35, 6, 
2015/9/7, 49, 5, 34, 8, 
2015/9/8, 54, 7, 35, 9, 
2015/9/9, 67, 8, 38, 5, 
2015/9/10, 57, 11, 39, 7, 
2015/9/11, 73, 13, 47, 6, 
2015/9/12, 77, 12, 33, 5, 
2015/9/13, 68, 8, 30, 6, 
2015/9/14, 57, 8, 32, 9, 
2015/9/15, 60, 11, 35, 9, 
2015/9/16, 87, 12, 31, 6, 
2015/9/17, 98, 10, 34, 6, 
2015/9/18, 80, 8, 37, 6, 
2015/9/19, 74, 8, 32, 3, 
2015/9/20, 57, 8, 35, 8, 
2015/9/21, 58, 7, 38, 7, 
2015/9/22, 53, 6, 25, 9, 
2015/9/23, 50, 6, 16, 8, 
2015/9/24, 50, 9, 24, 8, 
2015/9/25, 64, 11, 30, 9, 
2015/9/26, 71, 10, 29, 5, 
2015/9/27, 57, 8, 31, 5, 
2015/9/28, 58, 8, 30, 5, 
2015/9/29, 62, 8, 29, 6, 
2015/9/30, 61, 9, 29, 6, 
2015/4/1, 57, 9, 32, 7, 
2015/4/2, 58, 9, 32, 7, 
2015/4/3, 59, , 28, 4, 
2015/4/4, 50, 9, 35, 3, 
2015/4/5, 46, 8, 34, 3, 
2015/4/6, 46, 9, 34, 8, 
2015/4/7, 56, 18, 37, 13, 
2015/4/8, 87, 19, 37, 9, 
2015/4/9, 92, 20, 38, 8, 
2015/4/10, 87, 18, 42, 4, 
2015/4/11, 87, 18, 42, 2, 
2015/4/12, 87, 19, , 8, 
2015/4/13, 92, 20, 42, 6, 
2015/4/14, 98, 13, 48, 5, 
2015/4/15, 75, 20, 41, 8, 
2015/4/16, 100, 21, 39, 3, 
2015/4/17, 60, 19, 31, 5, 
2015/4/18, 83, 8, 36, 4, 
2015/4/19, 51, 13, 36, 6, 
2015/4/20, 76, 25, , 10, 
2015/4/21, 105, 26, 48, 13, 
2015/4/22, 99, 15, 41, 4, 
2015/4/23, 80, 11, 45, 3, 
2015/4/24, 68, 13, 41, 1, 
2015/4/25, 73, 22, 37, 2, 
2015/4/26, 88, 23, 28, 2, 
2015/4/27, 62, , 27, 2, 
2015/4/28, 38, , 31, 3, 
2015/4/29, 34, , 31, 3, 
2015/4/30, 34, , 23, 9, 
2015/5/2, 70, 13, 30, 6, 
2015/5/3, 71, 19, 33, 7, 
2015/5/4, 95, 19, 35, 8, 
2015/5/5, 87, 23, 31, 5, 
2015/5/6, 115, 11, 41, 5, 
2015/5/7, 77, 10, 46, 6, 
2015/5/8, 70, 13, 43, 6, 
2015/5/9, 75, 10, 43, 6, 
2015/5/10, 59, 10, 48, 7, 
2015/5/11, 64, 9, 47, 4, 
2015/5/12, 57, 11, 53, 5, 
2015/5/13, 91, 12, 50, 4, 
2015/5/14, 76, 10, 41, 5, 
2015/5/15, 68, 11, 27, 6, 
2015/5/16, 63, 11, 43, 7, 
2015/5/17, 71, 13, 47, 6, 
2015/5/18, 72, 13, 46, 5, 
2015/5/19, 68, 9, 35, 6, 
2015/5/20, 63, 7, 35, 4, 
2015/5/21, 50, 7, 30, 5, 
2015/5/22, 46, 8, 27, 3, 
2015/5/23, 58, 6, 38, 9, 
2015/5/24, 42, 7, 45, 13, 
2015/5/25, 42, 9, 38, 6, 
2015/5/26, 52, 6, 34, 5, 
2015/5/27, 34, 6, 42, 5, 
2015/5/28, 52, 9, 48, 6, 
2015/5/29, 53, 10, 54, 6, 
2015/5/30, 78, , 50, 4, 
2015/5/31, 63, , 50, 4, 
2015/6/1, 73, 11, 45, 5, 
2015/6/2, 68, 17, 65, 7, 
2015/6/3, 90, 18, 72, 8, 
2015/6/4, 91, 19, 74, 7, 
2015/6/5, 91, 15, 67, 7, 
2015/6/6, 76, 15, 56, 5, 
2015/6/7, 79, 17, 61, 12, 
2015/6/8, 92, 16, 53, 10, 
2015/6/9, 87, 16, 50, 5, 
2015/6/10, 87, 17, 59, 7, 
2015/6/11, 94, 22, 52, 6, 
2015/6/12, 91, 14, 47, 8, 
2015/6/13, 72, 14, 38, 5, 
2015/6/14, 84, 8, 39, 4, 
2015/6/15, 62, 9, 42, 5, 
2015/6/16, 57, 8, 37, 6, 
2015/6/17, 58, 9, 45, 8, 
2015/6/18, 60, 10, 50, 8, 
2015/6/19, 61, 5, 40, , 
2015/6/20, 46, 5, 40, , 
2015/6/21, 34, 6, 40, , 
2015/6/22, 52, 8, 38, 5, 
2015/6/23, 71, 5, 38, 4, 
2015/6/24, 31, 5, 43, 5, 
2015/6/25, 45, 9, 52, 6, 
2015/6/26, 62, 10, 53, 6, 
2015/6/27, 59, 9, 54, 4, 
2015/6/28, 50, 9, 46, 4, 
2015/6/29, 52, 10, 53, 5, 
2015/6/30, 64, 10, 55, 4, 
2015/1/1, 134, 46, 8, 17, 
2015/1/2, 155, 42, 7, 16, 
2015/1/3, 151, 53, 4, 17, 
2015/1/4, 159, 19, 13, 19, 
2015/1/5, 72, 32, 13, 19, 
2015/1/6, 122, 51, 6, 16, 
2015/1/7, 159, 54, 4, 18, 
2015/1/8, 166, 54, 4, 17, 
2015/1/9, 165, 29, 2, 17, 
2015/1/10, 151, 21, 4, 12, 
2015/1/11, 99, 10, 16, 19, 
2015/1/12, 57, 30, 8, 15, 
2015/1/13, 122, 47, , 20, 
2015/1/14, 157, 48, 2, 16, 
2015/1/15, 159, , 3, 17, 
2015/1/16, 155, 13, 14, 11, 
2015/1/17, 63, 17, 14, 10, 
2015/1/18, 76, 24, 7, 11, 
2015/1/19, 99, 31, 2, 14, 
2015/1/20, 124, 33, 6, 16, 
2015/1/21, 119, 18, 5, 13, 
2015/1/22, 76, 21, 2, 14, 
2015/1/23, 87, 27, 6, 14, 
2015/1/24, 102, 25, 11, 10, 
2015/1/25, 97, 11, 20, 17, 
2015/1/26, 63, 30, 4, 16, 
2015/1/27, 117, 34, 8, 18, 
2015/1/28, 129, 31, 3, 17, 
2015/1/29, 114, , 13, 13, 
2015/1/30, 68, 21, 15, 14, 
2015/1/31, 82, 26, 15, 12, 
2015/2/1, 99, 40, 10, 18, 
2015/2/2, 151, 37, 13, 18, 
2015/2/3, 137, 20, 15, 10, 
2015/2/4, 82, 8, 24, 3, 
2015/2/5, 38, , , 3, 
2015/2/6, 46, 19, , 14, 
2015/2/7, 85, 24, 17, 13, 
2015/2/8, 112, 27, 20, 22, 
2015/2/9, 107, 48, 12, 23, 
2015/2/10, 158, 61, 10, 34, 
2015/2/11, 182, 60, 9, 27, 
2015/2/12, 177, 57, 11, 23, 
2015/2/13, 168, 37, 20, 13, 
2015/2/14, 129, 24, 21, 14, 
2015/2/15, 89, 19, 28, 17, 
2015/2/16, 76, 30, 29, 21, 
2015/2/17, 114, 24, 32, 8, 
2015/2/18, 102, 31, 27, 13, 
2015/2/19, 132, 50, , 17, 
2015/2/20, 159, 51, 22, 19, 
2015/2/21, 158, 10, 35, 6, 
2015/2/22, 46, 17, 21, 10, 
2015/2/23, 68, 30, 15, 14, 
2015/2/24, 107, 5, 24, 7, 
2015/2/25, 30, 13, 24, 9, 
2015/2/26, 63, , 22, , 
2015/2/27, 89, 22, 28, 14, 
2015/2/28, 93, 34, 23, 15, 
2015/3/1, 132, 44, 19, 8, 
2015/3/2, 154, 23, 21, 10, 
2015/3/3, 107, 22, 25, 11, 
2015/3/4, 87, 8, 27, 4, 
2015/3/5, 55, 10, 28, 6, 
2015/3/6, 59, 14, 31, 7, 
2015/3/7, 72, 19, 35, 5, 
2015/3/8, 87, 18, 32, 5, 
2015/3/9, 85, 37, 24, 16, 
2015/3/10, 151, 41, 32, 14, 
2015/3/11, 152, 23, 29, 12, 
2015/3/12, 102, , , 17, 
2015/3/13, 91, 20, 35, 9, 
2015/3/14, 91, 23, 32, 5, 
2015/3/15, 95, 25, 32, 6, 
2015/3/16, 89, 21, 35, 11, 
2015/3/17, 87, 17, 36, 12, 
2015/3/18, 102, 25, 35, 13, 
2015/3/19, 124, 23, 36, 7, 
2015/3/20, 104, 24, 35, 6, 
2015/3/21, 93, 20, 34, 5, 
2015/3/22, 80, 30, 33, 8, 
2015/3/23, 114, 31, 40, 14, 
2015/3/24, 122, 13, 33, 5, 
2015/3/25, 55, 9, 28, 8, 
2015/3/26, 38, 10, 29, 6, 
2015/3/27, 55, 13, 32, 13, 
2015/3/28, 59, 14, 34, 5, 
2015/3/29, 68, 13, 32, 9, 
2015/3/30, 71, 13, 33, 8, 
2015/3/31, 79, 9, 35, 3, 
2014/10/6, 87, 22, 22, 9, 
2014/10/7, 106, 29, , 8, 
2014/10/8, 108, 34, 22, 8, 
2014/10/9, 147, 29, 23, 8, 
2014/10/10, 149, 17, 30, 2, 
2014/10/11, 91, 14, 26, 3, 
2014/10/12, 72, 17, 21, 4, 
2014/10/13, 88, 9, 18, 6, 
2014/10/14, 64, 19, 9, 9, 
2014/10/15, 91, 20, 21, 9, 
2014/10/16, 106, 23, 21, 9, 
2014/10/17, 107, 30, 26, 6, 
2014/10/18, 151, 21, 27, 3, 
2014/10/19, 110, 26, 19, 4, 
2014/10/20, 137, 22, 24, 5, 
2014/10/21, 108, 5, 22, 5, 
2014/10/22, 48, 5, 19, 12, 
2014/10/23, 49, 10, 17, 13, 
2014/10/24, 50, 12, 19, 7, 
2014/10/25, 70, 14, 25, 4, 
2014/10/26, 71, 15, 24, 12, 
2014/10/27, 79, 20, 18, 12, 
2014/10/28, 91, 29, 18, 12, 
2014/10/29, 132, 48, 15, 18, 
2014/10/30, 161, 51, , , 
2014/10/31, 165, 59, 18, 16, 
2014/11/1, 180, 48, 24, 15, 
2014/11/4, 102, 5, 21, 4, 
2014/11/5, 57, 6, 18, 11, 
2014/11/6, 50, 16, 11, , 
2014/11/8, 107, 12, 14, 7, 
2014/11/9, 78, 12, 12, 10, 
2014/11/10, 70, 10, 18, 11, 
2014/11/11, 68, 7, 22, 5, 
2014/11/12, 61, 8, 20, 11, 
2014/11/13, 42, , , , 
2014/11/14, 72, , , , 
2014/11/19, 114, 23, 2, 13, 
2014/11/20, 97, 30, 2, 14, 
2014/11/21, 114, 32, 2, 13, 
2014/11/22, 132, 45, 2, 15, 
2014/11/23, 155, 50, 3, 18, 
2014/11/24, 159, 37, 2, 18, 
2014/11/25, 151, 26, 9, 11, 
2014/11/26, 97, 25, 6, 11, 
2014/11/27, 112, 23, 4, , 
2014/11/28, 109, 15, 2, 12, 
2014/11/29, 76, 16, 3, 10, 
2014/11/30, 78, 12, 7, 9, 
2014/12/1, 76, 6, 5, 11, 
2014/12/2, 57, 6, 6, 9, 
2014/12/3, 50, 8, 11, 10, 
2014/12/4, 55, , , , 
2014/12/6, 63, 7, 11, 6, 
2014/12/7, 30, 18, 9, 10, 
2014/12/8, 76, 13, 13, 11, 
2014/12/9, 63, 19, 7, 14, 
2014/12/10, 80, 29, 3, 18, 
2014/12/11, 112, , 2, , 
2014/12/12, 151, 42, 2, 18, 
2014/12/13, 147, 45, 1, 16, 
2014/12/14, 153, 51, 2, 17, 
2014/12/15, 160, 24, 13, 16, 
2014/12/16, 97, 11, 5, 17, 
2014/12/17, 63, 13, 1, 13, 
2014/12/18, 76, 17, 1, 18, 
2014/12/20, 89, 22, 3, 15, 
2014/12/21, 91, 22, 3, 16, 
2014/12/22, 91, 12, 4, 13, 
2014/12/23, 74, , , , 
2014/12/26, 109, 11, 13, 11, 
2014/12/27, 55, 24, 11, 9, 
2014/12/28, 91, , , , 
2024/8/26, , 26, 45, 7, 
2024/8/27, , 27, 61, 8, 
2024/1/7, , 15, , , 
2024/3/21, , 26, 37, 10, 
2023/11/4, , 9, 19, 8, 
2023/11/6, , 29, 18, 16, 
2023/12/3, , 24, , , 
2023/7/25, , 9, 44, 7, 
2023/7/26, , 10, 44, 4, 
2023/5/2, , 8, 32, 4, 
2023/5/15, , 10, 28, 3, 
2023/5/16, , 10, 22, 4, 
2023/5/25, , 20, 43, 5, 
2023/6/1, , 23, , , 
2023/3/14, , 17, 27, 7, 
2022/11/22, , 20, 15, 17, 
2022/7/26, , 8, 52, 11, 
2022/9/7, , 12, 34, 6, 
2022/9/8, , 16, 39, 6, 
2022/4/22, , 7, 32, 8, 
2022/1/2, , 24, 3, 16, 
2022/1/12, , 49, 7, 26, 
2021/11/28, , 20, 13, 17, 
2021/7/5, , 12, 48, 5, 
2021/7/21, , 19, 48, 4, 
2021/7/22, , 20, 61, 5, 
2021/8/21, , 19, 55, 5, 
2021/8/22, , 16, 33, 10, 
2021/8/23, , 10, 35, 12, 
2021/1/21, , 54, 3, 20, 
2021/3/17, , 13, , 6, 
2020/7/25, , 13, , , 
2020/7/26, , 15, , , 
2020/7/27, , 19, 63, 6, 
2020/8/24, , 13, 40, 6, 
2019/12/31, , 62, 4, 20, 
2020/2/25, , 31, 27, 11, 
2019/12/27, , 50, 5, , 
2019/8/7, , 22, 46, 5, 
2019/8/8, , 25, 50, 5, 
2019/9/6, , 13, , , 
2019/9/7, , 10, , , 
2019/9/8, , 10, , 5, 
2019/9/9, , 11, 37, 6, 
2019/4/28, , 8, , 9, 
2019/4/29, , 12, , 11, 
2019/5/5, , 9, , , 
2019/5/6, , 15, , 7, 
2019/5/12, , 10, , 7, 
2019/5/15, , 11, , 6, 
2019/5/19, , 5, , , 
2019/5/20, , 15, , 6, 
2019/6/4, , 25, , 5, 
2019/6/13, , 23, 48, 8, 
2018/12/31, , 36, 6, 15, 
2019/2/24, , 52, , 15, 
2019/3/26, , 17, , 6, 
2018/10/4, , 10, 32, 11, 
2018/12/3, , 49, 4, 29, 
2018/12/4, , 37, 2, 26, 
2018/8/8, , 12, 59, 6, 
2018/9/5, , 11, 60, 6, 
2018/9/13, , 19, 57, 7, 
2018/9/28, , 7, 44, 8, 
2018/6/7, , 6, , 3, 
2018/1/24, , 50, 7, 15, 
2018/3/4, , 30, 13, 14, 
2017/12/30, , 40, 2, 13, 
2017/8/25, , 10, 64, 3, 
2017/9/7, , 3, 40, 8, 
2017/9/15, , 7, 27, 4, 
2017/1/3, , 40, 13, 15, 
2017/1/16, , 11, 25, 11, 
2017/1/17, , 13, 26, 13, 
2017/2/20, , 29, 9, 20, 
2016/9/30, , 10, 38, 11, 
2016/10/7, , 13, 13, 9, 
2016/10/14, , 13, 17, 5, 
2016/10/28, , 30, 18, 13, 
2016/11/4, , 15, 13, 14, 
2016/11/11, , 18, 17, 13, 
2016/7/6, , 12, 49, 5, 
2016/8/19, , 13, 44, 6, 
2016/8/25, , 12, 48, , 
2016/8/26, , 15, 51, 10, 
2016/9/9, , 19, 50, 9, 
2016/9/23, , 10, 41, 7, 
2016/5/7, , 13, 48, 6, 
2016/2/5, , 22, 18, 10, 
2016/2/19, , 11, 25, 9, 
2016/3/11, , 20, 29, 9, 
2016/3/14, , 18, , , 
2016/3/20, , 24, , , 
2016/3/25, , 23, 36, 6, 
2015/10/14, , 5, 21, 6, 
2015/12/24, , 30, 2, 15, 
2015/12/31, , 32, 4, 14, 
2015/5/1, , 13, 36, 6, 
2014/12/31, , 35, 11, 11, 
2014/10/5, , 20, 22, 7, 
2014/11/2, , 46, 19, 14, 
2014/11/3, , 23, 19, 8, 
2014/11/7, , 26, 7, 11, 
2014/11/18, , 22, 8, 14, 
2014/12/19, , 18, 1, 17, 
2014/12/25, , 20, 8, 14, 
2020/8/25, , , 48, 8, 
2019/6/1, , , 46, , 
2019/6/2, , , 49, , 
2019/6/3, , , 54, , 
2017/7/25, , , 45, , 
2014/12/5, , , 6, , 
2018/10/3, , , , 14, 
2018/9/12, , , , 7, 
2018/1/23, , , , 17, 
2018/2/26, , , , 15, 
2023/12/2, , , , , 
2023/5/24, , , , , 
2021/7/3, , , , , 
2021/7/4, , , , , 
2019/6/10, , , , , 
2019/6/11, , , , , 
2019/6/12, , , , , 