date, pm25, pm10, o3, no2
2025/11/1, 16, 8, 25, 4
2025/11/2, 18, 3, 29, 4
2025/11/3, 6, 7, 27, 7
2025/11/4, 17, 20, 13, 10
2025/11/5, 45, 15, 12, 8
2025/11/6, 43, 12, 16, 8
2025/11/7, 32, 11, 17, 7
2025/11/8, 34, 9, 23, 8
2025/11/9, 24, 6, 23, 8
2025/11/10, 16, 5, 30, 9
2025/11/11, 11, 6, 27, 4
2025/11/12, 14, 5, 30, 2
2025/11/13, 11, 6, 31, 2
2025/11/14, 10, 10, 30, 3
2025/11/15, 18, 9, 21, 12
2025/11/16, 20, 11, 23, 14
2025/11/17, 18, , , 
2025/10/1, 7, 5, 32, 3
2025/10/2, 13, 6, 28, 3
2025/10/3, 13, 13, 28, 2
2025/10/4, 28, 17, 27, 2
2025/10/5, 37, 6, 20, 4
2025/10/6, 15, 9, 23, 5
2025/10/7, 18, 10, 28, 4
2025/10/8, 22, 8, 26, 4
2025/10/9, 16, 5, 28, 4
2025/10/10, 9, 4, 24, 4
2025/10/11, 8, 4, 23, 4
2025/10/12, 13, 9, 10, 6
2025/10/13, 32, 9, 8, 6
2025/10/14, 29, 17, 15, 7
2025/10/15, 50, 9, 18, 6
2025/10/16, 30, 14, 15, 10
2025/10/17, 37, 11, 20, 5
2025/10/18, 35, 13, 15, 4
2025/10/19, 44, 11, 15, 12
2025/10/20, 28, 6, 26, 8
2025/10/21, 16, 6, 25, 6
2025/10/22, 12, 8, 19, 12
2025/10/23, 16, 6, 23, 11
2025/10/24, 14, 4, 26, 4
2025/10/25, 7, 6, 27, 5
2025/10/26, 14, 6, 23, 7
2025/10/27, 11, 11, 25, 4
2025/10/28, 26, 6, 26, 11
2025/10/29, 14, 6, 23, 10
2025/10/30, 16, 9, 27, 4
2025/10/31, 22, 7, 27, 6
2025/7/1, 8, 5, 24, 3
2025/7/2, 11, 6, 22, 3
2025/7/3, 15, 8, 20, 3
2025/7/4, 20, 2, 17, 3
2025/7/5, 5, 3, 15, 3
2025/7/6, 6, 10, 29, 3
2025/7/7, 19, 26, 25, 3
2025/7/8, 35, 3, 16, 2
2025/7/9, 7, 5, 17, 3
2025/7/10, 14, 9, 28, 6
2025/7/11, 17, 11, 41, 5
2025/7/12, 21, 6, 26, 1
2025/7/13, 15, 10, 25, 3
2025/7/14, 25, 9, 17, 4
2025/7/15, 17, 9, 29, 4
2025/7/16, 19, 10, 30, 4
2025/7/17, 23, 5, 25, 3
2025/7/18, 13, 7, 22, 3
2025/7/19, 18, 12, 34, 3
2025/7/20, 36, 8, 33, 4
2025/7/21, 21, 12, 21, 3
2025/7/22, 30, 23, 22, 3
2025/7/23, 66, 23, 22, 4
2025/7/24, 67, 13, 19, 4
2025/7/25, 39, 10, 20, 3
2025/7/26, 25, 10, 20, 2
2025/7/27, 26, 6, 21, 4
2025/7/28, 11, 8, 23, 4
2025/7/29, 20, 5, 21, 3
2025/7/30, 12, 6, 20, 3
2025/7/31, 9, 5, 19, 3
2025/8/1, 7, 6, 25, 4
2025/8/2, 16, 6, 28, 2
2025/8/3, 14, 9, 25, 2
2025/8/4, 18, 12, 23, 3
2025/8/5, 27, 14, 20, 2
2025/8/6, 33, 8, 24, 3
2025/8/7, 19, 10, 22, 3
2025/8/8, 25, 11, 23, 3
2025/8/9, 27, 9, 25, 3
2025/8/10, 24, 7, 26, 5
2025/8/11, 24, 11, 36, 7
2025/8/12, 29, 23, 53, 7
2025/8/13, 55, 17, 30, 4
2025/8/14, 46, 8, 26, 2
2025/8/15, 19, 11, 31, 2
2025/8/16, 32, 9, 29, 2
2025/8/17, 24, 10, 25, 
2025/8/18, 21, 6, 24, 1
2025/8/19, 12, 9, 32, 1
2025/8/20, 15, 10, 26, 3
2025/8/21, 18, 7, 26, 3
2025/8/22, 14, 9, 23, 4
2025/8/23, 19, 10, 24, 6
2025/8/24, 29, 12, 43, 3
2025/8/25, 28, 6, 24, 4
2025/8/26, 15, 7, 24, 4
2025/8/27, 16, 4, 22, 2
2025/8/28, 10, 4, 19, 3
2025/8/29, 10, 4, 19, 2
2025/8/30, 11, 10, 28, 
2025/8/31, 21, 4, 24, 1
2025/9/1, 10, 6, 27, 3
2025/9/2, 14, 5, 19, 6
2025/9/3, 12, 3, 22, 5
2025/9/4, 7, 6, 20, 4
2025/9/5, 12, 5, 25, 3
2025/9/6, 11, 6, 27, 3
2025/9/7, 15, 7, 24, 4
2025/9/8, 15, 6, 26, 3
2025/9/9, 12, 9, 24, 4
2025/9/10, 19, 6, 22, 2
2025/9/11, 12, 6, 21, 3
2025/9/12, 13, 5, 23, 2
2025/9/13, 11, 5, 19, 
2025/9/14, 11, 4, 22, 5
2025/9/15, 9, 6, 23, 5
2025/9/16, 13, 8, 29, 5
2025/9/17, 18, 11, 28, 3
2025/9/18, 26, 7, 23, 5
2025/9/19, 16, 8, 25, 3
2025/9/20, 15, 4, 24, 5
2025/9/21, 8, 9, 25, 8
2025/9/22, 15, 10, 22, 13
2025/9/23, 19, 8, 23, 6
2025/9/24, 17, 6, 28, 6
2025/9/25, 11, 9, 26, 4
2025/9/26, 14, 10, 20, 4
2025/9/27, 25, 6, 23, 8
2025/9/28, 13, 6, 13, 7
2025/9/29, 14, 6, 23, 5
2025/9/30, 15, 3, 22, 4
2025/4/1, 50, 13, 35, 6
2025/4/2, 28, 14, 36, 4
2025/4/3, 36, 17, 35, 3
2025/4/4, 44, 16, 34, 2
2025/4/5, 34, 14, 33, 3
2025/4/6, 33, 18, 35, 10
2025/4/7, 39, 19, 35, 11
2025/4/8, 41, 18, 33, 6
2025/4/9, 46, 21, 37, 9
2025/4/10, 54, 20, 43, 8
2025/4/11, 54, 19, 41, 8
2025/4/12, 50, 6, 34, 3
2025/4/13, 14, 4, 34, 4
2025/4/14, 8, 5, 33, 6
2025/4/15, 13, 5, 29, 4
2025/4/16, 13, 4, 31, 6
2025/4/17, 8, 7, 32, 7
2025/4/18, 18, 6, 32, 1
2025/4/19, 17, 6, 34, 2
2025/4/20, 14, 9, 27, 4
2025/4/21, 29, 7, 32, 4
2025/4/22, 17, 11, 37, 3
2025/4/23, 31, 10, 34, 2
2025/4/24, 28, 11, 33, 4
2025/4/25, 32, 13, 30, 4
2025/4/26, 43, 6, 28, 1
2025/4/27, 17, 10, 29, 3
2025/4/28, 28, 13, 32, 9
2025/4/29, 34, 20, 39, 11
2025/4/30, 50, 18, 35, 7
2025/5/1, 42, 13, 36, 3
2025/5/2, 25, 6, 32, 1
2025/5/3, 13, 5, 34, 1
2025/5/4, 10, 9, 32, 5
2025/5/5, 22, 9, 33, 5
2025/5/6, 20, 10, 36, 2
2025/5/7, 24, 11, 39, 4
2025/5/8, 25, 11, 36, 4
2025/5/9, 29, 14, 38, 6
2025/5/10, 36, 15, , 5
2025/5/11, 36, 24, , 3
2025/5/12, 53, 18, , 2
2025/5/13, 43, 14, , 1
2025/5/14, 34, 20, , 4
2025/5/15, 36, 17, 41, 5
2025/5/16, 34, 14, 48, 3
2025/5/17, 33, 13, 40, 3
2025/5/18, 26, 15, 37, 1
2025/5/19, 35, 14, 41, 2
2025/5/20, 32, 16, 39, 2
2025/5/21, 36, 12, 36, 1
2025/5/22, 21, 13, 35, 3
2025/5/23, 28, 5, 25, 3
2025/5/24, 14, 7, 30, 2
2025/5/25, 14, 7, 29, 3
2025/5/26, 16, 7, 31, 3
2025/5/27, 13, 6, 31, 4
2025/5/28, 12, 5, 25, 3
2025/5/29, 12, 7, 27, 3
2025/5/30, 18, 6, 31, 5
2025/5/31, 17, 8, 31, 3
2025/6/1, 18, 12, 30, 3
2025/6/2, 24, 12, 32, 2
2025/6/3, 25, 9, 33, 3
2025/6/4, 19, 11, 28, 4
2025/6/5, 22, 9, 29, 5
2025/6/6, 17, 7, 28, 3
2025/6/7, 14, 7, 29, 3
2025/6/8, 18, 25, 31, 4
2025/6/9, 72, 8, 31, 2
2025/6/10, 23, 13, 39, 3
2025/6/11, 36, 21, 44, 4
2025/6/12, 51, 9, 30, 2
2025/6/13, 26, 8, 29, 3
2025/6/14, 23, 6, 27, 3
2025/6/15, 19, 12, 32, 3
2025/6/16, 36, 10, 33, 3
2025/6/17, 30, 8, 23, 3
2025/6/18, 18, 9, 31, 4
2025/6/19, 23, 17, 48, 6
2025/6/20, 43, 15, 42, 3
2025/6/21, 44, 8, 26, 3
2025/6/22, 23, 8, 23, 3
2025/6/23, 16, 7, 26, 4
2025/6/24, 14, 6, 21, 3
2025/6/25, 13, 8, 23, 3
2025/6/26, 17, 7, 21, 3
2025/6/27, 20, 14, 25, 2
2025/6/28, 34, 16, 28, 2
2025/6/29, 34, 5, 24, 2
2025/6/30, 11, 4, 27, 3
2025/1/1, 14, 5, 20, 16
2025/1/2, 13, 7, 25, 18
2025/1/3, 17, 9, 16, 19
2025/1/4, 25, 6, 24, 6
2025/1/5, 21, 3, 28, 13
2025/1/6, 6, 5, 27, 12
2025/1/7, 10, 9, 19, 23
2025/1/8, 22, 11, 16, 21
2025/1/9, 28, 13, 2, 25
2025/1/10, 35, 15, 10, 19
2025/1/11, 43, 13, 22, 14
2025/1/12, 39, 4, 25, 4
2025/1/13, 13, 8, 25, 7
2025/1/14, 23, 6, 21, 7
2025/1/15, 15, 10, 27, 8
2025/1/16, 28, 9, 29, 5
2025/1/17, 25, 11, 26, 5
2025/1/18, 31, 12, 19, 6
2025/1/19, 42, 11, 12, 12
2025/1/20, 38, 8, 23, 10
2025/1/21, 26, 12, 7, 20
2025/1/22, 35, 8, 25, 12
2025/1/23, 23, 10, 35, 1
2025/1/24, 24, 5, 32, 4
2025/1/25, 11, 6, 27, 5
2025/1/26, 14, 6, 21, 8
2025/1/27, 15, 5, 22, 11
2025/1/28, 13, 7, 24, 10
2025/1/29, 13, 7, 26, 10
2025/1/30, 12, , , 
2025/2/8, 21, 15, 22, 3
2025/2/9, 49, 10, 25, 4
2025/2/10, 26, 17, 29, 4
2025/2/11, 43, 16, 28, 5
2025/2/12, 40, 11, 31, 5
2025/2/13, 19, 13, 29, 4
2025/2/14, 34, 16, 18, 6
2025/2/15, 53, 10, 23, 4
2025/2/16, 38, 18, 20, 7
2025/2/17, 57, 10, 20, 5
2025/2/18, 33, , , 
2025/2/26, 13, 9, 27, 15
2025/2/27, 18, 9, 32, 14
2025/2/28, 23, 11, 29, 7
2025/3/1, 25, 10, 28, 9
2025/3/2, 28, 6, 30, 5
2025/3/3, 15, 8, 31, 3
2025/3/4, 22, 6, 30, 3
2025/3/5, 21, 17, 34, 4
2025/3/6, 45, 10, 28, 8
2025/3/7, 33, 22, 17, 8
2025/3/8, 62, 41, 26, 12
2025/3/9, 106, 23, 31, 7
2025/3/10, 56, 8, 28, 9
2025/3/11, 10, 5, 32, 4
2025/3/12, 7, 8, 34, 11
2025/3/13, 11, 8, 31, 10
2025/3/14, 15, 10, 30, 11
2025/3/15, 21, 10, 32, 12
2025/3/16, 22, 10, 30, 4
2025/3/17, 19, 15, 32, 6
2025/3/18, 37, 31, 25, 15
2025/3/19, 68, 39, 27, 16
2025/3/20, 81, 39, 34, 8
2025/3/21, 91, 28, 28, 9
2025/3/22, 69, 26, 32, 5
2025/3/23, 60, 12, 31, 7
2025/3/24, 28, 5, 31, 5
2025/3/25, 9, 12, 31, 6
2025/3/26, 31, 6, 35, 4
2025/3/27, 17, 7, 34, 4
2025/3/28, 16, , , 
2024/10/1, 30, 13, 27, 3
2024/10/2, 22, 7, 25, 9
2024/10/3, 16, 9, 29, 5
2024/10/4, 20, 8, 30, 2
2024/10/5, 22, 11, 21, 6
2024/10/6, 35, 11, 17, 10
2024/10/7, 33, 6, 19, 4
2024/10/8, 15, 3, 27, 2
2024/10/9, 6, 7, 26, 10
2024/10/10, 12, 5, 24, 
2024/10/11, 11, 4, 27, 
2024/10/12, 8, 6, 18, 
2024/10/13, 12, 7, 16, 
2024/10/14, 16, 9, 15, 
2024/10/15, 27, 9, 11, 11
2024/10/16, 25, 6, 21, 7
2024/10/17, 18, 4, 32, 4
2024/10/18, 10, 16, 26, 7
2024/10/19, 35, 10, 30, 2
2024/10/20, 24, 11, 30, 3
2024/10/21, 26, 10, 25, 6
2024/10/22, 24, 8, 29, 4
2024/10/23, 16, 8, 28, 4
2024/10/24, 19, 15, 10, 8
2024/10/25, 49, 10, 27, 5
2024/10/26, 30, 8, 25, 5
2024/10/27, 17, 3, 18, 7
2024/10/28, 7, 3, 17, 7
2024/10/29, 5, 3, 18, 6
2024/10/30, 7, 5, 14, 4
2024/10/31, 15, 4, 23, 5
2024/11/1, 12, 5, 20, 6
2024/11/2, 15, 4, 13, 7
2024/11/3, 12, 10, 15, 7
2024/11/4, 32, 27, 13, 9
2024/11/5, 73, 18, 11, 9
2024/11/6, 48, 7, 17, 5
2024/11/7, 23, 16, 15, 6
2024/11/8, 44, 20, 17, 3
2024/11/9, 60, 16, 18, 7
2024/11/10, 47, 19, 17, 14
2024/11/11, 37, 14, 9, 16
2024/11/12, 42, 4, 16, 9
2024/11/13, 13, 8, 17, 14
2024/11/14, 17, 3, 26, 4
2024/11/15, 7, 9, 30, 5
2024/11/16, 21, 7, 21, 12
2024/11/17, 18, 12, 7, 21
2024/11/18, 32, 13, 15, 19
2024/11/19, 21, 6, 17, 16
2024/11/20, 11, 4, 18, 13
2024/11/21, 9, 5, 12, 20
2024/11/22, 12, 5, 24, 8
2024/11/23, 15, 9, 32, 3
2024/11/24, 22, 7, 29, 3
2024/11/25, 17, 8, 23, 21
2024/11/26, 22, 9, 14, 17
2024/11/27, 22, 10, 9, 19
2024/11/28, 27, 8, 18, 10
2024/11/29, 24, 5, 28, 4
2024/11/30, 15, 6, 27, 5
2024/12/1, 17, 5, 22, 11
2024/12/2, 11, 6, 20, 12
2024/12/3, 14, 9, 30, 14
2024/12/4, 19, 9, 28, 6
2024/12/5, 22, 8, 27, 8
2024/12/6, 18, 1, 31, 1
2024/12/7, 3, 2, 28, 2
2024/12/8, 5, 7, 21, 14
2024/12/9, 15, 15, , 24
2024/12/10, 46, 11, 9, 17
2024/12/11, 42, 15, 6, 17
2024/12/12, 47, 11, 11, 20
2024/12/13, 38, 5, 21, 12
2024/12/14, 12, 2, 29, 3
2024/12/15, 6, 7, 32, 4
2024/12/16, 17, 6, 25, 5
2024/12/17, 16, 4, 30, 6
2024/12/18, 11, 5, 23, 10
2024/12/19, 12, 8, 26, 8
2024/12/20, 18, 10, 29, 4
2024/12/21, 27, 12, 33, 3
2024/12/22, 28, 9, 27, 12
2024/12/23, 21, 2, 29, 4
2024/12/24, 7, 2, 30, 1
2024/12/25, 5, 3, 25, 4
2024/12/26, 8, 4, 20, 6
2024/12/27, 15, 6, 27, 5
2024/12/28, 18, 7, 32, 2
2024/12/29, 17, , , 
2024/7/1, 13, 11, 26, 4
2024/7/2, 26, 4, 25, 3
2024/7/3, 10, 10, 24, 2
2024/7/4, 21, 7, 24, 3
2024/7/5, 14, 5, 26, 5
2024/7/6, 10, 3, 25, 4
2024/7/7, 8, 5, 25, 3
2024/7/8, 9, 6, 27, 2
2024/7/9, 12, 2, 23, 3
2024/7/10, 4, 4, 23, 3
2024/7/11, 9, 4, 25, 3
2024/7/12, 9, 5, 17, 5
2024/7/13, 13, 7, 22, 5
2024/7/14, 20, 6, 27, 3
2024/7/15, 15, 7, 22, 5
2024/7/16, 20, 5, 24, 3
2024/7/17, 13, 3, 24, 2
2024/7/18, 9, 3, 20, 1
2024/7/19, 5, 4, 22, 3
2024/7/20, 11, 6, 19, 2
2024/7/21, 14, 5, 22, 3
2024/7/22, 11, 7, 24, 4
2024/7/23, 22, 5, 22, 3
2024/7/24, 11, 4, 21, 3
2024/7/25, 10, 7, 24, 2
2024/7/26, 17, 5, 23, 3
2024/7/27, 16, 5, 23, 3
2024/7/28, 15, 7, 23, 2
2024/7/29, 17, 8, 25, 2
2024/7/30, 17, 11, 29, 7
2024/7/31, 23, 8, 26, 5
2024/8/1, 24, 8, 24, 4
2024/8/2, 23, 12, 21, 3
2024/8/3, 26, 6, 23, 2
2024/8/4, 15, 2, 16, 4
2024/8/5, 6, 7, 24, 3
2024/8/6, 14, 7, 22, 3
2024/8/7, 16, 6, 21, 4
2024/8/8, 15, 9, 22, 2
2024/8/9, 21, 10, 21, 2
2024/8/10, 26, 9, 25, 2
2024/8/11, 21, 8, 23, 4
2024/8/12, 19, 8, 22, 3
2024/8/13, 17, 11, 27, 4
2024/8/14, 25, 5, 23, 3
2024/8/15, 11, 9, 22, 2
2024/8/16, 19, 9, 24, 2
2024/8/17, 24, 16, 26, 2
2024/8/18, 41, 13, 21, 4
2024/8/19, 37, 7, 24, 2
2024/8/20, 15, 7, 24, 3
2024/8/21, 17, 9, 26, 3
2024/8/22, 20, 4, 23, 4
2024/8/23, 10, 7, 25, 3
2024/8/24, 17, 7, 24, 2
2024/8/25, 18, 7, 24, 4
2024/8/26, 19, 5, 28, 2
2024/8/27, 13, 4, 25, 3
2024/8/28, 10, 10, 23, 3
2024/8/29, 26, 18, 25, 6
2024/8/30, 52, 19, 29, 5
2024/8/31, 56, 11, 22, 3
2024/9/1, 33, 6, 20, 6
2024/9/2, 15, 10, 20, 5
2024/9/3, 23, 9, 26, 7
2024/9/4, 20, 7, 25, 3
2024/9/5, 15, 26, 35, 3
2024/9/6, 55, 19, 35, 4
2024/9/7, 55, 21, 26, 6
2024/9/8, 59, 10, 21, 4
2024/9/9, 20, 6, 24, 3
2024/9/10, 12, 4, 23, 4
2024/9/11, 8, 5, 25, 7
2024/9/12, 9, 7, 27, 9
2024/9/13, 15, 4, 23, 4
2024/9/14, 12, 6, 23, 5
2024/9/15, 14, 8, 20, 8
2024/9/16, 18, 7, 22, 11
2024/9/17, 16, 11, 26, 9
2024/9/18, 22, 10, 23, 5
2024/9/19, 26, 12, 30, 4
2024/9/20, 34, 19, 36, 3
2024/9/21, 52, 18, 37, 2
2024/9/22, 48, 25, 35, 5
2024/9/23, 65, 13, 26, 7
2024/9/24, 34, 5, 27, 6
2024/9/25, 8, 5, 28, 2
2024/9/26, 9, 3, 28, 4
2024/9/27, 6, 6, 24, 7
2024/9/28, 12, 4, 25, 6
2024/9/29, 11, 11, 26, 4
2024/9/30, 25, 15, 27, 4
2024/4/1, 16, 2, 27, 3
2024/4/2, 5, 2, 29, 2
2024/4/3, 6, 4, 28, 3
2024/4/4, 9, 3, 27, 6
2024/4/5, 10, 11, 37, 2
2024/4/6, 28, 9, 37, 2
2024/4/7, 21, 9, 33, 4
2024/4/8, 20, 4, 32, 4
2024/4/9, 8, 5, 26, 4
2024/4/10, 11, 10, 32, 3
2024/4/11, 26, 4, 26, 3
2024/4/12, 11, 8, 34, 3
2024/4/13, 20, 8, 33, 2
2024/4/14, 17, 4, 35, 3
2024/4/15, 9, 5, 34, 4
2024/4/16, 10, 6, 33, 6
2024/4/17, 10, 5, 31, 7
2024/4/18, 12, 5, 32, 4
2024/4/19, 10, 8, 31, 9
2024/4/20, 18, 8, 27, 5
2024/4/21, 21, 5, 27, 5
2024/4/22, 11, 10, 32, 3
2024/4/23, 21, 10, 35, 4
2024/4/24, 21, 6, 33, 3
2024/4/25, 11, 5, 37, 5
2024/4/26, 10, 6, 35, 5
2024/4/27, 16, 5, 36, 3
2024/4/28, 17, 4, 32, 3
2024/4/29, 11, 6, 33, 4
2024/4/30, 12, 20, 32, 5
2024/5/1, 54, 27, 40, 3
2024/5/2, 58, 23, 33, 5
2024/5/3, 48, 23, 33, 4
2024/5/4, 54, 6, 26, 5
2024/5/5, 22, 7, 32, 5
2024/5/6, 23, 10, 28, 6
2024/5/7, 30, 12, 35, 6
2024/5/8, 33, 10, 29, 4
2024/5/9, 29, 12, 41, 8
2024/5/10, 32, 11, 43, 6
2024/5/11, 32, 16, 49, 4
2024/5/12, 46, 18, 33, 5
2024/5/13, 53, 22, 32, 5
2024/5/14, 63, 23, 29, 4
2024/5/15, 65, 19, 36, 4
2024/5/16, 52, 29, 44, 4
2024/5/17, 56, 27, 47, 4
2024/5/18, 62, 16, 35, 3
2024/5/19, 51, 6, 32, 3
2024/5/20, 18, 10, 32, 4
2024/5/21, 24, 9, 29, 4
2024/5/22, 28, 2, 26, 6
2024/5/23, 5, 5, 22, 7
2024/5/24, 15, 7, 32, 2
2024/5/25, 22, 6, 32, 3
2024/5/26, 21, 6, 28, 4
2024/5/27, 15, 6, 24, 3
2024/5/28, 14, 5, 27, 3
2024/5/29, 10, 5, 30, 3
2024/5/30, 12, 13, 34, 4
2024/5/31, 38, 11, 39, 4
2024/6/1, 32, 5, 32, 3
2024/6/2, 14, 4, 28, 2
2024/6/3, 7, 8, 30, 2
2024/6/4, 16, 13, 27, 2
2024/6/5, 27, 11, 26, 3
2024/6/6, 21, 11, 31, 2
2024/6/7, 28, 9, 25, 2
2024/6/8, 21, 6, 26, 2
2024/6/9, 13, 4, 26, 3
2024/6/10, 8, 4, 29, 1
2024/6/11, 9, 7, 30, 3
2024/6/12, 15, 7, 26, 3
2024/6/13, 17, 4, 26, 3
2024/6/14, 12, 6, 31, 4
2024/6/15, 15, 4, 25, 4
2024/6/16, 11, 4, 30, 3
2024/6/17, 10, 4, 26, 4
2024/6/18, 7, 5, 27, 3
2024/6/19, 12, 8, 27, 2
2024/6/20, 23, 10, 25, 2
2024/6/21, 25, 5, 25, 2
2024/6/22, 13, 4, 24, 1
2024/6/23, 9, 7, 22, 4
2024/6/24, 18, 7, 20, 3
2024/6/25, 18, 11, 36, 3
2024/6/26, 30, 5, 23, 2
2024/6/27, 12, 8, 25, 2
2024/6/28, 17, 9, 25, 2
2024/6/29, 19, 13, 24, 2
2024/6/30, 23, 6, 24, 3
2024/1/1, 21, 6, 25, 12
2024/1/2, 19, 6, 22, 12
2024/1/3, 16, 6, 21, 9
2024/1/4, 16, 7, 8, 17
2024/1/5, 18, 10, 1, 24
2024/1/6, 30, 11, 3, 16
2024/1/7, 40, 12, 26, 15
2024/1/8, 40, 7, 25, 9
2024/1/9, 14, 3, 24, 9
2024/1/10, 8, 4, 24, 12
2024/1/11, 11, 3, 18, 9
2024/1/12, 11, 6, 23, 12
2024/1/13, 13, 6, 22, 17
2024/1/14, 17, 7, 18, 18
2024/1/15, 13, 6, 19, 18
2024/1/16, 14, 7, 15, 21
2024/1/17, 13, 7, 20, 20
2024/1/18, 18, 7, 26, 6
2024/1/19, 14, 5, 32, 3
2024/1/20, 12, 6, 33, 3
2024/1/21, 17, 11, 33, 2
2024/1/22, 26, 12, 33, 3
2024/1/23, 29, 16, 35, 4
2024/1/24, 40, 7, 29, 6
2024/1/25, 18, 8, 31, 4
2024/1/26, 19, 11, 30, 2
2024/1/27, 26, 19, 29, 3
2024/1/28, 34, 12, 23, 14
2024/1/29, 27, 9, 25, 11
2024/1/30, 19, 8, 31, 4
2024/1/31, 18, 11, 27, 5
2024/2/1, 26, 4, 30, 3
2024/2/2, 10, 12, 32, 3
2024/2/3, 30, 6, 33, 4
2024/2/4, 15, 11, 28, 2
2024/2/5, 26, 7, 30, 10
2024/2/6, 14, 7, 21, 18
2024/2/7, 18, 6, 29, 11
2024/2/8, 15, 4, 29, 2
2024/2/9, 8, 4, 24, 4
2024/2/10, 11, 8, 24, 8
2024/2/11, 29, 6, 33, 4
2024/2/12, 13, 12, 30, 9
2024/2/13, 26, 10, 9, 14
2024/2/14, 32, 6, 24, 13
2024/2/15, 18, 5, 20, 11
2024/2/16, 15, 4, 19, 6
2024/2/17, 13, 13, 26, 5
2024/2/18, 34, 17, 26, 5
2024/2/19, 42, 12, 29, 4
2024/2/20, 29, 11, 28, 5
2024/2/21, 23, 5, 31, 6
2024/2/22, 10, 4, 27, 8
2024/2/23, 10, 6, 22, 13
2024/2/24, 17, 9, 20, 11
2024/2/25, 29, 6, 26, 14
2024/2/26, 16, 10, 28, 5
2024/2/27, 24, 13, 29, 5
2024/2/28, 28, 9, 32, 3
2024/2/29, 21, 7, 26, 6
2024/3/1, 18, 6, 31, 3
2024/3/2, 15, 5, 27, 4
2024/3/3, 14, 7, 29, 6
2024/3/4, 18, 7, 28, 4
2024/3/5, 17, 10, 24, 6
2024/3/6, 30, 15, 29, 5
2024/3/7, 51, 16, 34, 3
2024/3/8, 45, 25, 34, 3
2024/3/9, 64, 26, 29, 2
2024/3/10, 69, 19, 25, 6
2024/3/11, 52, 12, 18, 8
2024/3/12, 43, 6, 29, 5
2024/3/13, 13, 7, 25, 9
2024/3/14, 15, 4, 27, 8
2024/3/15, 11, 5, 26, 9
2024/3/16, 15, 5, 27, 5
2024/3/17, 19, 6, 32, 3
2024/3/18, 15, 9, 33, 6
2024/3/19, 19, 9, 27, 8
2024/3/20, 24, 13, 31, 5
2024/3/21, 33, 11, 32, 4
2024/3/22, 27, 10, 31, 3
2024/3/23, 24, 7, 30, 4
2024/3/24, 16, 6, 30, 3
2024/3/25, 15, 3, 34, 3
2024/3/26, 5, 3, 33, 4
2024/3/27, 7, 7, 32, 4
2024/3/28, 18, 4, 32, 5
2024/3/29, 12, 5, 34, 5
2024/3/30, 13, 7, 36, 4
2024/3/31, 18, 6, 32, 2
2023/10/1, 19, 11, 22, 4
2023/10/2, 24, 9, 23, 4
2023/10/3, 20, 7, 23, 6
2023/10/4, 19, 5, 21, 8
2023/10/5, 11, 4, 26, 5
2023/10/6, 9, 1, 27, 3
2023/10/7, 3, 7, 24, 5
2023/10/8, 17, 4, 24, 5
2023/10/9, 11, 10, 28, 3
2023/10/10, 22, 10, 27, 5
2023/10/11, 22, 6, 22, 9
2023/10/12, 13, 7, 25, 4
2023/10/13, 16, 8, 25, 5
2023/10/14, 17, 6, 22, 7
2023/10/15, 13, 8, 8, 15
2023/10/16, 19, 10, 21, 9
2023/10/17, 28, 11, 27, 3
2023/10/18, 24, 9, 26, 4
2023/10/19, 21, 7, 23, 1
2023/10/20, 18, 2, 20, 4
2023/10/21, 6, 4, 21, 10
2023/10/22, 10, 7, 16, 8
2023/10/23, 21, 8, 17, 7
2023/10/24, 22, 7, 15, 11
2023/10/25, 15, 5, 17, 6
2023/10/26, 13, 5, 20, 5
2023/10/27, 13, 5, 26, 3
2023/10/28, 12, 4, 26, 3
2023/10/29, 12, 10, 27, 3
2023/10/30, 19, 10, 28, 5
2023/10/31, 19, 4, 27, 5
2023/11/1, 9, 6, 18, 9
2023/11/2, 14, 4, 14, 11
2023/11/3, 9, 6, 12, 10
2023/11/4, 17, 8, 13, 10
2023/11/5, 25, 9, 15, 10
2023/11/6, 27, 4, 17, 10
2023/11/7, 10, 8, 21, 7
2023/11/8, 18, 7, 20, 10
2023/11/9, 15, 7, 6, 17
2023/11/10, 23, 6, 5, 19
2023/11/11, 17, 5, 14, 8
2023/11/12, 14, 4, 21, 8
2023/11/13, 13, 6, 11, 13
2023/11/14, 17, 5, 14, 11
2023/11/15, 14, 9, 7, 14
2023/11/16, 28, 7, 8, 13
2023/11/17, 20, 5, 26, 7
2023/11/18, 15, 5, 27, 5
2023/11/19, 14, 2, 18, 6
2023/11/20, 4, 8, 19, 14
2023/11/21, 16, 4, 30, 4
2023/11/22, 10, 7, 29, 3
2023/11/23, 18, 8, 27, 12
2023/11/24, 17, 10, 1, 20
2023/11/25, 32, 10, 5, 16
2023/11/26, 33, 5, 20, 11
2023/11/27, 14, 10, 9, 20
2023/11/28, 22, 8, 17, 18
2023/11/29, 19, 11, 5, 19
2023/11/30, 26, 11, 3, 15
2023/12/1, 34, 14, 3, 16
2023/12/2, 37, 11, 7, 16
2023/12/3, 42, 7, 19, 9
2023/12/4, 17, 9, 19, 11
2023/12/5, 22, 9, 13, 13
2023/12/6, 31, 6, 14, 7
2023/12/7, 15, 7, 23, 9
2023/12/8, 16, 5, 26, 6
2023/12/9, 12, 8, 26, 6
2023/12/10, 18, 5, 17, 15
2023/12/11, 12, 3, 19, 5
2023/12/12, 8, 4, 13, 11
2023/12/13, 11, 10, 26, 9
2023/12/14, 24, 7, 27, 5
2023/12/15, 18, 4, 24, 3
2023/12/16, 11, 4, 28, 2
2023/12/17, 11, 3, 26, 5
2023/12/18, 8, 9, 27, 6
2023/12/19, 20, 4, 30, 6
2023/12/20, 11, 8, 31, 3
2023/12/21, 21, 5, 29, 5
2023/12/22, 12, 4, 31, 3
2023/12/23, 11, 8, 30, 2
2023/12/24, 20, 9, 33, 4
2023/12/25, 19, 4, 26, 10
2023/12/26, 12, 3, 28, 4
2023/12/27, 8, 6, 28, 3
2023/12/28, 14, 6, 27, 12
2023/12/29, 16, 6, 29, 11
2023/12/30, 15, 6, 27, 8
2023/12/31, 17, 7, 23, 8
2023/7/1, 18, 6, 27, 2
2023/7/2, 13, 8, 21, 3
2023/7/3, 16, 6, 21, 3
2023/7/4, 12, 5, 23, 3
2023/7/5, 8, 5, 26, 4
2023/7/6, 11, 5, 19, 2
2023/7/7, 12, 11, 28, 5
2023/7/8, 26, 7, 25, 3
2023/7/9, 18, 6, 23, 4
2023/7/10, 15, 5, 24, 3
2023/7/11, 12, 4, 23, 2
2023/7/12, 9, 7, 23, 2
2023/7/13, 11, 5, 21, 3
2023/7/14, 13, 4, 24, 1
2023/7/15, 8, 4, 23, 2
2023/7/16, 9, 4, 22, 2
2023/7/17, 8, 5, 20, 4
2023/7/18, 10, 5, 22, 3
2023/7/19, 13, 10, 22, 3
2023/7/20, 29, 7, 23, 2
2023/7/21, 23, 4, 26, 2
2023/7/22, 11, 5, 24, 1
2023/7/23, 13, 3, 20, 6
2023/7/24, 7, 4, 21, 4
2023/7/25, 12, 5, 22, 3
2023/7/26, 15, 4, 17, 4
2023/7/27, 10, 6, 28, 3
2023/7/28, 14, 7, 23, 2
2023/7/29, 16, 6, 22, 2
2023/7/30, 14, 3, 18, 4
2023/7/31, 8, 4, 21, 4
2023/8/1, 9, 5, 25, 3
2023/8/2, 11, 4, 19, 5
2023/8/3, 9, 5, 22, 3
2023/8/4, 12, 6, 24, 6
2023/8/5, 17, 3, 24, 6
2023/8/6, 9, 4, 23, 4
2023/8/7, 7, 5, 25, 4
2023/8/8, 10, 5, 22, 5
2023/8/9, 13, 9, 18, 5
2023/8/10, 26, 12, 26, 2
2023/8/11, 28, 6, 22, 2
2023/8/12, 16, 6, 21, 2
2023/8/13, 15, 5, 20, 6
2023/8/14, 12, 5, 17, 6
2023/8/15, 12, 6, 20, 5
2023/8/16, 15, 9, 27, 3
2023/8/17, 24, 6, 24, 2
2023/8/18, 12, 5, 25, 2
2023/8/19, 12, 7, 26, 2
2023/8/20, 18, 8, 24, 3
2023/8/21, 19, 5, 20, 3
2023/8/22, 10, 6, 25, 6
2023/8/23, 14, 5, 27, 4
2023/8/24, 10, 3, 23, 5
2023/8/25, 7, 3, 24, 7
2023/8/26, 6, 2, 23, 3
2023/8/27, 5, 8, 26, 4
2023/8/28, 18, 8, 24, 4
2023/8/29, 18, 4, 24, 4
2023/8/30, 8, 5, 26, 6
2023/8/31, 11, 5, 25, 4
2023/9/1, 12, 9, 29, 4
2023/9/2, 30, 8, 22, 3
2023/9/3, 25, 7, 30, 6
2023/9/4, 19, 10, 29, 8
2023/9/5, 22, 14, 37, 5
2023/9/6, 40, 23, 23, 10
2023/9/7, 54, 28, 40, 9
2023/9/8, 61, 21, 28, 5
2023/9/9, 51, 6, 19, 4
2023/9/10, 17, 5, 24, 3
2023/9/11, 14, 5, 22, 5
2023/9/12, 11, 6, 24, 5
2023/9/13, 13, 8, 23, 4
2023/9/14, 14, 7, 20, 8
2023/9/15, 14, 4, 23, 3
2023/9/16, 8, 6, 16, 5
2023/9/17, 17, 6, 23, 4
2023/9/18, 16, 5, 24, 5
2023/9/19, 12, 6, 24, 3
2023/9/20, 10, 6, 22, 4
2023/9/21, 12, 4, 21, 5
2023/9/22, 8, 7, 29, 4
2023/9/23, 16, 4, 29, 3
2023/9/24, 11, 12, 28, 2
2023/9/25, 28, 10, 25, 4
2023/9/26, 23, 5, 24, 7
2023/9/27, 13, 12, 36, 3
2023/9/28, 27, 13, 25, 3
2023/9/29, 31, 8, 17, 6
2023/9/30, 19, 7, 22, 4
2023/4/1, 21, 18, 27, 13
2023/4/2, 43, 11, 32, 6
2023/4/3, 24, 18, 31, 7
2023/4/4, 48, 5, 29, 6
2023/4/5, 13, 5, 35, 5
2023/4/6, 11, 7, 34, 8
2023/4/7, 14, 9, 32, 4
2023/4/8, 30, 14, 34, 2
2023/4/9, 48, 6, 33, 3
2023/4/10, 13, 5, 35, 3
2023/4/11, 11, 6, 35, 3
2023/4/12, 13, 4, 32, 5
2023/4/13, 10, 7, 34, 6
2023/4/14, 14, 6, 34, 8
2023/4/15, 20, 4, 33, 4
2023/4/16, 7, 9, 18, 5
2023/4/17, 18, 14, 35, 4
2023/4/18, 44, 14, 38, 3
2023/4/19, 36, 9, 39, 3
2023/4/20, 21, 13, 41, 4
2023/4/21, 26, 12, 41, 2
2023/4/22, 30, 8, 35, 5
2023/4/23, 22, 6, 32, 5
2023/4/24, 12, 10, 35, 9
2023/4/25, 18, 13, 33, 9
2023/4/26, 29, 17, 22, 10
2023/4/27, 48, 21, 21, 11
2023/4/28, 65, 10, 30, 4
2023/4/29, 29, 8, 20, 6
2023/4/30, 29, 4, 29, 3
2023/5/1, 8, 12, 27, 4
2023/5/2, 29, 16, 26, 6
2023/5/3, 46, 12, 32, 3
2023/5/4, 27, 13, 30, 3
2023/5/5, 39, 11, 24, 4
2023/5/6, 40, 10, 25, 3
2023/5/7, 35, 3, 29, 4
2023/5/8, 8, 9, 27, 5
2023/5/9, 21, 7, 28, 5
2023/5/10, 17, 7, 28, 4
2023/5/11, 15, 11, 27, 3
2023/5/12, 32, 8, 29, 6
2023/5/13, 27, 8, 32, 6
2023/5/14, 24, 7, 28, 3
2023/5/15, 13, 10, 34, 3
2023/5/16, 24, 10, 29, 3
2023/5/17, 24, 9, 29, 4
2023/5/18, 24, 17, 30, 4
2023/5/19, 43, 15, 22, 6
2023/5/20, 42, 9, 22, 4
2023/5/21, 32, 11, 30, 3
2023/5/22, 25, 14, 29, 4
2023/5/23, 31, 20, 30, 4
2023/5/24, 35, 18, 31, 6
2023/5/25, 42, 14, 29, 5
2023/5/26, 33, 6, 28, 3
2023/5/27, 13, 12, 36, 3
2023/5/28, 29, 18, 34, 5
2023/5/29, 33, 14, 41, 4
2023/5/30, 29, 16, 28, 3
2023/5/31, 42, 12, 28, 4
2023/6/1, 29, 10, 37, 3
2023/6/2, 20, 11, 39, 3
2023/6/3, 25, 10, 37, 2
2023/6/4, 28, 12, 31, 2
2023/6/5, 31, 10, 31, 2
2023/6/6, 27, 11, 31, 3
2023/6/7, 26, 10, 32, 2
2023/6/8, 21, 14, 34, 2
2023/6/9, 27, 18, 32, 3
2023/6/10, 44, 16, 36, 4
2023/6/11, 45, 21, 52, 5
2023/6/12, 52, 22, 50, 3
2023/6/13, 52, 21, 47, 4
2023/6/14, 46, 17, 42, 4
2023/6/15, 27, 17, 51, 5
2023/6/16, 36, 19, 23, 5
2023/6/17, 36, 16, 19, 3
2023/6/18, 40, 7, 23, 3
2023/6/19, 18, 7, 26, 3
2023/6/20, 18, 8, 30, 4
2023/6/21, 21, 8, 32, 4
2023/6/22, 20, 6, 25, 5
2023/6/23, 17, 5, 24, 2
2023/6/24, 14, 6, 32, 3
2023/6/25, 14, 9, 23, 3
2023/6/26, 17, 6, 16, 4
2023/6/27, 13, 7, 26, 3
2023/6/28, 12, 8, 26, 4
2023/6/29, 16, 6, 20, 4
2023/6/30, 15, 8, 27, 2
2023/1/2, 15, 6, 23, 9
2023/1/3, 13, 5, 27, 7
2023/1/4, 14, 6, 29, 8
2023/1/5, 16, 10, 29, 4
2023/1/6, 24, 5, 28, 4
2023/1/7, 12, 12, 29, 6
2023/1/8, 28, 6, 26, 10
2023/1/9, 15, 8, 30, 9
2023/1/10, 19, 11, 34, 3
2023/1/11, 26, 10, 31, 5
2023/1/12, 24, 7, 27, 10
2023/1/13, 14, 3, 30, 3
2023/1/14, 9, 6, 23, 12
2023/1/15, 15, 5, 17, 15
2023/1/16, 10, 4, 15, 14
2023/1/17, 8, 8, 18, 15
2023/1/18, 14, 6, 15, 16
2023/1/19, 13, 12, 6, 22
2023/1/20, 28, 9, 16, 9
2023/1/21, 30, 4, 15, 6
2023/1/22, 14, 4, 15, 11
2023/1/23, 14, 7, 18, 8
2023/1/24, 25, 10, 24, 7
2023/1/25, 25, 13, 10, 21
2023/1/26, 27, 14, 20, 18
2023/1/27, 37, 7, 20, 10
2023/1/28, 17, 7, 27, 3
2023/1/29, 17, 10, 27, 6
2023/1/30, 24, 10, 28, 4
2023/1/31, 24, 10, 29, 8
2023/2/1, 22, 5, 28, 4
2023/2/2, 13, 17, 29, 8
2023/2/3, 36, 9, 26, 7
2023/2/4, 23, 16, 18, 15
2023/2/5, 33, 9, 24, 9
2023/2/6, 22, 12, 22, 9
2023/2/7, 35, 10, 25, 7
2023/2/8, 25, 10, 27, 6
2023/2/9, 23, 10, 27, 5
2023/2/10, 24, 7, 28, 6
2023/2/11, 19, 7, 26, 7
2023/2/12, 19, 18, 18, 9
2023/2/13, 54, 26, 22, 12
2023/2/14, 70, 15, 26, 7
2023/2/15, 39, 5, 23, 10
2023/2/16, 13, 8, 31, 4
2023/2/17, 18, 4, 25, 7
2023/2/18, 13, 5, 32, 4
2023/2/19, 12, 3, 32, 3
2023/2/20, 7, 5, 23, 5
2023/2/21, 13, 5, 25, 8
2023/2/22, 9, 11, 27, 13
2023/2/23, 20, 7, 27, 7
2023/2/24, 11, 11, 27, 12
2023/2/25, 15, 11, 28, 14
2023/2/26, 21, 16, 23, 17
2023/2/27, 37, 8, 26, 12
2023/2/28, 16, 7, 26, 7
2023/3/1, 11, 9, 27, 6
2023/3/2, 19, 13, 26, 10
2023/3/3, 25, 12, 24, 15
2023/3/4, 32, 4, 27, 7
2023/3/5, 11, 7, 25, 12
2023/3/6, 10, 7, 29, 12
2023/3/7, 10, 13, 28, 15
2023/3/8, 20, 9, 28, 7
2023/3/9, 14, 7, 28, 9
2023/3/10, 11, 8, 28, 12
2023/3/11, 20, 11, 29, 6
2023/3/12, 35, 3, 26, 5
2023/3/13, 8, 8, 24, 11
2023/3/14, 16, 8, 22, 15
2023/3/15, 22, 5, 25, 10
2023/3/16, 15, 7, 26, 9
2023/3/17, 20, 6, 26, 7
2023/3/18, 17, 5, 29, 5
2023/3/19, 11, 4, 22, 8
2023/3/20, 13, 3, 32, 5
2023/3/21, 7, 11, 34, 2
2023/3/22, 23, 9, 33, 3
2023/3/23, 19, 7, 30, 6
2023/3/24, 17, 5, 32, 5
2023/3/25, 12, 6, 29, 3
2023/3/26, 13, 11, 33, 7
2023/3/27, 15, 5, 25, 7
2023/3/28, 14, 6, 25, 6
2023/3/29, 17, 10, 30, 5
2023/3/30, 28, 7, 25, 4
2023/3/31, 20, 9, 31, 5
2022/10/1, 21, 10, 18, 5
2022/10/2, 21, 7, 25, 4
2022/10/3, 14, 6, 23, 6
2022/10/4, 14, 5, 20, 5
2022/10/5, 10, 10, 23, 3
2022/10/6, 24, 7, 23, 6
2022/10/7, 17, 7, 18, 6
2022/10/8, 16, 8, 23, 4
2022/10/9, 17, 11, 20, 6
2022/10/10, 22, 9, 20, 7
2022/10/11, 17, 9, 21, 8
2022/10/12, 19, 10, 22, 11
2022/10/13, 24, 7, 20, 9
2022/10/14, 15, 4, 24, 4
2022/10/15, 10, 8, 25, 4
2022/10/16, 16, 7, 24, 5
2022/10/17, 16, 6, 19, 9
2022/10/18, 14, 7, 26, 3
2022/10/19, 15, 9, 24, 4
2022/10/20, 23, 8, 13, 6
2022/10/21, 22, 12, 16, 8
2022/10/22, 36, 6, 13, 6
2022/10/23, 18, 7, 18, 9
2022/10/24, 20, 6, 21, 5
2022/10/25, 13, 7, 28, 4
2022/10/26, 16, 8, 17, 8
2022/10/27, 18, 8, 26, 4
2022/10/28, 19, 10, 25, 7
2022/10/29, 25, 8, 25, 3
2022/10/30, 18, 9, 22, 4
2022/10/31, 20, 10, 19, 6
2022/11/1, 23, 7, 25, 3
2022/11/2, 15, 12, 22, 10
2022/11/3, 25, 9, 14, 15
2022/11/4, 24, 15, 15, 11
2022/11/5, 37, 9, 21, 6
2022/11/6, 23, 9, 29, 5
2022/11/7, 22, 6, 27, 7
2022/11/8, 13, 9, 23, 4
2022/11/9, 21, 7, 24, 3
2022/11/10, 18, 9, 24, 5
2022/11/11, 23, 7, 18, 7
2022/11/12, 21, 14, 12, 7
2022/11/13, 45, 13, 19, 8
2022/11/14, 42, 6, 16, 11
2022/11/15, 19, 9, 13, 13
2022/11/16, 20, 7, 11, 10
2022/11/17, 20, 2, 6, 9
2022/11/18, 5, 7, 23, 7
2022/11/19, 14, 7, 19, 11
2022/11/20, 19, 6, 18, 10
2022/11/21, 16, 11, 15, 16
2022/11/22, 30, 8, 25, 10
2022/11/23, 21, 11, 26, 6
2022/11/24, 25, 12, 22, 5
2022/11/25, 26, 7, 23, 4
2022/11/26, 15, 16, 29, 3
2022/11/27, 35, 11, 19, 18
2022/11/28, 28, 12, 3, 19
2022/11/29, 38, 10, 7, 17
2022/11/30, 32, 9, 11, 13
2022/12/1, 30, 16, 7, 14
2022/12/2, 51, 10, 6, 12
2022/12/3, 29, 5, 18, 5
2022/12/4, 13, 6, 16, 13
2022/12/5, 15, 13, 4, 26
2022/12/6, 39, 10, 5, 27
2022/12/7, 26, 14, 7, 26
2022/12/8, 27, 10, 10, 23
2022/12/9, 25, 17, 1, 26
2022/12/10, 43, 8, 9, 18
2022/12/11, 22, 14, 5, 22
2022/12/12, 39, 16, , 23
2022/12/13, 55, 16, 8, 25
2022/12/14, 46, 14, 8, 28
2022/12/15, 37, 11, 23, 15
2022/12/16, 28, 6, 21, 16
2022/12/17, 17, 9, 16, 10
2022/12/18, 30, 6, 25, 7
2022/12/19, 18, 13, 25, 7
2022/12/20, 29, 10, 27, 6
2022/12/21, 24, 11, 23, 18
2022/12/22, 22, 5, 19, 9
2022/12/23, 16, 7, 27, 7
2022/12/24, 18, 6, 26, 5
2022/12/25, 14, 5, 28, 5
2022/12/26, 10, 9, 24, 14
2022/12/27, 20, 6, 26, 8
2022/12/28, 14, 5, 27, 7
2022/12/29, 12, 5, 27, 5
2022/12/30, 12, 9, 24, 13
2022/12/31, 21, 3, 25, 7
2023/1/1, 9, 5, 11, 20
2022/7/1, 11, 4, 20, 3
2022/7/2, 10, 5, 20, 2
2022/7/3, 11, 5, 20, 2
2022/7/4, 10, 5, 24, 3
2022/7/5, 10, 5, 18, 2
2022/7/6, 9, 4, 15, 3
2022/7/7, 10, 2, 15, 3
2022/7/8, 4, 4, 18, 2
2022/7/9, 10, 3, 18, 2
2022/7/10, 6, 8, 34, 5
2022/7/11, 17, 9, 28, 3
2022/7/12, 22, 8, 17, 3
2022/7/13, 15, 5, 17, 3
2022/7/14, 11, 4, 20, 3
2022/7/15, 10, 6, 21, 4
2022/7/16, 17, 10, 35, 7
2022/7/17, 28, 15, 44, 11
2022/7/18, 37, 17, 49, 11
2022/7/19, 38, 5, 20, 2
2022/7/20, 10, 6, 25, 4
2022/7/21, 11, 5, 15, 4
2022/7/22, 12, 6, 18, 3
2022/7/23, 17, 6, 18, 3
2022/7/24, 17, 4, 20, 4
2022/7/25, 8, 4, 21, 3
2022/7/26, 7, 5, 22, 7
2022/7/27, 12, 9, 25, 8
2022/7/28, 20, 8, 31, 5
2022/7/29, 19, 3, 18, 3
2022/7/30, 7, 6, 20, 5
2022/7/31, 15, 6, 23, 5
2022/8/1, 12, 6, 20, 2
2022/8/2, 12, 5, 20, 3
2022/8/3, 12, 6, 20, 4
2022/8/4, 12, 8, 21, 4
2022/8/5, 18, 9, 20, 3
2022/8/6, 20, 6, 19, 2
2022/8/7, 16, 8, 21, 4
2022/8/8, 19, 7, 22, 5
2022/8/9, 18, 9, 29, 8
2022/8/10, 21, 9, 28, 9
2022/8/11, 20, 11, 37, 6
2022/8/12, 26, 15, 43, 4
2022/8/13, 42, 12, 41, 6
2022/8/14, 33, 15, 27, 8
2022/8/15, 47, 4, 25, 5
2022/8/16, 10, 7, 21, 4
2022/8/17, 12, 8, 17, 6
2022/8/18, 17, 10, 19, 4
2022/8/19, 21, 10, 22, 4
2022/8/20, 20, 8, 19, 3
2022/8/21, 17, 7, 13, 9
2022/8/22, 18, 7, 16, 8
2022/8/23, 17, 6, 21, 6
2022/8/24, 13, 9, 19, 6
2022/8/25, 19, 8, 11, 8
2022/8/26, 19, 5, 21, 6
2022/8/27, 13, 7, 26, 5
2022/8/28, 20, 9, 22, 4
2022/8/29, 26, 6, 21, 3
2022/8/30, 15, 9, 26, 6
2022/8/31, 16, 11, 22, 6
2022/9/1, 23, 10, 25, 5
2022/9/2, 18, 18, 26, 5
2022/9/3, 45, 10, 22, 3
2022/9/4, 31, 9, 25, 4
2022/9/5, 24, 10, 18, 7
2022/9/6, 25, 10, 20, 5
2022/9/7, 28, 12, 29, 4
2022/9/8, 34, 9, 25, 2
2022/9/9, 17, 8, 23, 7
2022/9/10, 16, 8, 18, 6
2022/9/11, 20, 5, 24, 5
2022/9/12, 10, 7, 24, 5
2022/9/13, 14, 6, 24, 5
2022/9/14, 12, 6, 23, 6
2022/9/15, 11, 6, 23, 8
2022/9/16, 9, 4, 20, 7
2022/9/17, 8, 3, 22, 4
2022/9/18, 6, 6, 20, 6
2022/9/19, 18, 10, 24, 8
2022/9/20, 29, 11, 25, 8
2022/9/21, 29, 6, 22, 7
2022/9/22, 14, 7, 22, 7
2022/9/23, 15, 6, 21, 11
2022/9/24, 13, 7, 26, 2
2022/9/25, 15, 12, 23, 3
2022/9/26, 24, 7, 23, 3
2022/9/27, 12, 5, 21, 8
2022/9/28, 8, 11, 22, 9
2022/9/29, 27, 8, 21, 3
2022/9/30, 20, 9, 18, 3
2022/4/1, 13, 7, 29, 9
2022/4/2, 18, 6, 32, 6
2022/4/3, 14, 2, 26, 3
2022/4/4, 4, 3, 32, 4
2022/4/5, 8, 6, 30, 3
2022/4/6, 14, 4, 30, 5
2022/4/7, 7, 5, 29, 7
2022/4/8, 9, 7, 34, 4
2022/4/9, 14, 7, 32, 8
2022/4/10, 16, 13, 30, 5
2022/4/11, 34, 17, 25, 6
2022/4/12, 49, 7, 25, 7
2022/4/13, 22, 8, 26, 9
2022/4/14, 21, 5, 26, 3
2022/4/15, 14, 4, 30, 3
2022/4/16, 11, 9, 38, 2
2022/4/17, 26, 6, 35, 3
2022/4/18, 13, 8, 35, 7
2022/4/19, 18, 10, 33, 8
2022/4/20, 24, 16, 38, 3
2022/4/21, 48, 12, 37, 3
2022/4/22, 28, 11, 37, 2
2022/4/23, 28, 11, 33, 2
2022/4/24, 30, 10, 34, 3
2022/4/25, 22, 7, 32, 5
2022/4/26, 16, 12, 33, 5
2022/4/27, 24, 16, 31, 8
2022/4/28, 35, 18, 36, 9
2022/4/29, 44, 12, 31, 9
2022/4/30, 37, 4, 27, 4
2022/5/1, 13, 8, 29, 6
2022/5/2, 24, 11, 25, 7
2022/5/3, 32, 4, 26, 6
2022/5/4, 11, 7, 23, 5
2022/5/5, 22, 5, 26, 4
2022/5/6, 15, 11, 20, 7
2022/5/7, 28, 12, 30, 4
2022/5/8, 35, 6, 30, 4
2022/5/9, 19, 8, 28, 3
2022/5/10, 18, 8, 26, 3
2022/5/11, 16, 8, 32, 4
2022/5/12, 16, 17, 30, 4
2022/5/13, 42, 21, 31, 5
2022/5/14, 49, 17, 32, 7
2022/5/15, 48, 10, 26, 5
2022/5/16, 32, 10, 32, 5
2022/5/17, 27, 9, 36, 2
2022/5/18, 19, 10, 34, 2
2022/5/19, 21, 8, 32, 3
2022/5/20, 18, 10, 27, 2
2022/5/21, 24, 5, 27, 2
2022/5/22, 14, 4, 27, 3
2022/5/23, 8, 4, 23, 4
2022/5/24, 7, 5, 28, 2
2022/5/25, 10, 9, 29, 3
2022/5/26, 19, 9, 28, 3
2022/5/27, 19, 6, 27, 3
2022/5/28, 12, 3, 27, 2
2022/5/29, 8, 5, 30, 4
2022/5/30, 10, 4, 24, 6
2022/5/31, 12, 7, 34, 7
2022/6/1, 21, 8, 32, 8
2022/6/2, 20, 11, 31, 3
2022/6/3, 35, 7, 34, 2
2022/6/4, 21, 8, 31, 3
2022/6/5, 24, 11, 32, 4
2022/6/6, 33, 12, 27, 4
2022/6/7, 25, 8, 23, 3
2022/6/8, 25, 6, 20, 3
2022/6/9, 15, 13, 25, 3
2022/6/10, 30, 10, 27, 2
2022/6/11, 25, 8, 28, 2
2022/6/12, 19, 10, 22, 4
2022/6/13, 23, 8, 27, 4
2022/6/14, 16, 8, 31, 4
2022/6/15, 18, 10, 28, 5
2022/6/16, 23, 8, 25, 4
2022/6/17, 18, 13, 22, 2
2022/6/18, 27, 9, 22, 3
2022/6/19, 21, 10, 23, 5
2022/6/20, 22, 2, 18, 3
2022/6/21, 5, 3, 20, 3
2022/6/22, 7, 9, 27, 4
2022/6/23, 22, 9, 29, 4
2022/6/24, 22, 6, 29, 2
2022/6/25, 14, 4, 23, 1
2022/6/26, 11, 6, 24, 2
2022/6/27, 14, 6, 21, 2
2022/6/28, 15, 8, 18, 3
2022/6/29, 17, 7, 19, 7
2022/6/30, 17, 5, 21, 4
2022/1/3, 14, 10, 25, 6
2022/1/4, 23, 14, 21, 16
2022/1/5, 28, 6, 30, 7
2022/1/6, 15, 4, 29, 12
2022/1/7, 12, 9, 25, 10
2022/1/8, 22, 8, 27, 13
2022/1/9, 21, 8, 21, 13
2022/1/10, 25, 15, 22, 9
2022/1/11, 33, 11, 23, 7
2022/1/12, 28, 7, 25, 7
2022/1/13, 15, 7, 22, 9
2022/1/14, 22, 13, 20, 11
2022/1/15, 46, 11, 29, 6
2022/1/16, 28, 11, 27, 8
2022/1/17, 25, 10, 23, 13
2022/1/18, 31, 10, 26, 8
2022/1/19, 26, 13, 11, 23
2022/1/20, 28, 4, 22, 11
2022/1/21, 11, 6, 26, 7
2022/1/22, 15, 8, 27, 4
2022/1/23, 21, 27, 25, 8
2022/1/24, 50, 31, 20, 8
2022/1/25, 61, 5, 25, 4
2022/1/26, 18, 8, 24, 10
2022/1/27, 16, 12, 24, 7
2022/1/28, 27, 12, 32, 3
2022/1/29, 28, 11, 36, 9
2022/1/30, 22, 8, 33, 5
2022/1/31, 18, 19, 32, 4
2022/2/1, 44, 4, 28, 7
2022/2/2, 12, 8, 30, 5
2022/2/3, 19, 7, 30, 8
2022/2/4, 16, 7, 30, 5
2022/2/5, 17, 5, 31, 5
2022/2/6, 11, 9, 28, 9
2022/2/7, 20, 9, 30, 5
2022/2/8, 21, 7, 30, 6
2022/2/9, 17, 7, 30, 9
2022/2/10, 16, 12, 31, 18
2022/2/11, 28, 6, 31, 5
2022/2/12, 15, 7, 26, 6
2022/2/13, 19, 4, 22, 10
2022/2/14, 8, 7, 28, 8
2022/2/15, 15, 9, 33, 5
2022/2/16, 22, 8, 32, 6
2022/2/17, 16, 3, 29, 7
2022/2/18, 8, 6, 29, 7
2022/2/19, 14, 13, 34, 3
2022/2/20, 29, 12, 32, 6
2022/2/21, 26, 10, 30, 6
2022/2/22, 26, 10, 30, 5
2022/2/23, 24, 5, 26, 6
2022/2/24, 12, 11, 27, 10
2022/2/25, 25, 9, 30, 5
2022/2/26, 24, 12, 28, 3
2022/2/27, 36, 8, 27, 9
2022/2/28, 19, 16, 20, 16
2022/3/1, 34, 10, 20, 10
2022/3/2, 28, 9, 23, 10
2022/3/3, 28, 6, 25, 12
2022/3/4, 12, 9, 28, 18
2022/3/5, 17, 14, 24, 17
2022/3/6, 35, 13, 27, 14
2022/3/7, 31, 21, 30, 5
2022/3/8, 55, 9, 29, 5
2022/3/9, 24, 6, 27, 6
2022/3/10, 17, 9, 27, 6
2022/3/11, 30, 5, 28, 5
2022/3/12, 12, 7, 33, 2
2022/3/13, 18, 7, 30, 7
2022/3/14, 15, 9, 28, 9
2022/3/15, 20, 7, 27, 10
2022/3/16, 15, 13, 28, 12
2022/3/17, 29, 17, 31, 10
2022/3/18, 38, 13, 31, 9
2022/3/19, 40, 14, 32, 4
2022/3/20, 36, 37, 31, 10
2022/3/21, 84, 45, 22, 15
2022/3/22, 95, 47, 36, 15
2022/3/23, 103, 37, 31, 17
2022/3/24, 80, 30, 28, 16
2022/3/25, 72, 28, 35, 18
2022/3/26, 68, 30, 37, 15
2022/3/27, 71, 29, 38, 14
2022/3/28, 65, 27, 32, 11
2022/3/29, 63, 6, 29, 4
2022/3/30, 11, 6, 30, 5
2022/3/31, 10, 8, 29, 9
2021/10/1, 13, 6, 20, 9
2021/10/2, 14, 5, 23, 5
2021/10/3, 10, 7, 21, 8
2021/10/4, 15, 4, 20, 8
2021/10/5, 9, 6, 18, 11
2021/10/6, 11, 4, 13, 5
2021/10/7, 9, 5, 18, 6
2021/10/8, 13, 6, 12, 8
2021/10/9, 16, 10, 20, 6
2021/10/10, 22, 9, 19, 7
2021/10/11, 19, 5, 18, 10
2021/10/12, 10, 5, 23, 7
2021/10/13, 11, 8, 22, 6
2021/10/14, 21, 7, 15, 14
2021/10/15, 15, 7, 9, 11
2021/10/16, 20, 4, 7, 9
2021/10/17, 12, 6, 16, 8
2021/10/18, 15, 6, 25, 8
2021/10/19, 13, 9, 26, 6
2021/10/20, 18, 10, 30, 8
2021/10/21, 20, 6, 25, 9
2021/10/22, 13, 6, 31, 5
2021/10/23, 14, 6, 29, 3
2021/10/24, 15, 8, 25, 6
2021/10/25, 16, 7, 24, 5
2021/10/26, 17, 3, 27, 8
2021/10/27, 10, 5, 17, 14
2021/10/28, 13, 7, 13, 13
2021/10/29, 18, 5, 20, 7
2021/10/30, 12, 5, 17, 9
2021/10/31, 15, 5, 25, 9
2021/11/1, 11, 6, 17, 14
2021/11/2, 12, 4, 17, 15
2021/11/3, 9, 6, 17, 17
2021/11/4, 14, 7, 24, 11
2021/11/5, 23, 8, 27, 4
2021/11/6, 20, 14, 26, 6
2021/11/7, 32, 12, 22, 15
2021/11/8, 24, 8, 24, 7
2021/11/9, 18, 13, 19, 12
2021/11/10, 26, 6, 27, 6
2021/11/11, 13, 4, 26, 5
2021/11/12, 11, 9, 16, 17
2021/11/13, 24, 6, 15, 10
2021/11/14, 19, 6, 19, 13
2021/11/15, 15, 9, 27, 7
2021/11/16, 21, 9, 25, 7
2021/11/17, 20, 5, 27, 4
2021/11/18, 15, 6, 25, 5
2021/11/19, 16, 5, 27, 5
2021/11/20, 13, 5, 21, 8
2021/11/21, 10, 8, 16, 19
2021/11/22, 21, 3, 23, 11
2021/11/23, 8, 8, 23, 11
2021/11/24, 16, 7, 21, 11
2021/11/25, 16, 5, 28, 5
2021/11/26, 10, 6, 28, 4
2021/11/27, 11, 5, 19, 12
2021/11/28, 12, 7, 26, 19
2021/11/29, 21, 2, 25, 7
2021/11/30, 6, 5, 24, 7
2021/12/1, 10, 8, 22, 13
2021/12/2, 15, 8, 20, 12
2021/12/3, 19, 3, 27, 9
2021/12/4, 8, 10, 23, 17
2021/12/5, 24, 6, 26, 12
2021/12/6, 14, 6, 26, 8
2021/12/7, 14, 5, 21, 15
2021/12/8, 16, 8, 27, 15
2021/12/9, 16, 7, 24, 17
2021/12/10, 17, 10, 27, 17
2021/12/11, 25, 10, 30, 7
2021/12/12, 26, 9, 28, 8
2021/12/13, 19, 9, 22, 6
2021/12/14, 26, 8, 22, 7
2021/12/15, 24, 11, 17, 12
2021/12/16, 37, 14, 21, 14
2021/12/17, 46, 11, 14, 15
2021/12/18, 43, 7, 12, 12
2021/12/19, 27, 5, 18, 10
2021/12/20, 14, 9, 20, 7
2021/12/21, 33, 22, 16, 12
2021/12/22, 67, 5, 14, 13
2021/12/23, 19, 6, 27, 6
2021/12/24, 13, 9, 27, 2
2021/12/25, 17, 7, 27, 4
2021/12/26, 17, 9, 11, 10
2021/12/27, 35, 7, 16, 10
2021/12/28, 23, 12, 25, 7
2021/12/29, 33, 8, 23, 6
2021/12/30, 23, 6, 25, 7
2021/12/31, 19, 15, 30, 2
2022/1/1, 38, , , 
2021/7/1, 25, 12, 23, 5
2021/7/2, 32, 12, 18, 6
2021/7/3, 39, 7, 17, 3
2021/7/4, 21, 6, 16, 5
2021/7/5, 16, 8, 22, 6
2021/7/6, 16, 7, 21, 4
2021/7/7, 18, 6, 18, 4
2021/7/8, 19, 8, 20, 5
2021/7/9, 22, 9, 22, 5
2021/7/10, 28, 7, 19, 4
2021/7/11, 23, 12, 26, 4
2021/7/12, 36, 8, 20, 6
2021/7/13, 26, 5, 16, 4
2021/7/14, 11, 8, 18, 4
2021/7/15, 17, 7, 13, 5
2021/7/16, 15, 6, 11, 3
2021/7/17, 15, 3, 13, 3
2021/7/18, 10, 8, 22, 7
2021/7/19, 15, 12, 41, 7
2021/7/20, 29, 17, 28, 6
2021/7/21, 43, 16, 32, 5
2021/7/22, 49, 15, 26, 4
2021/7/23, 43, 11, 26, 3
2021/7/24, 30, 11, 29, 3
2021/7/25, 33, 14, 22, 6
2021/7/26, 40, 11, 22, 5
2021/7/27, 28, 4, 25, 4
2021/7/28, 9, 4, 26, 3
2021/7/29, 11, 6, 21, 5
2021/7/30, 15, 5, 24, 4
2021/7/31, 14, 4, 24, 2
2021/8/1, 9, 7, 25, 5
2021/8/2, 17, 7, 19, 6
2021/8/3, 21, 10, 24, 7
2021/8/4, 26, 10, 27, 3
2021/8/5, 22, 5, 20, 5
2021/8/6, 13, 4, 17, 4
2021/8/7, 10, 6, 18, 6
2021/8/8, 18, 6, 15, 8
2021/8/9, 18, 7, 21, 6
2021/8/10, 19, 7, 14, 7
2021/8/11, 19, 10, 17, 7
2021/8/12, 21, 12, 18, 4
2021/8/13, 24, 10, 18, 5
2021/8/14, 25, 9, 22, 5
2021/8/15, 29, 8, 24, 3
2021/8/16, 24, 4, 17, 3
2021/8/17, 10, 6, 20, 4
2021/8/18, 15, 7, 21, 6
2021/8/19, 18, 8, 12, 9
2021/8/20, 19, 3, 13, 6
2021/8/21, 9, 8, 20, 4
2021/8/22, 24, 12, 23, 6
2021/8/23, 38, 12, 25, 9
2021/8/24, 35, 14, 24, 11
2021/8/25, 35, 12, 22, 4
2021/8/26, 29, 13, 27, 5
2021/8/27, 31, 12, 23, 7
2021/8/28, 33, 7, 20, 3
2021/8/29, 20, 6, 20, 4
2021/8/30, 13, 7, 21, 6
2021/8/31, 15, 13, 24, 10
2021/9/1, 30, 17, 23, 5
2021/9/2, 45, 13, 21, 5
2021/9/3, 39, 7, 28, 4
2021/9/4, 20, 15, 29, 6
2021/9/5, 48, 20, 20, 9
2021/9/6, 60, 16, 21, 8
2021/9/7, 45, 20, 39, 11
2021/9/8, 49, 28, 30, 9
2021/9/9, 75, 11, 19, 8
2021/9/10, 36, 4, 22, 5
2021/9/11, 11, 4, 23, 6
2021/9/12, 9, 5, 25, 5
2021/9/13, 12, 8, 10, 10
2021/9/14, 26, 11, 24, 8
2021/9/15, 32, 10, 25, 6
2021/9/16, 19, 5, 21, 5
2021/9/17, 10, 8, 19, 7
2021/9/18, 19, 5, 23, 7
2021/9/19, 13, 11, 19, 8
2021/9/20, 27, 17, 20, 5
2021/9/21, 39, 7, 23, 4
2021/9/22, 14, 9, , 4
2021/9/23, 23, 5, , 4
2021/9/24, 14, 4, , 5
2021/9/25, 11, 3, , 2
2021/9/26, 8, 5, , 6
2021/9/27, 10, 7, , 8
2021/9/28, 13, 8, , 10
2021/9/29, 15, 6, , 6
2021/9/30, 14, 5, 23, 5
2021/4/1, 18, 14, 29, 11
2021/4/2, 35, 15, 24, 9
2021/4/3, 43, 12, 32, 3
2021/4/4, 26, 5, 27, 3
2021/4/5, 10, 8, 28, 5
2021/4/6, 11, 7, 29, 6
2021/4/7, 12, 10, 29, 4
2021/4/8, 23, 6, 30, 6
2021/4/9, 11, 6, 27, 10
2021/4/10, 14, 6, 30, 9
2021/4/11, 17, 8, 28, 12
2021/4/12, 18, 10, 26, 14
2021/4/13, 21, 12, 25, 11
2021/4/14, 33, 16, 28, 12
2021/4/15, 38, 17, 33, 11
2021/4/16, 43, 17, 33, 9
2021/4/17, 46, 16, 30, 6
2021/4/18, 51, 19, 35, 8
2021/4/19, 51, 10, 29, 6
2021/4/20, 28, 12, 30, 5
2021/4/21, 23, 17, 34, 11
2021/4/22, 37, 19, 34, 10
2021/4/23, 40, 12, 32, 2
2021/4/24, 32, 9, 32, 3
2021/4/25, 25, 14, 29, 8
2021/4/26, 32, 5, 27, 6
2021/4/27, 12, 7, 29, 6
2021/4/28, 17, 5, 28, 6
2021/4/29, 11, 7, 29, 6
2021/4/30, 14, 6, 26, 6
2021/5/1, 17, 5, 29, 6
2021/5/2, 18, 3, 29, 4
2021/5/3, 11, 5, 27, 4
2021/5/4, 9, 5, 24, 6
2021/5/5, 10, 4, 22, 8
2021/5/6, 10, 7, 27, 10
2021/5/7, 16, 6, 24, 7
2021/5/8, 18, 10, 27, 2
2021/5/9, 27, 6, 27, 3
2021/5/10, 14, 8, 30, 4
2021/5/11, 18, 5, 29, 6
2021/5/12, 14, 11, 32, 4
2021/5/13, 37, 8, 27, 5
2021/5/14, 21, 8, 26, 5
2021/5/15, 24, 10, 33, 3
2021/5/16, 33, 10, 27, 7
2021/5/17, 32, 6, 28, 6
2021/5/18, 13, 6, 27, 6
2021/5/19, 11, 5, 22, 5
2021/5/20, 11, 2, 27, 3
2021/5/21, 7, 3, 28, 2
2021/5/22, 9, 3, 29, 3
2021/5/23, 8, 4, 26, 7
2021/5/24, 9, 6, 25, 6
2021/5/25, 16, 7, 24, 11
2021/5/26, 16, 10, 29, 9
2021/5/27, 28, 8, 21, 8
2021/5/28, 21, 15, 24, 7
2021/5/29, 48, 18, 32, 8
2021/5/30, 55, 14, 35, 5
2021/5/31, 36, 15, 39, 6
2021/6/1, 42, 17, 35, 4
2021/6/2, 46, 15, 28, 6
2021/6/3, 42, 8, 26, 4
2021/6/4, 16, 7, 22, 3
2021/6/5, 19, 5, 25, 3
2021/6/6, 13, 8, 27, 6
2021/6/7, 18, 8, 22, 3
2021/6/8, 19, 6, 16, 3
2021/6/9, 16, 8, 18, 2
2021/6/10, 17, 9, 22, 3
2021/6/11, 19, 9, 21, 3
2021/6/12, 19, 8, 22, 2
2021/6/13, 21, 9, 20, 4
2021/6/14, 22, 13, 25, 4
2021/6/15, 28, 7, 23, 4
2021/6/16, 18, 8, 19, 3
2021/6/17, 21, 8, 21, 4
2021/6/18, 16, 9, 25, 3
2021/6/19, 23, 8, 19, 3
2021/6/20, 22, 9, 21, 3
2021/6/21, 24, 12, 22, 6
2021/6/22, 31, 5, 17, 5
2021/6/23, 15, 4, 14, 5
2021/6/24, 8, 4, 18, 3
2021/6/25, 6, 5, 18, 3
2021/6/26, 11, 6, 21, 4
2021/6/27, 18, 8, 22, 7
2021/6/28, 20, 13, 30, 5
2021/6/29, 35, 8, 27, 3
2021/6/30, 24, 12, 29, 5
2021/1/4, 14, 6, 10, 17
2021/1/5, 14, 15, , 24
2021/1/6, 51, 17, , 25
2021/1/7, 51, 12, 13, 26
2021/1/8, 27, 9, 20, 18
2021/1/9, 29, 3, 28, 7
2021/1/10, 9, 3, 29, 5
2021/1/11, 9, 10, 6, 25
2021/1/12, 27, 14, 15, 23
2021/1/13, 34, 10, 20, 17
2021/1/14, 27, 13, 14, 20
2021/1/15, 46, 8, 26, 5
2021/1/16, 21, 7, 28, 5
2021/1/17, 16, 8, 28, 7
2021/1/18, 17, 8, 16, 19
2021/1/19, 21, 5, 13, 14
2021/1/20, 17, 5, 21, 11
2021/1/21, 12, 6, 21, 12
2021/1/22, 15, 5, 17, 16
2021/1/23, 14, 9, 6, 25
2021/1/24, 29, 7, 20, 15
2021/1/25, 14, 12, 9, 19
2021/1/26, 29, 12, 19, 15
2021/1/27, 33, 4, 23, 9
2021/1/28, 13, 3, 19, 10
2021/1/29, 8, 6, 20, 6
2021/1/30, 13, 8, 18, 7
2021/1/31, 17, 6, 18, 9
2021/2/1, 16, 3, 26, 5
2021/2/2, 7, 3, 25, 4
2021/2/3, 9, 4, 23, 6
2021/2/4, 11, 4, 22, 5
2021/2/5, 13, 5, 26, 2
2021/2/6, 15, 13, 28, 3
2021/2/7, 26, 8, 27, 5
2021/2/8, 15, 4, 27, 4
2021/2/9, 9, 10, 25, 14
2021/2/10, 19, 10, 22, 20
2021/2/11, 29, 8, 29, 8
2021/2/12, 22, 12, 26, 6
2021/2/13, 31, 8, 21, 5
2021/2/14, 23, 10, 28, 8
2021/2/15, 25, 9, 27, 5
2021/2/16, 22, 9, 28, 5
2021/2/17, 21, 5, 27, 6
2021/2/18, 12, 4, 28, 3
2021/2/19, 13, 7, 29, 3
2021/2/20, 20, 10, 29, 4
2021/2/21, 24, 10, 30, 9
2021/2/22, 22, 2, 28, 
2021/2/23, 7, 8, 29, 7
2021/2/24, 21, 12, 25, 6
2021/2/25, 28, 11, 23, 7
2021/2/26, 26, 7, 19, 8
2021/2/27, 22, 9, 22, 6
2021/2/28, 29, 17, 18, 14
2021/3/1, 49, 23, 21, 9
2021/3/2, 68, 19, 25, 8
2021/3/3, 60, 8, 26, 7
2021/3/4, 17, 10, 25, 8
2021/3/5, 20, 15, 25, 10
2021/3/6, 38, 20, 19, 8
2021/3/7, 60, 11, 20, 9
2021/3/8, 32, 8, 31, 5
2021/3/9, 27, 9, 30, 4
2021/3/10, 23, 7, 27, 4
2021/3/11, 16, 4, 28, 4
2021/3/12, 11, 4, 26, 8
2021/3/13, 9, 5, 27, 6
2021/3/14, 13, 6, 25, 11
2021/3/15, 17, 11, 23, 6
2021/3/16, 24, 17, 22, 7
2021/3/17, 36, 6, 20, 9
2021/3/18, 11, 12, 16, 12
2021/3/19, 24, 5, 21, 5
2021/3/20, 15, 7, 26, 6
2021/3/21, 15, 6, 25, 5
2021/3/22, 14, 10, 27, 6
2021/3/23, 24, 11, 27, 4
2021/3/24, 22, 8, 30, 5
2021/3/25, 21, 6, 30, 5
2021/3/26, 16, 8, 30, 4
2021/3/27, 17, 5, 28, 2
2021/3/28, 14, 4, 22, 3
2021/3/29, 15, 8, 25, 5
2021/3/30, 20, 14, 26, 11
2021/3/31, 30, 10, 28, 6
2020/10/1, 18, 9, 16, 11
2020/10/2, 20, 7, 19, 13
2020/10/3, 24, 5, 20, 7
2020/10/4, 15, 5, 16, 12
2020/10/5, 14, 5, 22, 9
2020/10/6, 11, 8, 20, 7
2020/10/7, 14, 8, 22, 12
2020/10/8, 15, 5, 20, 9
2020/10/9, 11, 3, 19, 4
2020/10/10, 7, 2, 18, 7
2020/10/11, 7, 4, 16, 8
2020/10/12, 12, 5, 22, 5
2020/10/13, 10, 7, 21, 6
2020/10/14, 15, 9, 18, 12
2020/10/15, 16, 6, 21, 9
2020/10/16, 14, 4, 22, 6
2020/10/17, 12, 5, 20, 7
2020/10/18, 18, 6, 18, 7
2020/10/19, 22, 9, 26, 8
2020/10/20, 25, 6, 24, 5
2020/10/21, 14, 5, 21, 11
2020/10/22, 12, 6, 22, 8
2020/10/23, 14, 9, 22, 5
2020/10/24, 18, 8, 23, 4
2020/10/25, 17, 6, 18, 9
2020/10/26, 13, 7, 17, 9
2020/10/27, 16, 9, 24, 7
2020/10/28, 21, 8, 23, 8
2020/10/29, 18, 8, 24, 10
2020/10/30, 18, 7, 26, 2
2020/10/31, 17, 10, 28, 4
2020/11/1, 28, 7, 25, 10
2020/11/2, 18, 5, 27, 12
2020/11/3, 12, 9, 21, 12
2020/11/4, 19, 11, 21, 10
2020/11/5, 31, 13, 19, 13
2020/11/6, 40, 16, 7, 13
2020/11/7, 56, 19, 8, 11
2020/11/8, 58, 14, 2, 13
2020/11/9, 48, 9, 21, 10
2020/11/10, 31, 3, 22, 3
2020/11/11, 8, 5, 28, 6
2020/11/12, 10, 8, 27, 8
2020/11/13, 17, 5, 24, 6
2020/11/14, 13, 4, 19, 8
2020/11/15, 10, 6, 25, 7
2020/11/16, 12, 4, 22, 5
2020/11/17, 10, 5, 24, 7
2020/11/18, 13, 8, 21, 16
2020/11/19, 19, 5, 24, 11
2020/11/20, 13, 6, 25, 6
2020/11/21, 16, 7, 23, 4
2020/11/22, 16, 5, 24, 7
2020/11/23, 12, 3, 25, 8
2020/11/24, 10, 10, 18, 14
2020/11/25, 24, 12, 7, 23
2020/11/26, 35, 11, 4, 23
2020/11/27, 27, 16, 5, 16
2020/11/28, 51, 21, , 18
2020/11/29, 66, 7, 19, 11
2020/11/30, 19, 15, 14, 23
2020/12/1, 37, 6, 26, 9
2020/12/2, 14, 8, 19, 23
2020/12/3, 22, 2, 21, 7
2020/12/4, 8, 8, 19, 16
2020/12/5, 29, 17, , 23
2020/12/6, 54, 16, 9, 20
2020/12/7, 50, 5, 15, 13
2020/12/8, 12, 9, 13, 12
2020/12/9, 16, 7, 11, 10
2020/12/10, 23, 7, 11, 12
2020/12/11, 28, 9, 5, 18
2020/12/12, 35, 4, 21, 9
2020/12/13, 13, 8, 24, 8
2020/12/14, 18, 7, 15, 13
2020/12/15, 14, 5, 22, 6
2020/12/16, 13, 6, 21, 7
2020/12/17, 12, 2, 25, 6
2020/12/18, 9, 6, 26, 5
2020/12/19, 14, 8, 23, 4
2020/12/20, 19, 10, 21, 14
2020/12/21, 25, 9, 17, 19
2020/12/22, 21, 7, 7, 19
2020/12/23, 22, 7, 19, 16
2020/12/24, 16, 6, 26, 11
2020/12/25, 16, 9, 28, 1
2020/12/26, 23, 5, 26, 4
2020/12/27, 13, 16, 17, 18
2020/12/28, 44, 9, 8, 22
2020/12/29, 24, 7, 10, 18
2020/12/30, 16, 6, 17, 15
2020/12/31, 13, 4, 18, 11
2021/1/1, 16, 10, 4, 22
2021/1/2, 29, 13, 7, 19
2021/1/3, 39, 6, 12, 12
2020/7/1, 17, 7, 20, 3
2020/7/2, 13, 3, 17, 6
2020/7/3, 9, 4, 19, 5
2020/7/4, 9, 5, 19, 2
2020/7/5, 12, 7, 20, 3
2020/7/6, 14, 6, 15, 5
2020/7/7, 13, 7, 16, 5
2020/7/8, 16, 5, 20, 4
2020/7/9, 13, 4, 17, 3
2020/7/10, 11, 3, 18, 3
2020/7/11, 9, 5, 24, 3
2020/7/12, 13, 3, 17, 3
2020/7/13, 8, 3, 18, 3
2020/7/14, 6, 2, 13, 3
2020/7/15, 6, 6, 12, 3
2020/7/16, 14, 5, 14, 4
2020/7/17, 11, 9, 18, 2
2020/7/18, 22, 10, 20, 1
2020/7/19, 21, 7, 17, 2
2020/7/20, 12, 5, 19, 3
2020/7/21, 10, 4, 10, 7
2020/7/22, 11, 3, 10, 5
2020/7/23, 9, 5, 15, 5
2020/7/24, 13, 3, 11, 4
2020/7/25, 8, 6, 21, 2
2020/7/26, 15, 5, 18, 6
2020/7/27, 11, 6, 18, 2
2020/7/28, 12, 10, 19, 3
2020/7/29, 19, 6, 9, 8
2020/7/30, 15, 12, 34, 7
2020/7/31, 28, 7, 17, 3
2020/8/1, 16, 4, 17, 2
2020/8/2, 11, 6, 17, 5
2020/8/3, 12, 3, 15, 5
2020/8/4, 7, 4, 10, 6
2020/8/5, 9, 5, 16, 4
2020/8/6, 13, 3, 15, 4
2020/8/7, 7, 5, 21, 4
2020/8/8, 14, 8, 19, 1
2020/8/9, 20, 12, 19, 4
2020/8/10, 29, 15, 23, 5
2020/8/11, 41, 13, 38, 5
2020/8/12, 36, 11, 32, 4
2020/8/13, 38, 9, 23, 5
2020/8/14, 25, 9, 23, 4
2020/8/15, 33, 6, 26, 2
2020/8/16, 18, 5, 21, 5
2020/8/17, 16, 11, 17, 8
2020/8/18, 36, 12, 21, 5
2020/8/19, 36, 12, 22, 2
2020/8/20, 24, 6, 20, 5
2020/8/21, 14, 9, 21, 4
2020/8/22, 23, 3, 18, 4
2020/8/23, 8, 5, 21, 7
2020/8/24, 12, 2, 25, 3
2020/8/25, 8, 5, 15, 9
2020/8/26, 12, 7, 21, 8
2020/8/27, 17, 4, 19, 3
2020/8/28, 6, 2, 20, 4
2020/8/29, 7, 3, 21, 7
2020/8/30, 9, 5, 22, 7
2020/8/31, 11, 7, 26, 6
2020/9/1, 15, 4, 24, 4
2020/9/2, 10, 10, 22, 4
2020/9/3, 21, 10, 19, 4
2020/9/4, 19, 9, 18, 4
2020/9/5, 19, 4, 20, 4
2020/9/6, 10, 2, 15, 5
2020/9/7, 6, 4, 12, 4
2020/9/8, 11, 11, 24, 4
2020/9/9, 25, 14, 22, 8
2020/9/10, 28, 11, 18, 5
2020/9/11, 28, 11, 21, 4
2020/9/12, 27, 6, 18, 1
2020/9/13, 16, 10, 16, 9
2020/9/14, 25, 15, 17, 12
2020/9/15, 43, 11, 20, 6
2020/9/16, 22, 13, 13, 12
2020/9/17, 28, 12, 20, 11
2020/9/18, 25, 6, 22, 4
2020/9/19, 15, 7, 14, 5
2020/9/20, 24, 13, 20, 9
2020/9/21, 38, 9, 24, 5
2020/9/22, 24, 6, 18, 13
2020/9/23, 14, 7, 19, 11
2020/9/24, 16, 5, 18, 9
2020/9/25, 8, 7, 19, 10
2020/9/26, 18, 11, 17, 10
2020/9/27, 29, 9, 6, 14
2020/9/28, 23, 9, 14, 10
2020/9/29, 18, 4, 15, 5
2020/9/30, 11, 9, 17, 10
2020/4/1, 13, 7, 34, 2
2020/4/2, 16, 5, 29, 4
2020/4/3, 13, 6, 30, 3
2020/4/4, 19, 11, 35, 1
2020/4/5, 29, 9, 28, 2
2020/4/6, 22, 11, 28, 6
2020/4/7, 28, 8, 30, 3
2020/4/8, 21, 11, 24, 4
2020/4/9, 31, 21, 22, 8
2020/4/10, 60, 14, 27, 3
2020/4/11, 35, 11, 31, 1
2020/4/12, 25, 14, 33, 3
2020/4/13, 35, 14, 32, 4
2020/4/14, 39, 10, 30, 3
2020/4/15, 28, 10, 29, 5
2020/4/16, 26, 11, 30, 3
2020/4/17, 29, 11, 34, 1
2020/4/18, 26, 10, 32, 1
2020/4/19, 26, 9, 34, 2
2020/4/20, 20, 9, 34, 2
2020/4/21, 20, 13, 35, 2
2020/4/22, 28, 14, 33, 4
2020/4/23, 37, 13, 38, 8
2020/4/24, 33, 19, 37, 3
2020/4/25, 57, 5, 30, 2
2020/4/26, 19, 4, 30, 3
2020/4/27, 9, 7, 25, 4
2020/4/28, 17, 7, 24, 5
2020/4/29, 21, 9, 24, 5
2020/4/30, 28, 6, 28, 6
2020/5/1, 22, 5, 30, 3
2020/5/2, 14, 8, 31, 2
2020/5/3, 26, 5, 30, 2
2020/5/4, 15, 6, 31, 3
2020/5/5, 17, 9, 35, 5
2020/5/6, 25, 13, 37, 9
2020/5/7, 37, 7, 27, 2
2020/5/8, 24, 6, 26, 3
2020/5/9, 21, 4, 26, 
2020/5/10, 10, 5, 29, 1
2020/5/11, 11, 6, 29, 1
2020/5/12, 12, 5, 26, 2
2020/5/13, 16, 5, 29, 5
2020/5/14, 14, 5, 31, 3
2020/5/15, 12, 5, 29, 1
2020/5/16, 11, 5, 30, 1
2020/5/17, 16, 6, 25, 2
2020/5/18, 20, 5, 22, 3
2020/5/19, 15, 10, 25, 4
2020/5/20, 30, 8, 29, 7
2020/5/21, 25, 14, 29, 2
2020/5/22, 32, 12, 28, 1
2020/5/23, 30, 9, 28, 1
2020/5/24, 24, 9, 27, 5
2020/5/25, 23, 12, 23, 1
2020/5/26, 29, 11, 31, 3
2020/5/27, 27, 10, 26, 5
2020/5/28, 25, 10, 32, 5
2020/5/29, 23, 10, 27, 3
2020/5/30, 21, 9, 35, 2
2020/5/31, 25, 11, 41, 4
2020/6/1, 29, 14, 38, 7
2020/6/2, 35, 3, 27, 1
2020/6/3, 7, 4, 20, 3
2020/6/4, 9, 3, 21, 1
2020/6/5, 6, 2, 26, 1
2020/6/6, 8, 7, 24, 1
2020/6/7, 17, 9, 29, 2
2020/6/8, 21, 9, 25, 2
2020/6/9, 22, 5, 27, 4
2020/6/10, 16, 8, 26, 3
2020/6/11, 17, 10, 27, 3
2020/6/12, 24, 8, 22, 4
2020/6/13, 31, 7, 35, 3
2020/6/14, 24, 10, 25, 6
2020/6/15, 36, 9, 30, 4
2020/6/16, 31, 10, 31, 4
2020/6/17, 29, 11, 33, 3
2020/6/18, 35, 7, 30, 3
2020/6/19, 24, 5, 25, 1
2020/6/20, 13, 8, 20, 2
2020/6/21, 19, 6, 18, 3
2020/6/22, 15, 4, 22, 4
2020/6/23, 10, 6, 16, 4
2020/6/24, 13, 18, 44, 6
2020/6/25, 43, 18, 32, 7
2020/6/26, 53, 5, 19, 3
2020/6/27, 12, 2, 20, 2
2020/6/28, 6, 4, 24, 4
2020/6/29, 13, 4, 19, 4
2020/6/30, 11, 8, 17, 6
2020/1/1, 61, 8, 29, 5
2020/1/2, 24, 12, 28, 10
2020/1/3, 27, 8, 28, 7
2020/1/4, 20, 5, 26, 4
2020/1/5, 14, 8, 29, 8
2020/1/6, 21, 12, 27, 6
2020/1/7, 30, 11, 29, 12
2020/1/8, 26, 10, 15, 21
2020/1/9, 26, 12, 27, 22
2020/1/10, 37, 6, 27, 7
2020/1/11, 15, 7, 22, 10
2020/1/12, 17, 8, 28, 5
2020/1/13, 18, 8, 29, 8
2020/1/14, 20, 13, 26, 5
2020/1/15, 30, 8, 27, 5
2020/1/16, 18, 11, 24, 12
2020/1/17, 24, 9, 24, 14
2020/1/18, 22, 12, 18, 21
2020/1/19, 34, 14, 20, 9
2020/1/20, 39, 9, 21, 12
2020/1/21, 22, 9, 21, 14
2020/1/22, 23, 5, 22, 10
2020/1/23, 17, 4, 23, 10
2020/1/24, 11, 7, 24, 7
2020/1/25, 23, 9, 25, 8
2020/1/26, 22, 8, 25, 10
2020/1/27, 18, 6, 24, 13
2020/1/28, 13, 8, 28, 8
2020/1/29, 19, 9, 29, 5
2020/1/30, 23, 8, 27, 6
2020/1/31, 23, 8, 29, 7
2020/2/1, 20, 8, 26, 12
2020/2/2, 23, 12, 29, 7
2020/2/3, 28, 8, 30, 10
2020/2/4, 18, 15, 17, 14
2020/2/5, 32, 17, 17, 13
2020/2/6, 44, 15, 15, 16
2020/2/7, 45, 7, 27, 4
2020/2/8, 18, 7, 29, 5
2020/2/9, 17, 5, 30, 3
2020/2/10, 12, 11, 28, 8
2020/2/11, 27, 9, 28, 13
2020/2/12, 21, 8, 20, 15
2020/2/13, 21, 11, 23, 12
2020/2/14, 30, 11, 30, 6
2020/2/15, 27, 11, 33, 3
2020/2/16, 27, 10, 28, 7
2020/2/17, 25, 6, 28, 8
2020/2/18, 16, 8, 26, 8
2020/2/19, 20, 6, 28, 9
2020/2/20, 15, 5, 28, 5
2020/2/21, 16, 9, 31, 4
2020/2/22, 24, 7, 26, 8
2020/2/23, 16, 5, 20, 11
2020/2/24, 11, 3, 21, 15
2020/2/25, 7, 5, 23, 13
2020/2/26, 10, 6, 23, 12
2020/2/27, 13, 7, 20, 14
2020/2/28, 19, 7, 27, 8
2020/2/29, 18, 8, 31, 5
2020/3/1, 20, 9, 26, 8
2020/3/2, 18, 10, 23, 12
2020/3/3, 22, 11, 21, 17
2020/3/4, 22, 14, 14, 23
2020/3/5, 35, 15, 19, 20
2020/3/6, 41, 7, 28, 8
2020/3/7, 20, 7, 30, 5
2020/3/8, 16, 8, 24, 9
2020/3/9, 18, 11, 27, 7
2020/3/10, 29, 9, 28, 7
2020/3/11, 22, 7, 25, 7
2020/3/12, 17, 11, 26, 11
2020/3/13, 21, 7, 29, 6
2020/3/14, 17, 6, 30, 5
2020/3/15, 15, 8, 25, 9
2020/3/16, 19, 9, 26, 8
2020/3/17, 24, 8, 26, 8
2020/3/18, 17, 11, 22, 9
2020/3/19, 20, 11, 25, 14
2020/3/20, 21, 9, 25, 4
2020/3/21, 18, 14, 25, 6
2020/3/22, 41, 21, 28, 9
2020/3/23, 56, 22, 28, 6
2020/3/24, 58, 10, 27, 6
2020/3/25, 34, 6, 28, 5
2020/3/26, 22, 7, 24, 5
2020/3/27, 20, 7, 30, 5
2020/3/28, 16, 9, 28, 1
2020/3/29, 18, , , 
2019/10/1, 10, 10, 17, 13
2019/10/2, 17, 8, 15, 9
2019/10/3, 20, 7, 21, 7
2019/10/4, 19, 7, 14, 8
2019/10/5, 18, 4, 20, 6
2019/10/6, 12, 9, 20, 4
2019/10/7, 21, 12, 22, 5
2019/10/8, 25, 10, 23, 6
2019/10/9, 24, 9, 23, 7
2019/10/10, 21, 10, 22, 5
2019/10/11, 22, 8, 19, 8
2019/10/12, 18, 8, 6, 11
2019/10/13, 27, 8, 8, 12
2019/10/14, 22, 10, 16, 8
2019/10/15, 30, 9, 18, 11
2019/10/16, 22, 7, 20, 10
2019/10/17, 15, 6, 17, 11
2019/10/18, 16, 4, 22, 6
2019/10/19, 10, 4, 22, 9
2019/10/20, 10, 9, 18, 16
2019/10/21, 20, 8, 24, 6
2019/10/22, 17, 7, 24, 7
2019/10/23, 13, 8, 19, 11
2019/10/24, 17, 8, 18, 15
2019/10/25, 17, 6, 21, 12
2019/10/26, 14, 6, 24, 8
2019/10/27, 15, 11, 12, 23
2019/10/28, 24, 12, 15, 23
2019/10/29, 30, 8, 17, 14
2019/10/30, 25, 12, 17, 14
2019/10/31, 38, 11, 10, 11
2019/11/1, 37, 7, 10, 16
2019/11/2, 20, 6, 17, 8
2019/11/3, 19, 6, 19, 5
2019/11/4, 18, 24, 21, 12
2019/11/5, 75, 35, 9, 18
2019/11/6, 81, 5, 22, 7
2019/11/7, 15, 12, 22, 20
2019/11/8, 25, 9, 15, 15
2019/11/9, 22, 8, 14, 18
2019/11/10, 18, 3, 20, 10
2019/11/11, 9, 4, 18, 13
2019/11/12, 12, 9, 4, 21
2019/11/13, 29, 6, 18, 17
2019/11/14, 12, 5, 18, 15
2019/11/15, 10, 17, 1, 29
2019/11/16, 48, 21, 1, 29
2019/11/17, 65, 17, 1, 27
2019/11/18, 52, 12, 2, 26
2019/11/19, 37, 14, 9, 16
2019/11/20, 47, 13, 19, 12
2019/11/21, 39, 12, 19, 13
2019/11/22, 41, 12, 18, 8
2019/11/23, 38, 15, 3, 13
2019/11/24, 47, 17, 8, 13
2019/11/25, 56, 8, 11, 11
2019/11/26, 27, 8, 12, 16
2019/11/27, 27, 7, 18, 13
2019/11/28, 16, 17, 1, 31
2019/11/29, 38, 20, 1, 27
2019/11/30, 49, 25, 1, 31
2019/12/1, 74, 11, 12, 23
2019/12/2, 28, 11, 21, 15
2019/12/3, 31, 10, 25, 11
2019/12/4, 25, 6, 26, 7
2019/12/5, 15, 5, 24, 12
2019/12/6, 14, 4, 23, 9
2019/12/7, 12, 7, 31, 5
2019/12/8, 18, 9, 20, 16
2019/12/9, 20, 6, 26, 7
2019/12/10, 16, 8, 27, 9
2019/12/11, 20, 10, 23, 15
2019/12/12, 25, 6, 11, 22
2019/12/13, 19, 6, 28, 8
2019/12/14, 15, 7, 25, 14
2019/12/15, 17, 8, 21, 17
2019/12/16, 16, 6, 23, 18
2019/12/17, 19, 9, 12, 21
2019/12/18, 26, 10, 25, 15
2019/12/19, 24, 5, 28, 13
2019/12/20, 14, 8, 20, 15
2019/12/21, 26, 9, 9, 20
2019/12/22, 32, 8, 21, 10
2019/12/23, 21, 9, 16, 21
2019/12/24, 25, 3, 23, 11
2019/12/25, 10, 7, 20, 6
2019/12/26, 22, 6, 17, 10
2019/12/27, 18, 11, 26, 8
2019/12/28, 30, 11, 24, 6
2019/12/29, 30, , , 
2019/7/1, 13, 8, 23, 2
2019/7/2, 17, 7, 17, 3
2019/7/3, 14, 6, 16, 5
2019/7/4, 13, 2, 16, 6
2019/7/5, 6, 7, 20, 4
2019/7/6, 14, 5, 24, 5
2019/7/7, 12, 12, 22, 8
2019/7/8, 25, 7, 15, 9
2019/7/9, 22, 7, 13, 8
2019/7/10, 21, 4, 18, 6
2019/7/11, 10, 4, 18, 5
2019/7/12, 9, 4, 21, 4
2019/7/13, 11, 5, 22, 6
2019/7/14, 13, 9, 28, 5
2019/7/15, 24, 13, 26, 10
2019/7/16, 38, 7, 19, 7
2019/7/17, 18, 8, 17, 5
2019/7/18, 19, 6, 18, 5
2019/7/19, 14, 4, 18, 5
2019/7/20, 12, 3, 17, 4
2019/7/21, 7, 8, 16, 3
2019/7/22, 22, 8, 19, 4
2019/7/23, 22, 10, 26, 5
2019/7/24, 28, 13, 36, 7
2019/7/25, 26, 8, 20, 4
2019/7/26, 19, 5, 12, 8
2019/7/27, 12, 20, 30, 4
2019/7/28, 50, 11, 23, 7
2019/7/29, 32, 11, 21, 10
2019/7/30, 28, 11, 29, 9
2019/7/31, 29, 9, 24, 8
2019/8/1, 24, 8, 26, 7
2019/8/2, 19, 8, 26, 6
2019/8/3, 26, 8, 25, 4
2019/8/4, 26, 6, 20, 5
2019/8/5, 15, 5, 19, 7
2019/8/6, 14, 5, 22, 8
2019/8/7, 12, 6, 20, 8
2019/8/8, 12, 6, 22, 7
2019/8/9, 13, 8, 22, 6
2019/8/10, 21, 3, 14, 6
2019/8/11, 9, 6, 18, 9
2019/8/12, 14, 8, 23, 9
2019/8/13, 17, 5, 15, 10
2019/8/14, 12, 6, 23, 6
2019/8/15, 13, 5, 17, 7
2019/8/16, 16, 9, 24, 5
2019/8/17, 20, 10, 21, 5
2019/8/18, 23, 12, 19, 5
2019/8/19, 22, 8, 24, 7
2019/8/20, 23, 8, 18, 8
2019/8/21, 21, 8, 19, 6
2019/8/22, 18, 8, 19, 5
2019/8/23, 23, 10, 36, 8
2019/8/24, 26, 19, 46, 8
2019/8/25, 52, 11, 29, 6
2019/8/26, 33, 13, 6, 12
2019/8/27, 33, 7, 15, 7
2019/8/28, 15, 9, 18, 7
2019/8/29, 25, 9, 18, 8
2019/8/30, 25, 6, 23, 5
2019/8/31, 15, 5, 22, 5
2019/9/1, 11, 3, 22, 7
2019/9/2, 10, 4, 17, 8
2019/9/3, 10, 8, 20, 5
2019/9/4, 16, 13, 20, 7
2019/9/5, 28, 8, 18, 6
2019/9/6, 18, 5, 23, 9
2019/9/7, 13, 7, 17, 9
2019/9/8, 17, 2, 17, 9
2019/9/9, 7, 8, 17, 7
2019/9/10, 18, 9, 18, 5
2019/9/11, 21, 7, 19, 7
2019/9/12, 17, 13, 18, 9
2019/9/13, 26, 8, 23, 5
2019/9/14, 17, 19, 23, 5
2019/9/15, 39, 11, 20, 11
2019/9/16, 25, 12, 21, 8
2019/9/17, 23, 8, 15, 10
2019/9/18, 17, 10, 18, 13
2019/9/19, 27, 14, 22, 13
2019/9/20, 36, 15, 22, 8
2019/9/21, 38, 18, 17, 9
2019/9/22, 53, 8, 19, 8
2019/9/23, 22, 7, 11, 8
2019/9/24, 18, 7, 13, 9
2019/9/25, 18, 7, 17, 6
2019/9/26, 18, 7, 14, 10
2019/9/27, 15, 5, 15, 9
2019/9/28, 13, 4, 18, 7
2019/9/29, 12, 5, 20, 8
2019/9/30, 11, 5, 24, 6
2019/4/1, 27, 4, 29, 8
2019/4/2, 9, 4, 31, 5
2019/4/3, 10, 5, 35, 6
2019/4/4, 15, 19, 31, 6
2019/4/5, 54, 20, 28, 9
2019/4/6, 61, 19, 33, 4
2019/4/7, 57, 22, 34, 4
2019/4/8, 53, 15, 36, 5
2019/4/9, 41, 16, 33, 12
2019/4/10, 42, 24, 30, 16
2019/4/11, 57, 18, 35, 8
2019/4/12, 48, 11, 37, 4
2019/4/13, 32, 10, 35, 3
2019/4/14, 28, 21, 35, 5
2019/4/15, 59, 31, 30, 8
2019/4/16, 76, 24, 34, 6
2019/4/17, 60, 34, 31, 8
2019/4/18, 81, 28, 41, 15
2019/4/19, 68, 40, 49, 20
2019/4/20, 93, 32, 56, 17
2019/4/21, 86, 26, 59, 6
2019/4/22, 68, 35, 39, 9
2019/4/23, 76, 55, 38, 7
2019/4/24, 96, 7, 31, 7
2019/4/25, 18, 5, 30, 4
2019/4/26, 12, 5, 28, 5
2019/4/27, 14, 5, 27, 6
2019/4/28, 14, 11, 28, 7
2019/4/29, 35, 17, 19, 13
2019/4/30, 53, 11, 21, 12
2019/5/1, 35, 8, 29, 9
2019/5/2, 17, 7, 28, 4
2019/5/3, 12, 7, 27, 5
2019/5/4, 17, 8, 29, 5
2019/5/5, 20, 5, 26, 6
2019/5/6, 16, 6, 20, 8
2019/5/7, 17, 6, 29, 5
2019/5/8, 17, 6, 30, 5
2019/5/9, 15, 6, 28, 7
2019/5/10, 14, 5, 27, 8
2019/5/11, 18, 5, 29, 7
2019/5/12, 14, 9, 38, 10
2019/5/13, 22, 14, 40, 12
2019/5/14, 38, 20, 42, 11
2019/5/15, 50, 16, 33, 6
2019/5/16, 38, 12, 36, 5
2019/5/17, 26, 4, 29, 6
2019/5/18, 11, 5, 29, 5
2019/5/19, 18, 5, 26, 5
2019/5/20, 12, 4, 30, 4
2019/5/21, 9, 4, 28, 5
2019/5/22, 7, 5, 29, 5
2019/5/23, 5, 8, 30, 3
2019/5/24, 19, 8, 24, 6
2019/5/25, 18, 9, 24, 3
2019/5/26, 18, 4, 28, 5
2019/5/27, 8, 6, 29, 6
2019/5/28, 16, 6, 15, 11
2019/5/29, 15, 3, 13, 8
2019/5/30, 11, 4, 16, 7
2019/5/31, 12, 10, 27, 3
2019/6/1, 28, 5, 27, 2
2019/6/2, 16, 6, 24, 4
2019/6/3, 16, 6, 23, 5
2019/6/4, 16, 3, 24, 6
2019/6/5, 9, 4, 26, 4
2019/6/6, 11, 8, 31, 5
2019/6/7, 19, 6, 29, 6
2019/6/8, 17, 5, 25, 3
2019/6/9, 11, 8, 25, 7
2019/6/10, 18, 5, 22, 4
2019/6/11, 11, 6, 24, 4
2019/6/12, 9, 6, 23, 4
2019/6/13, 11, 6, 27, 4
2019/6/14, 14, 7, 29, 3
2019/6/15, 18, 5, 25, 3
2019/6/16, 14, 7, 25, 5
2019/6/17, 18, 8, 24, 4
2019/6/18, 21, 7, 26, 5
2019/6/19, 22, 5, 23, 4
2019/6/20, 10, 6, 23, 4
2019/6/21, 14, 7, 25, 6
2019/6/22, 16, 11, 30, 4
2019/6/23, 28, 6, 23, 6
2019/6/24, 18, 8, 24, 5
2019/6/25, 22, 10, 26, 4
2019/6/26, 29, 12, 33, 7
2019/6/27, 30, 15, 20, 3
2019/6/28, 36, 23, 24, 8
2019/6/29, 57, 7, 21, 1
2019/6/30, 19, 6, 20, 2
2019/1/1, 24, 15, 2, 24
2019/1/2, 40, 16, 2, 28
2019/1/3, 43, 13, 13, 19
2019/1/4, 42, 14, 21, 15
2019/1/5, 43, 15, 11, 12
2019/1/6, 48, 11, 27, 4
2019/1/7, 29, 16, 27, 14
2019/1/8, 33, 18, 1, 31
2019/1/9, 43, 8, 12, 19
2019/1/10, 23, 5, 22, 15
2019/1/11, 14, 7, 27, 5
2019/1/12, 19, 8, 30, 3
2019/1/13, 21, 7, 26, 11
2019/1/14, 16, 7, 25, 6
2019/1/15, 18, 5, 26, 11
2019/1/16, 13, 10, 23, 19
2019/1/17, 20, 15, 11, 18
2019/1/18, 29, 25, 6, 16
2019/1/19, 75, 14, 12, 16
2019/1/20, 48, 8, 23, 21
2019/1/21, 21, 5, 22, 20
2019/1/22, 13, 13, 3, 38
2019/1/23, 35, 23, , 39
2019/1/24, 59, 4, 26, 12
2019/1/25, 16, 3, 27, 7
2019/1/26, 10, 5, 26, 5
2019/1/27, 10, 8, 19, 17
2019/1/28, 14, 4, 24, 17
2019/1/29, 9, 5, 20, 22
2019/1/30, 15, 10, 14, 22
2019/1/31, 38, 17, 6, 30
2019/2/1, 52, 11, 21, 17
2019/2/2, 22, 9, 21, 15
2019/2/3, 27, 5, 27, 14
2019/2/4, 12, 11, 4, 26
2019/2/5, 29, 12, 24, 12
2019/2/6, 27, 9, 21, 15
2019/2/7, 25, 6, 28, 4
2019/2/8, 17, 10, 29, 6
2019/2/9, 24, 6, 23, 13
2019/2/10, 14, 7, 14, 20
2019/2/11, 18, 7, 21, 6
2019/2/12, 22, 14, 22, 7
2019/2/13, 35, 18, 26, 11
2019/2/14, 45, 25, 21, 22
2019/2/15, 67, 8, 28, 4
2019/2/16, 24, 16, 30, 2
2019/2/17, 37, 10, 29, 7
2019/2/18, 23, 8, 27, 8
2019/2/19, 19, 6, 28, 8
2019/2/20, 18, 8, 25, 7
2019/2/21, 22, 27, 28, 7
2019/2/22, 49, 26, 26, 8
2019/2/23, 61, 20, 18, 11
2019/2/24, 52, 45, 4, 26
2019/2/25, 96, 46, 7, 32
2019/2/26, 90, 50, 15, 27
2019/2/27, 113, 34, 14, 18
2019/2/28, 88, 23, 17, 14
2019/3/1, 64, 10, 28, 7
2019/3/2, 28, 20, 31, 4
2019/3/3, 47, 7, 27, 8
2019/3/4, 13, 7, 24, 14
2019/3/5, 24, 7, 21, 11
2019/3/6, 23, 6, 22, 10
2019/3/7, 15, 9, 27, 17
2019/3/8, 19, 7, 31, 7
2019/3/9, 17, 6, 28, 9
2019/3/10, 15, 7, 30, 7
2019/3/11, 16, 8, 35, 4
2019/3/12, 20, 8, 35, 5
2019/3/13, 19, 8, 33, 6
2019/3/14, 16, 8, 31, 6
2019/3/15, 19, 3, 29, 8
2019/3/16, 9, 5, 31, 6
2019/3/17, 11, 6, 24, 16
2019/3/18, 15, 5, 25, 9
2019/3/19, 18, 6, 24, 5
2019/3/20, 21, 15, 19, 6
2019/3/21, 28, 14, 27, 6
2019/3/22, 27, 11, 30, 6
2019/3/23, 26, 10, 35, 3
2019/3/24, 23, 15, 31, 8
2019/3/25, 25, 11, 30, 8
2019/3/26, 24, 15, 31, 8
2019/3/27, 34, 14, 33, 9
2019/3/28, 36, 17, 31, 10
2019/3/29, 48, 17, 30, 7
2019/3/30, 40, 10, 30, 9
2019/3/31, 21, 11, 25, 9
2018/10/1, 28, 12, 24, 6
2018/10/2, 32, 5, 17, 10
2018/10/3, 25, 6, 17, 8
2018/10/4, 19, 10, 19, 15
2018/10/5, 26, 8, 20, 15
2018/10/6, 25, 6, 22, 7
2018/10/7, 20, 6, 23, 5
2018/10/8, 21, 7, 25, 5
2018/10/9, 27, 12, 28, 9
2018/10/10, 41, 19, 20, 12
2018/10/11, 62, 7, 26, 6
2018/10/12, 27, 5, 20, 12
2018/10/13, 19, 6, 21, 13
2018/10/14, 23, 9, 12, 17
2018/10/15, 30, 7, 18, 10
2018/10/16, 28, 10, 23, 14
2018/10/17, 21, 13, 14, 19
2018/10/18, 27, 10, 18, 13
2018/10/19, 24, 8, 17, 8
2018/10/20, 25, 8, 24, 5
2018/10/21, 23, 14, 24, 8
2018/10/22, 32, 8, 28, 6
2018/10/23, 24, 3, 27, 6
2018/10/24, 7, 3, 25, 9
2018/10/25, 9, 4, 25, 9
2018/10/26, 8, 5, 24, 8
2018/10/27, 9, 10, 21, 17
2018/10/28, 20, 10, 13, 17
2018/10/29, 23, 15, 7, 24
2018/10/30, 37, 7, 16, 16
2018/10/31, 18, 5, 17, 18
2018/11/1, 14, 8, 20, 15
2018/11/2, 16, 2, 27, 5
2018/11/3, 9, 13, 27, 11
2018/11/4, 32, 26, 7, 16
2018/11/5, 71, 24, 12, 11
2018/11/6, 66, 5, 19, 9
2018/11/7, 14, 7, 24, 11
2018/11/8, 14, 6, 23, 5
2018/11/9, 19, 8, 25, 10
2018/11/10, 17, 4, 18, 13
2018/11/11, 13, 7, 20, 12
2018/11/12, 16, 7, 23, 9
2018/11/13, 15, 5, 25, 6
2018/11/14, 15, 6, 24, 6
2018/11/15, 17, 12, 13, 17
2018/11/16, 36, 20, 13, 10
2018/11/17, 63, 18, 14, 9
2018/11/18, 53, 10, 18, 10
2018/11/19, 28, 7, 23, 7
2018/11/20, 14, 9, 20, 9
2018/11/21, 29, 18, 6, 19
2018/11/22, 57, 8, 9, 14
2018/11/23, 24, 7, 6, 16
2018/11/24, 24, 4, 20, 7
2018/11/25, 10, 6, 20, 17
2018/11/26, 16, 6, 12, 11
2018/11/27, 21, 7, 28, 7
2018/11/28, 21, 8, 27, 12
2018/11/29, 20, 8, 25, 9
2018/11/30, 21, 10, 17, 19
2018/12/1, 28, 10, 9, 17
2018/12/2, 38, 6, 21, 23
2018/12/3, 15, 12, 1, 31
2018/12/4, 33, 9, 8, 19
2018/12/5, 30, 12, 17, 14
2018/12/6, 33, 9, 24, 7
2018/12/7, 24, 8, 28, 13
2018/12/8, 22, 6, 16, 20
2018/12/9, 14, 10, 4, 31
2018/12/10, 28, 12, 6, 23
2018/12/11, 40, 14, 15, 10
2018/12/12, 49, 11, 21, 8
2018/12/13, 34, 14, 11, 16
2018/12/14, 44, 15, 13, 10
2018/12/15, 47, 6, 24, 13
2018/12/16, 16, 7, 21, 16
2018/12/17, 18, 5, 28, 5
2018/12/18, 13, 8, 18, 15
2018/12/19, 19, 6, 17, 16
2018/12/20, 17, 9, 17, 18
2018/12/21, 27, 5, 18, 15
2018/12/22, 14, 9, 5, 27
2018/12/23, 29, 12, , 32
2018/12/24, 41, 20, 4, 31
2018/12/25, 63, 15, 17, 7
2018/12/26, 44, 18, 13, 11
2018/12/27, 52, 12, 20, 9
2018/12/28, 30, 7, 26, 
2018/12/29, 18, 8, 23, 10
2018/12/30, 21, , , 
2018/7/1, 48, 11, 30, 5
2018/7/2, 39, 11, 28, 4
2018/7/3, 39, 11, 41, 7
2018/7/4, 36, 11, 32, 4
2018/7/5, 29, 7, 19, 5
2018/7/6, 25, 9, 22, 7
2018/7/7, 34, 7, 15, 4
2018/7/8, 28, 9, 23, 5
2018/7/9, 30, 12, 18, 7
2018/7/10, 40, 9, 23, 6
2018/7/11, 38, 8, 23, 6
2018/7/12, 35, 11, 22, 7
2018/7/13, 41, 12, 26, 6
2018/7/14, 42, 8, 20, 3
2018/7/15, 33, 7, 19, 4
2018/7/16, 23, 10, 22, 6
2018/7/17, 31, 9, 23, 9
2018/7/18, 35, 6, 22, 5
2018/7/19, 27, 7, 16, 7
2018/7/20, 31, 6, 15, 5
2018/7/21, 27, 5, 11, 5
2018/7/22, 28, 8, 14, 5
2018/7/23, 34, 6, 17, 5
2018/7/24, 23, 10, 24, 8
2018/7/25, 35, 11, 35, 8
2018/7/26, 35, , 22, 6
2018/7/30, 25, 8, 18, 6
2018/7/31, 27, 10, 17, 5
2018/8/1, 30, 6, 11, 7
2018/8/2, 32, 5, 16, 6
2018/8/3, 24, 4, 19, 5
2018/8/4, 21, 8, 20, 4
2018/8/5, 34, 6, 16, 5
2018/8/6, 29, 5, 19, 6
2018/8/7, 24, 7, 17, 6
2018/8/8, 27, 8, 19, 5
2018/8/9, 26, 5, 19, 5
2018/8/10, 23, 6, 24, 5
2018/8/11, 28, 5, 22, 4
2018/8/12, 29, 4, 19, 6
2018/8/13, 23, 5, 12, 6
2018/8/14, 26, 6, 16, 5
2018/8/15, 28, 9, 15, 5
2018/8/16, 29, 5, 15, 5
2018/8/17, 25, 4, 13, 7
2018/8/18, 26, 4, 12, 5
2018/8/19, 24, 9, 12, 9
2018/8/20, 31, 9, 14, 6
2018/8/21, 38, 4, 15, 5
2018/8/22, 22, 7, 14, 4
2018/8/23, 28, 5, 17, 7
2018/8/24, 25, 6, 22, 7
2018/8/25, 25, 5, 17, 8
2018/8/26, 29, 5, 15, 7
2018/8/27, 24, 9, 20, 5
2018/8/28, 34, 9, 18, 7
2018/8/29, 28, 11, 18, 10
2018/8/30, 34, 12, 27, 8
2018/8/31, 40, 6, 18, 8
2018/9/1, 36, 4, 18, 7
2018/9/2, 28, 5, 18, 7
2018/9/3, 24, 11, 20, 9
2018/9/4, 35, 9, 21, 9
2018/9/5, 34, 9, 10, 11
2018/9/6, 32, , , 
2018/9/8, 34, 5, 20, 4
2018/9/9, 26, 6, 19, 5
2018/9/10, 28, 14, 21, 5
2018/9/11, 35, 9, 19, 6
2018/9/12, 29, 10, 21, 6
2018/9/13, 33, 7, 16, 10
2018/9/14, 30, 7, 17, 9
2018/9/15, 28, 7, 24, 4
2018/9/16, 29, 8, 20, 6
2018/9/17, 32, 7, 23, 7
2018/9/18, 32, 12, 25, 4
2018/9/19, 31, 11, 24, 7
2018/9/20, 35, 5, 21, 7
2018/9/21, 23, 7, 23, 7
2018/9/22, 26, 6, 22, 10
2018/9/23, 23, 6, 22, 8
2018/9/24, 23, 8, 23, 6
2018/9/25, 31, 5, 18, 6
2018/9/26, 28, 7, 18, 9
2018/9/27, 27, 10, 17, 14
2018/9/28, 30, 7, 22, 7
2018/9/29, 25, 8, 24, 7
2018/9/30, 27, 9, 19, 14
2018/4/1, 36, 7, 35, 6
2018/4/2, 33, 4, 33, 10
2018/4/3, 25, 3, 28, 11
2018/4/4, 22, 7, 26, 14
2018/4/5, 27, 11, 32, 9
2018/4/6, 37, 11, 33, 11
2018/4/7, 39, 10, 28, 9
2018/4/8, 45, 11, 25, 11
2018/4/9, 47, 7, 28, 7
2018/4/10, 37, 18, 30, 7
2018/4/11, 54, 23, 30, 7
2018/4/12, 58, 29, 26, 12
2018/4/13, 65, 16, 30, 13
2018/4/14, 56, 18, 32, 9
2018/4/15, 64, 9, 36, 6
2018/4/16, 32, 12, 37, 4
2018/4/17, 36, 9, 31, 7
2018/4/18, 33, 13, 29, 13
2018/4/19, 38, 10, 29, 13
2018/4/20, 34, 11, 36, 11
2018/4/21, 35, 10, 27, 10
2018/4/22, 39, 7, 29, 7
2018/4/23, 29, 8, 29, 8
2018/4/24, 29, 7, 27, 7
2018/4/25, 30, 7, 32, 8
2018/4/26, 31, 8, 33, 8
2018/4/27, 27, 5, 29, 9
2018/4/28, 33, 7, 31, 6
2018/4/29, 33, 10, 31, 11
2018/4/30, 23, 10, 31, 11
2018/5/1, 15, 7, 35, 7
2018/5/3, 31, 7, 18, 9
2018/5/4, 38, 8, 14, 10
2018/5/5, 45, 9, 17, 7
2018/5/6, 48, 9, 30, 8
2018/5/7, 47, 11, 33, 9
2018/5/8, 45, 7, 31, 8
2018/5/9, 32, 10, 30, 5
2018/5/10, 38, 10, 31, 6
2018/5/11, 42, 6, 33, 9
2018/5/12, 37, 9, 31, 7
2018/5/13, 47, 8, 29, 9
2018/5/14, 43, 9, 26, 10
2018/5/15, 42, 8, 30, 5
2018/5/16, 34, 12, 28, 10
2018/5/17, 42, 15, 31, 13
2018/5/18, 53, 15, 38, 9
2018/5/19, 55, 13, 38, 5
2018/5/20, 52, 9, 33, 7
2018/5/21, 43, 8, 31, 5
2018/5/22, 32, 11, 31, 5
2018/5/23, 47, 18, 32, 7
2018/5/24, 63, 20, 44, 7
2018/5/25, 64, 18, 43, 5
2018/5/26, 61, 16, 40, 3
2018/5/27, 58, 14, 44, 6
2018/5/28, 61, 15, 39, 7
2018/5/29, 62, 20, 39, 7
2018/5/30, 66, 23, 35, 10
2018/5/31, 76, 24, 29, 14
2018/6/1, 80, 19, 29, 13
2018/6/2, 66, 14, 27, 8
2018/6/3, 61, 16, 25, 7
2018/6/4, 63, 14, 31, 4
2018/6/5, 41, 19, 35, 3
2018/6/6, 50, 19, 31, 4
2018/6/7, 47, , 28, 4
2018/6/11, 37, 11, 22, 7
2018/6/12, 41, 10, 24, 5
2018/6/13, 36, 9, 21, 4
2018/6/14, 29, 8, 18, 5
2018/6/15, 32, 7, 24, 5
2018/6/16, 30, 6, 22, 5
2018/6/17, 24, 14, 24, 5
2018/6/18, 39, 12, 23, 5
2018/6/19, 33, 5, 21, 5
2018/6/20, 19, 7, 23, 2
2018/6/21, 23, 9, 21, 3
2018/6/22, 31, 8, 21, 3
2018/6/23, 28, 8, 27, 5
2018/6/24, 32, 11, 28, 10
2018/6/25, 41, 14, 33, 8
2018/6/26, 50, 18, 46, 9
2018/6/27, 61, 20, 56, 13
2018/6/28, 58, 12, 32, 6
2018/6/29, 47, 12, 31, 4
2018/6/30, 40, 12, 40, 4
2018/1/1, 20, 12, 22, 11
2018/1/2, 26, 9, 23, 17
2018/1/3, 25, 9, 18, 19
2018/1/4, 31, 10, 10, 17
2018/1/5, 37, 13, 24, 13
2018/1/6, 27, 23, 1, 31
2018/1/7, 65, 20, 9, 25
2018/1/8, 56, 20, 15, 14
2018/1/9, 58, 20, 3, 18
2018/1/10, 65, 22, 5, 17
2018/1/11, 65, 17, 6, 20
2018/1/12, 58, 19, 12, 11
2018/1/13, 65, 12, 25, 6
2018/1/14, 44, 8, 24, 14
2018/1/15, 22, 7, 25, 14
2018/1/16, 21, 9, 25, 15
2018/1/17, 24, 8, 16, 23
2018/1/18, 25, 7, 25, 16
2018/1/19, 21, 17, 17, 32
2018/1/20, 45, 13, 11, 24
2018/1/21, 49, 16, 26, 13
2018/1/22, 39, 9, 25, 9
2018/1/23, 27, 12, 30, 7
2018/1/24, 30, 12, 25, 13
2018/1/25, 29, 17, 9, 24
2018/1/26, 49, 16, 24, 7
2018/1/27, 37, 14, 28, 5
2018/1/28, 32, 8, 27, 11
2018/1/29, 18, , 25, 7
2018/2/1, 30, 13, 19, 17
2018/2/2, 36, 12, 18, 17
2018/2/3, 38, 16, 14, 21
2018/2/4, 50, 14, 15, 18
2018/2/5, 39, 10, 21, 16
2018/2/6, 28, 13, 19, 21
2018/2/7, 37, 16, 20, 11
2018/2/8, 41, 10, 24, 14
2018/2/9, 27, 13, 26, 10
2018/2/10, 34, 7, 25, 10
2018/2/11, 19, 10, 26, 11
2018/2/12, 25, 10, 29, 13
2018/2/13, 27, 10, 22, 6
2018/2/14, 24, 8, 21, 14
2018/2/15, 31, 9, 25, 9
2018/2/16, 36, 8, 25, 12
2018/2/17, 41, 9, 12, 20
2018/2/18, 50, 11, 18, 21
2018/2/19, 51, 14, 24, 17
2018/2/20, 41, 25, 3, 32
2018/2/21, 62, 19, 20, 16
2018/2/22, 60, 26, 20, 13
2018/2/23, 80, 17, 23, 13
2018/2/24, 57, 18, 21, 12
2018/2/25, 57, 14, 22, 18
2018/2/26, 40, 7, 27, 15
2018/2/27, 32, 3, 29, 5
2018/2/28, 23, 5, 31, 2
2018/3/1, 30, 10, 31, 5
2018/3/2, 40, 16, 29, 8
2018/3/3, 58, 27, 30, 9
2018/3/4, 82, 13, 15, 16
2018/3/5, 61, 10, 25, 21
2018/3/6, 56, 9, 21, 18
2018/3/8, 28, 12, 28, 14
2018/3/9, 34, 7, 24, 10
2018/3/10, 35, 14, 18, 11
2018/3/11, 50, 12, 20, 13
2018/3/12, 52, 14, 27, 18
2018/3/13, 45, 11, 25, 10
2018/3/14, 41, 17, 23, 11
2018/3/15, 62, 5, 21, 8
2018/3/16, 33, 10, 31, 5
2018/3/17, 38, 10, 32, 4
2018/3/18, 35, 13, 30, 10
2018/3/19, 40, 16, 23, 21
2018/3/20, 52, 10, 23, 14
2018/3/21, 45, 10, 31, 8
2018/3/22, 40, 7, 30, 11
2018/3/23, 30, 10, 28, 15
2018/3/24, 37, 6, 30, 10
2018/3/25, 28, 8, 28, 12
2018/3/26, 31, 7, 29, 13
2018/3/27, 38, 5, 28, 16
2018/3/28, 28, 10, 28, 16
2018/3/29, 41, 5, 28, 6
2018/3/30, 34, 8, 32, 5
2018/3/31, 39, 9, 34, 9
2017/10/1, 25, 10, 27, 6
2017/10/2, 24, 9, 25, 8
2017/10/3, 19, 8, 25, 13
2017/10/4, 24, 9, 21, 10
2017/10/5, 21, 12, 18, 14
2017/10/6, 30, 6, 20, 8
2017/10/7, 23, 8, 18, 10
2017/10/8, 26, 9, 19, 8
2017/10/9, 31, 11, 22, 7
2017/10/10, 30, 11, 24, 10
2017/10/11, 28, 12, 23, 6
2017/10/12, 25, 11, 19, 9
2017/10/13, 32, 16, 20, 9
2017/10/14, 40, 13, 26, 5
2017/10/15, 41, 12, 27, 8
2017/10/16, 31, 9, 25, 10
2017/10/17, 25, 11, 17, 12
2017/10/18, 27, 17, 12, 11
2017/10/19, 54, 11, 18, 11
2017/10/20, 38, 9, 19, 11
2017/10/21, 28, 9, 23, 8
2017/10/22, 22, 12, 16, 14
2017/10/23, 34, 11, 22, 11
2017/10/24, 27, 12, 24, 8
2017/10/25, 30, 13, 23, 13
2017/10/26, 31, 11, 18, 16
2017/10/27, 29, 6, 23, 6
2017/10/28, 19, 14, 23, 14
2017/10/29, 34, 21, 7, 21
2017/10/30, 52, 13, 13, 9
2017/10/31, 40, 13, 17, 12
2017/11/1, 40, 14, 16, 22
2017/11/2, 41, 10, 19, 14
2017/11/3, 29, 10, 21, 14
2017/11/4, 32, 19, 16, 17
2017/11/5, 46, 29, 24, 15
2017/11/6, 70, 10, 27, 18
2017/11/7, 26, 14, 16, 20
2017/11/8, 40, 17, 26, 9
2017/11/9, 35, 11, 25, 14
2017/11/10, 29, 11, 16, 21
2017/11/11, 31, 7, 22, 10
2017/11/12, 19, 15, 12, 22
2017/11/13, 40, 10, 21, 19
2017/11/14, 30, 15, 11, 23
2017/11/15, 41, 11, 24, 14
2017/11/16, 25, 10, 23, 14
2017/11/17, 28, 11, 25, 12
2017/11/18, 25, 16, 6, 27
2017/11/19, 43, 10, 8, 18
2017/11/20, 36, 12, 16, 16
2017/11/21, 45, 8, 21, 17
2017/11/22, 22, 7, 18, 18
2017/11/23, 21, 8, 13, 22
2017/11/24, 25, 8, 16, 17
2017/11/25, 23, 8, 19, 13
2017/11/26, 22, 10, 25, 17
2017/11/27, 26, 9, 19, 16
2017/11/28, 23, 10, 22, 21
2017/11/29, 24, 9, 25, 15
2017/11/30, 23, 14, 19, 27
2017/12/1, 38, 9, 16, 21
2017/12/2, 28, 16, 24, 13
2017/12/3, 33, 8, 19, 17
2017/12/4, 25, 10, 25, 10
2017/12/5, 27, 11, 24, 6
2017/12/6, 31, 12, 28, 9
2017/12/7, 26, 9, 25, 11
2017/12/8, 19, 9, 17, 21
2017/12/9, 29, 23, 1, 36
2017/12/10, 71, 26, 1, 41
2017/12/11, 72, 17, 9, 32
2017/12/12, 50, 10, 28, 18
2017/12/13, 28, 9, 21, 23
2017/12/14, 30, 10, 16, 20
2017/12/15, 29, 21, 2, 39
2017/12/16, 59, 12, 18, 15
2017/12/17, 35, 21, 9, 33
2017/12/18, 51, 12, 14, 12
2017/12/19, 41, 10, 17, 16
2017/12/20, 30, 21, 5, 29
2017/12/21, 63, 19, 6, 27
2017/12/22, 60, 10, 19, 8
2017/12/23, 31, 10, 24, 5
2017/12/24, 25, 6, 25, 7
2017/12/25, 17, 10, 13, 22
2017/12/26, 33, 12, 10, 26
2017/12/27, 39, 10, 18, 22
2017/12/28, 30, 11, 10, 19
2017/12/29, 38, 14, 21, 20
2017/12/30, 42, , , 
2017/7/1, 19, 10, 20, 5
2017/7/2, 18, 9, 19, 4
2017/7/3, 14, 8, 16, 7
2017/7/4, 17, 13, 18, 6
2017/7/5, 32, 11, 14, 9
2017/7/6, 26, 9, 17, 8
2017/7/7, 19, 8, 25, 6
2017/7/8, 17, 8, 16, 6
2017/7/9, 19, 8, 11, 9
2017/7/10, 15, 8, 21, 6
2017/7/11, 16, 11, 22, 8
2017/7/12, 24, 12, 20, 8
2017/7/13, 23, 8, 16, 5
2017/7/14, 13, 6, 15, 4
2017/7/15, 14, 11, 18, 3
2017/7/16, 16, 20, 15, 5
2017/7/17, 39, 18, 30, 6
2017/7/18, 42, 18, 19, 5
2017/7/19, 41, 9, 16, 6
2017/7/20, 15, 12, 18, 6
2017/7/21, 24, 16, 22, 4
2017/7/22, 33, 14, 24, 4
2017/7/23, 36, 10, 26, 6
2017/7/24, 24, 14, 13, 10
2017/7/25, 33, , 19, 8
2017/7/27, 22, 10, 19, 6
2017/7/28, 23, 9, 20, 5
2017/7/29, 21, 8, 18, 6
2017/7/30, 19, 8, 21, 5
2017/7/31, 19, 10, 18, 5
2017/8/1, 24, 10, 8, 8
2017/8/2, 24, 6, 18, 7
2017/8/3, 18, 7, 21, 6
2017/8/4, 19, 6, 20, 7
2017/8/5, 21, 7, 18, 6
2017/8/6, 20, 8, 18, 7
2017/8/7, 20, 9, 24, 7
2017/8/8, 25, 7, 22, 7
2017/8/9, 18, 10, 20, 8
2017/8/10, 24, 7, 18, 6
2017/8/11, 21, 7, 19, 6
2017/8/12, 18, 8, 20, 7
2017/8/13, 19, 7, 17, 8
2017/8/14, 20, 7, 16, 7
2017/8/15, 19, 7, 16, 9
2017/8/16, 18, 11, 18, 3
2017/8/17, 29, 8, 17, 3
2017/8/18, 19, 11, 19, 2
2017/8/19, 28, 8, 18, 6
2017/8/20, 23, 13, 12, 6
2017/8/21, 35, 17, 15, 3
2017/8/22, 53, 12, 18, 4
2017/8/23, 37, 8, 18, 6
2017/8/24, 26, 6, 16, 9
2017/8/25, 20, 7, 15, 10
2017/8/26, 21, 7, 19, 8
2017/8/27, 25, 8, 16, 7
2017/8/28, 22, 13, 19, 10
2017/8/29, 26, 11, 19, 10
2017/8/30, 25, 9, 18, 10
2017/8/31, 23, 8, 20, 9
2017/9/1, 20, 9, 21, 7
2017/9/2, 26, 8, 19, 7
2017/9/3, 30, 8, 13, 12
2017/9/4, 23, 11, 18, 11
2017/9/5, 24, , , 
2017/9/10, 19, 6, 20, 6
2017/9/11, 15, 7, 20, 11
2017/9/12, 19, 5, 19, 12
2017/9/13, 15, 5, 18, 8
2017/9/14, 15, 5, 19, 9
2017/9/15, 17, 7, 13, 15
2017/9/16, 19, 8, 19, 12
2017/9/17, 25, 7, 19, 12
2017/9/18, 22, 11, 19, 13
2017/9/19, 32, 8, 13, 14
2017/9/20, 24, 6, 19, 13
2017/9/21, 18, 7, 17, 9
2017/9/22, 18, 7, 17, 7
2017/9/23, 21, 12, 19, 12
2017/9/24, 41, 16, 9, 14
2017/9/25, 58, 25, 19, 11
2017/9/26, 76, 22, 22, 9
2017/9/27, 66, 6, 23, 7
2017/9/28, 17, 12, 22, 8
2017/9/29, 29, 12, 20, 10
2017/9/30, 24, 9, 23, 8
2017/4/1, 28, 10, 33, 7
2017/4/2, 19, 11, 29, 8
2017/4/3, 24, 14, 31, 7
2017/4/4, 25, 15, 32, 8
2017/4/5, 27, 7, 27, 9
2017/4/6, 16, 8, 29, 10
2017/4/7, 19, 23, 30, 10
2017/4/8, 58, 25, 32, 16
2017/4/9, 57, 10, 29, 6
2017/4/10, 17, 18, 31, 7
2017/4/11, 33, 10, 32, 5
2017/4/12, 18, 11, 28, 9
2017/4/13, 19, 8, 28, 9
2017/4/14, 18, 11, 33, 6
2017/4/15, 21, 12, 29, 7
2017/4/16, 26, 9, 30, 6
2017/4/17, 22, 12, 27, 13
2017/4/18, 24, 11, 27, 9
2017/4/19, 27, 13, 24, 8
2017/4/20, 29, 10, 30, 6
2017/4/21, 24, 9, 31, 6
2017/4/22, 18, 9, 30, 9
2017/4/23, 22, 8, 29, 4
2017/4/24, 15, 10, 27, 6
2017/4/25, 17, 10, 28, 8
2017/4/26, 18, 9, 28, 7
2017/4/27, 17, 9, 28, 11
2017/4/28, 18, 8, 30, 4
2017/4/29, 18, 23, 37, 5
2017/4/30, 55, 34, 37, 5
2017/5/1, 64, 30, 38, 6
2017/5/2, 67, 20, 38, 7
2017/5/3, 45, 19, 36, 6
2017/5/4, 39, 14, 40, 7
2017/5/5, 30, 13, 38, 5
2017/5/6, 29, 16, 32, 5
2017/5/7, 42, 17, 34, 7
2017/5/8, 31, 21, 32, 7
2017/5/9, 38, 15, 32, 10
2017/5/10, 34, 21, 35, 13
2017/5/11, 54, 29, 33, 7
2017/5/12, 62, 14, 27, 7
2017/5/13, 43, 18, 29, 3
2017/5/14, 23, 9, 22, 6
2017/5/15, 18, 7, 25, 6
2017/5/16, 14, 12, 29, 9
2017/5/17, 25, 13, 28, 6
2017/5/18, 21, 13, 26, 12
2017/5/19, 34, 10, 25, 8
2017/5/20, 26, 7, 24, 4
2017/5/21, 18, 12, 26, 8
2017/5/22, 29, 15, 22, 10
2017/5/23, 27, 10, 18, 8
2017/5/24, 24, 17, 29, 10
2017/5/25, 48, 19, 38, 8
2017/5/26, 43, 21, 29, 8
2017/5/27, 56, 9, 25, 4
2017/5/28, 20, 11, 19, 5
2017/5/29, 21, 9, 26, 7
2017/5/30, 19, 12, 27, 5
2017/5/31, 20, 11, 24, 4
2017/6/1, 20, 13, 24, 7
2017/6/2, 22, 12, 24, 9
2017/6/3, 28, 8, 26, 4
2017/6/4, 16, 8, 24, 6
2017/6/5, 16, 5, 24, 6
2017/6/6, 10, 8, 27, 3
2017/6/7, 14, 8, 17, 9
2017/6/8, 19, 10, 21, 7
2017/6/9, 19, 11, 22, 3
2017/6/10, 23, 13, 23, 3
2017/6/11, 25, 9, 23, 6
2017/6/12, 14, 10, 19, 7
2017/6/13, 22, 12, 28, 4
2017/6/14, 27, 14, 20, 6
2017/6/15, 25, 12, 21, 7
2017/6/16, 25, 13, 16, 6
2017/6/17, 33, 11, 17, 3
2017/6/18, 26, 8, 24, 5
2017/6/19, 19, 13, 23, 7
2017/6/20, 27, 20, 12, 12
2017/6/21, 46, 9, 22, 6
2017/6/22, 18, 8, 24, 4
2017/6/23, 15, 12, 24, 4
2017/6/24, 17, 9, 23, 3
2017/6/25, 13, 9, 21, 6
2017/6/26, 16, 9, 12, 9
2017/6/27, 20, 12, 24, 4
2017/6/28, 20, 7, 22, 7
2017/6/29, 14, 6, 18, 9
2017/6/30, 14, 10, 19, 5
2017/1/2, 14, 4, 24, 9
2017/1/3, 9, 16, 25, 22
2017/1/4, 31, 17, 5, 25
2017/1/5, 45, 10, 12, 19
2017/1/6, 32, 8, 15, 19
2017/1/7, 28, 9, 20, 8
2017/1/8, 25, 9, 24, 10
2017/1/9, 17, 19, 26, 10
2017/1/10, 34, 15, 31, 6
2017/1/11, 20, 7, 25, 18
2017/1/12, 15, 9, 26, 14
2017/1/13, 16, 9, 17, 21
2017/1/14, 23, 5, 22, 13
2017/1/15, 16, 6, 18, 19
2017/1/16, 15, , 14, 14
2017/1/19, 35, 14, 17, 10
2017/1/20, 46, 19, 2, 18
2017/1/21, 65, 23, 1, 19
2017/1/22, 73, 31, 3, 28
2017/1/23, 87, 11, 26, 13
2017/1/24, 30, 15, 25, 7
2017/1/25, 32, 32, 20, 17
2017/1/26, 87, 39, 9, 23
2017/1/27, 107, 27, 8, 21
2017/1/28, 81, 12, 13, 24
2017/1/29, 41, 13, 12, 18
2017/1/30, 49, 12, 16, 16
2017/1/31, 45, 10, 18, 16
2017/2/1, 36, 11, 27, 8
2017/2/2, 29, 12, 30, 9
2017/2/3, 26, 8, 24, 9
2017/2/4, 20, 13, 15, 15
2017/2/5, 44, 9, 19, 15
2017/2/6, 35, 7, 15, 18
2017/2/7, 26, 17, 9, 22
2017/2/8, 52, 13, 15, 14
2017/2/9, 29, 10, 18, 14
2017/2/10, 26, 6, 24, 7
2017/2/11, 17, 13, 29, 4
2017/2/12, 30, 30, 28, 7
2017/2/13, 72, 45, 27, 10
2017/2/14, 97, 36, 16, 15
2017/2/15, 88, 16, 25, 13
2017/2/16, 31, 11, 16, 19
2017/2/17, 34, 12, 26, 8
2017/2/18, 38, 7, 30, 7
2017/2/19, 18, 9, 27, 6
2017/2/20, 16, 15, 30, 9
2017/2/21, 28, 14, 31, 10
2017/2/22, 25, 5, 28, 11
2017/2/23, 12, 8, 27, 12
2017/2/24, 18, 10, 30, 8
2017/2/25, 27, 9, 31, 6
2017/2/26, 21, 9, 29, 14
2017/2/27, 22, 11, 19, 22
2017/2/28, 28, 12, 20, 23
2017/3/1, 29, 10, 24, 18
2017/3/2, 25, 13, 24, 18
2017/3/3, 33, 6, 29, 9
2017/3/4, 21, 12, 20, 15
2017/3/5, 38, 13, 19, 18
2017/3/6, 29, 13, 24, 13
2017/3/7, 26, 19, 25, 10
2017/3/8, 37, 13, 30, 11
2017/3/9, 25, 14, 13, 19
2017/3/10, 37, 12, 22, 11
2017/3/11, 32, 11, 24, 10
2017/3/12, 31, 32, 29, 10
2017/3/13, 51, 21, 27, 5
2017/3/14, 38, 25, 25, 9
2017/3/15, 45, 10, 27, 7
2017/3/16, 22, 7, 29, 10
2017/3/17, 16, 7, 26, 11
2017/3/18, 20, 7, 30, 6
2017/3/19, 17, 14, 30, 9
2017/3/20, 26, 8, 30, 11
2017/3/21, 15, 12, 28, 14
2017/3/22, 26, 13, 30, 9
2017/3/23, 23, 27, 17, 27
2017/3/24, 57, 27, 25, 24
2017/3/25, 63, 22, 28, 16
2017/3/26, 58, 21, 30, 14
2017/3/27, 54, 29, 25, 14
2017/3/28, 71, 21, 22, 13
2017/3/29, 59, 7, 25, 7
2017/3/30, 19, 10, 30, 7
2017/3/31, 22, 12, 30, 7
2016/10/1, 33, 10, 16, 14
2016/10/2, 33, 9, 19, 11
2016/10/3, 20, 12, 18, 13
2016/10/4, 29, 12, 20, 10
2016/10/5, 24, 14, 21, 8
2016/10/6, 21, 15, 18, 13
2016/10/7, 26, 13, 18, 10
2016/10/8, 24, 11, 18, 12
2016/10/9, 23, 13, 11, 15
2016/10/10, 32, 8, 16, 9
2016/10/11, 17, 10, 17, 12
2016/10/12, 22, 8, 16, 10
2016/10/13, 17, 11, 14, 10
2016/10/14, 31, 12, 15, 11
2016/10/15, 36, 11, 22, 8
2016/10/16, 33, 7, 21, 9
2016/10/17, 15, 7, 24, 14
2016/10/18, 13, 12, 16, 20
2016/10/19, 26, 23, 3, 25
2016/10/20, 52, 17, 6, 17
2016/10/21, 45, 11, 11, 14
2016/10/22, 35, 7, 19, 6
2016/10/23, 19, 8, 11, 12
2016/10/24, 15, 14, 12, 13
2016/10/25, 39, 14, 18, 10
2016/10/26, 33, 7, 23, 8
2016/10/27, 18, 17, 21, 18
2016/10/28, 26, 15, 13, 18
2016/10/29, 37, 12, 18, 11
2016/10/30, 35, 16, 11, 16
2016/10/31, 45, 9, 19, 17
2016/11/1, 17, 8, 15, 18
2016/11/2, 20, 8, 14, 16
2016/11/3, 23, 7, 19, 17
2016/11/4, 16, 10, 24, 7
2016/11/5, 21, 7, 23, 6
2016/11/6, 12, 12, 15, 19
2016/11/7, 24, 12, 12, 20
2016/11/8, 28, 9, 14, 20
2016/11/9, 35, 9, 13, 24
2016/11/10, 30, 12, 12, 18
2016/11/11, 33, 7, 17, 16
2016/11/12, 18, 11, 14, 18
2016/11/13, 29, 8, 20, 11
2016/11/14, 20, 14, 23, 10
2016/11/15, 24, 9, 24, 11
2016/11/16, 19, 5, 25, 16
2016/11/17, 11, 7, 17, 23
2016/11/18, 23, 7, 11, 24
2016/11/19, 22, 9, 17, 19
2016/11/20, 35, 11, 19, 16
2016/11/21, 40, 6, 23, 14
2016/11/22, 16, 30, 1, 42
2016/11/23, 77, 33, 1, 38
2016/11/24, 87, 32, 1, 38
2016/11/25, 81, 22, , 25
2016/11/26, 64, 16, 18, 18
2016/11/27, 33, 19, 6, 26
2016/11/28, 46, 15, 12, 21
2016/11/29, 33, 10, 21, 14
2016/11/30, 18, 14, 22, 17
2016/12/1, 21, 15, 7, 27
2016/12/2, 43, 12, 3, 21
2016/12/3, 41, 15, 12, 18
2016/12/4, 45, 25, 1, 28
2016/12/5, 65, 29, 1, 29
2016/12/6, 76, 10, 20, 8
2016/12/7, 27, 19, 21, 16
2016/12/8, 41, 14, 18, 11
2016/12/9, 32, 18, 23, 10
2016/12/10, 32, 12, 24, 11
2016/12/11, 20, 16, 11, 22
2016/12/12, 39, 18, 2, 20
2016/12/13, 52, 10, 18, 13
2016/12/14, 28, 15, 12, 14
2016/12/15, 50, 14, 8, 20
2016/12/16, 43, 14, 16, 17
2016/12/17, 28, 15, 18, 12
2016/12/18, 30, 16, 17, 22
2016/12/19, 36, 11, 21, 19
2016/12/20, 28, 9, 23, 11
2016/12/21, 18, 9, 27, 12
2016/12/22, 19, 12, 28, 7
2016/12/23, 24, 8, 28, 7
2016/12/24, 18, 11, 29, 1
2016/12/25, 21, 11, 32, 4
2016/12/26, 19, 15, 23, 12
2016/12/27, 24, 14, 23, 11
2016/12/28, 29, 16, 18, 9
2016/12/29, 40, 26, 23, 6
2016/12/30, 50, 12, 26, 6
2016/12/31, 27, 7, 26, 4
2017/1/1, 16, 9, 20, 14
2016/7/1, 12, 7, 18, 6
2016/7/2, 17, 7, 20, 5
2016/7/3, 11, 8, 18, 9
2016/7/4, 17, 6, 19, 8
2016/7/5, 17, 11, 16, 8
2016/7/6, 28, 9, 22, 7
2016/7/7, 23, 10, 17, 8
2016/7/8, 24, 9, 14, 8
2016/7/9, 25, 10, 17, 4
2016/7/10, 25, 8, 18, 7
2016/7/11, 18, 9, 17, 7
2016/7/12, 18, 8, 19, 6
2016/7/13, 16, 7, 19, 7
2016/7/14, 19, 8, 17, 6
2016/7/15, 21, 10, 22, 5
2016/7/16, 22, 12, 19, 5
2016/7/17, 24, 9, 14, 6
2016/7/18, 29, 10, 24, 6
2016/7/19, 31, 15, 28, 12
2016/7/20, 44, 8, 20, 6
2016/7/21, 21, 8, 15, 6
2016/7/22, 21, 8, 18, 5
2016/7/23, 22, 7, 14, 7
2016/7/24, 21, 7, 12, 6
2016/7/25, 15, 7, 14, 7
2016/7/26, 18, 6, 14, 8
2016/7/27, 20, , 16, 8
2016/7/29, 24, 5, 18, 5
2016/7/30, 17, 6, 18, 5
2016/7/31, 20, 8, 22, 9
2016/8/1, 23, 11, 17, 11
2016/8/2, 36, 7, 13, 7
2016/8/3, 22, 6, 21, 6
2016/8/4, 18, 9, 20, 8
2016/8/5, 21, 9, 17, 6
2016/8/6, 26, 15, 23, 3
2016/8/7, 30, 17, 20, 5
2016/8/8, 29, 19, 17, 6
2016/8/9, 32, 6, 12, 11
2016/8/10, 20, 4, 14, 8
2016/8/11, 14, 11, 15, 6
2016/8/12, 28, 5, 17, 6
2016/8/13, 13, 4, 15, 6
2016/8/14, 11, 8, 19, 7
2016/8/15, 25, 18, 36, 10
2016/8/16, 48, 20, 28, 11
2016/8/17, 53, 20, 23, 12
2016/8/18, 54, 13, 15, 12
2016/8/19, 42, 9, 15, 9
2016/8/20, 25, 6, 25, 8
2016/8/21, 17, 9, 18, 10
2016/8/22, 22, 11, 12, 12
2016/8/23, 28, 10, 16, 11
2016/8/24, 25, 10, 16, 9
2016/8/25, 29, 10, 19, 9
2016/8/26, 27, 12, 19, 9
2016/8/27, 32, 12, 26, 7
2016/8/28, 33, 8, 19, 8
2016/8/29, 18, 11, 20, 5
2016/8/30, 27, 10, 18, 7
2016/8/31, 19, 11, 20, 6
2016/9/1, 21, 9, 14, 9
2016/9/2, 21, 9, 16, 7
2016/9/3, 21, 7, 17, 8
2016/9/4, 21, 7, 13, 9
2016/9/5, 19, 6, 9, 8
2016/9/6, 18, 9, 8, 9
2016/9/7, 22, 10, 15, 8
2016/9/8, 25, 8, 17, 6
2016/9/9, 14, 13, 20, 5
2016/9/10, 24, 10, 24, 2
2016/9/11, 17, 6, 20, 4
2016/9/12, 17, 7, 18, 12
2016/9/13, 18, 7, 22, 9
2016/9/14, 21, 14, 22, 11
2016/9/15, 43, 8, 17, 9
2016/9/16, 17, 9, 16, 10
2016/9/17, 20, 9, 15, 9
2016/9/18, 22, 6, 17, 9
2016/9/19, 12, 11, 20, 12
2016/9/20, 24, 9, 19, 9
2016/9/21, 26, 7, 21, 9
2016/9/22, 17, 10, 24, 6
2016/9/23, 17, 6, 25, 4
2016/9/24, 17, 8, 22, 6
2016/9/25, 17, 7, 12, 15
2016/9/26, 16, 17, 20, 9
2016/9/27, 34, 15, 21, 7
2016/9/28, 28, 11, 22, 8
2016/9/29, 20, 8, 17, 16
2016/9/30, 18, 11, 13, 18
2016/4/1, 15, 8, 23, 10
2016/4/2, 29, 12, 29, 10
2016/4/3, 48, 15, 19, 14
2016/4/4, 51, 4, 24, 12
2016/4/5, 14, 6, 25, 12
2016/4/6, 14, 6, 27, 12
2016/4/7, 16, 8, 28, 12
2016/4/8, 20, 5, 26, 8
2016/4/9, 15, 7, 28, 8
2016/4/10, 25, 18, 31, 8
2016/4/11, 45, 19, 32, 9
2016/4/12, 48, 8, 29, 11
2016/4/13, 23, 15, 26, 15
2016/4/14, 32, 10, 21, 15
2016/4/15, 24, 5, 26, 12
2016/4/16, 13, 9, 29, 12
2016/4/17, 20, 12, 32, 8
2016/4/18, 23, 18, 26, 12
2016/4/19, 28, 12, 30, 16
2016/4/20, 28, 16, 27, 16
2016/4/21, 33, 13, 27, 8
2016/4/22, 23, 9, 29, 11
2016/4/23, 22, 6, 30, 5
2016/4/24, 13, 9, 31, 8
2016/4/25, 10, 10, 28, 7
2016/4/26, 12, 6, 22, 8
2016/4/27, 11, 5, 22, 10
2016/4/28, 13, 5, 28, 8
2016/4/29, 14, 6, 27, 9
2016/4/30, 14, 6, 30, 5
2016/5/1, 18, 8, 30, 6
2016/5/2, 17, 10, 31, 9
2016/5/3, 18, 14, 30, 8
2016/5/4, 27, 10, 33, 8
2016/5/5, 24, 18, 33, 13
2016/5/6, 44, 23, 36, 7
2016/5/7, 54, 27, 45, 6
2016/5/8, 73, 30, 43, 8
2016/5/9, 65, 29, 45, 10
2016/5/10, 63, 26, 44, 8
2016/5/11, 58, 18, 42, 7
2016/5/12, 40, 14, 31, 8
2016/5/13, 26, 13, 35, 10
2016/5/14, 26, 11, 34, 6
2016/5/15, 22, 7, 34, 8
2016/5/16, 16, 12, 29, 11
2016/5/17, 33, 6, 20, 10
2016/5/18, 17, 7, 23, 11
2016/5/19, 19, 8, 26, 7
2016/5/20, 16, 4, 29, 5
2016/5/21, 13, 6, 26, 5
2016/5/22, 11, 5, 25, 7
2016/5/23, 12, 10, 27, 7
2016/5/24, 25, 12, 27, 6
2016/5/25, 20, 14, 21, 11
2016/5/26, 31, 10, 23, 10
2016/5/27, 34, 12, 29, 6
2016/5/28, 38, 12, 35, 6
2016/5/29, 44, 14, 31, 7
2016/5/30, 50, 12, 30, 10
2016/5/31, 35, 14, 33, 8
2016/6/1, 32, 16, 33, 6
2016/6/2, 33, 11, 33, 7
2016/6/3, 30, 23, 32, 5
2016/6/4, 52, 19, 36, 5
2016/6/5, 47, 23, 36, 10
2016/6/6, 52, 21, 39, 12
2016/6/7, 54, 16, 30, 8
2016/6/8, 42, 20, 35, 8
2016/6/9, 44, 16, 22, 9
2016/6/10, 44, 15, 23, 6
2016/6/11, 44, 8, 24, 5
2016/6/12, 22, 9, 27, 7
2016/6/13, 28, 12, 27, 7
2016/6/14, 26, 8, 23, 9
2016/6/15, 21, 7, 19, 12
2016/6/16, 19, 7, 20, 8
2016/6/17, 17, 14, 25, 9
2016/6/18, 34, 9, 18, 5
2016/6/19, 20, 7, 17, 7
2016/6/20, 12, 18, 19, 5
2016/6/21, 18, 10, 21, 5
2016/6/22, 22, 10, 22, 6
2016/6/23, 24, 9, 19, 6
2016/6/24, 25, 7, 24, 7
2016/6/25, 18, 6, 17, 7
2016/6/26, 16, 9, 20, 7
2016/6/27, 18, 12, 16, 7
2016/6/28, 20, 8, 21, 7
2016/6/29, 20, 9, 18, 6
2016/6/30, 17, 7, 18, 7
2016/1/4, 13, 9, 16, 7
2016/1/5, 30, 6, 10, 10
2016/1/6, 19, 5, 19, 14
2016/1/7, 16, 14, 11, 25
2016/1/8, 34, 9, 13, 14
2016/1/9, 33, 4, 21, 11
2016/1/10, 11, 7, 24, 13
2016/1/11, 19, 5, 17, 15
2016/1/12, 17, 9, 17, 22
2016/1/13, 25, 6, 23, 15
2016/1/14, 12, 8, 16, 22
2016/1/15, 19, 15, 4, 28
2016/1/16, 44, 11, 14, 18
2016/1/17, 33, 20, 5, 24
2016/1/18, 63, 17, 4, 26
2016/1/19, 56, 24, 1, 25
2016/1/20, 72, 17, 6, 21
2016/1/21, 56, 10, 23, 8
2016/1/22, 20, 18, 26, 6
2016/1/23, 29, 4, 19, 6
2016/1/24, 11, 11, 23, 6
2016/1/25, 25, 5, 27, 7
2016/1/26, 9, 4, 21, 14
2016/1/27, 11, 3, 27, 7
2016/1/28, 9, , 31, 5
2016/2/1, 39, 15, 31, 7
2016/2/2, 26, 8, 23, 16
2016/2/3, 20, 9, 24, 16
2016/2/4, 25, 4, 26, 9
2016/2/5, 16, 6, 25, 7
2016/2/6, 15, 8, 27, 4
2016/2/7, 19, 6, 26, 15
2016/2/8, 7, 4, 26, 15
2016/2/11, 21, 11, 9, 22
2016/2/12, 31, 6, 20, 12
2016/2/13, 23, 6, 22, 14
2016/2/14, 19, 12, 25, 23
2016/2/15, 25, 7, 25, 9
2016/2/16, 24, 8, 23, 23
2016/2/17, 22, 10, 15, 23
2016/2/18, 27, 6, 23, 12
2016/2/19, 17, 7, 29, 10
2016/2/20, 20, 6, 30, 9
2016/2/21, 13, 9, 27, 16
2016/2/22, 21, 9, 19, 24
2016/2/23, 22, 11, 20, 23
2016/2/24, 27, 9, 15, 24
2016/2/25, 24, 10, 17, 19
2016/2/26, 32, 21, 15, 25
2016/2/27, 57, 21, 13, 25
2016/2/28, 61, 9, 23, 12
2016/2/29, 26, 6, 25, 10
2016/3/1, 15, 5, 27, 11
2016/3/2, 13, 7, 22, 14
2016/3/3, 18, 5, 24, 9
2016/3/4, 16, 6, 25, 11
2016/3/5, 14, 4, 26, 13
2016/3/6, 12, 6, 26, 15
2016/3/7, 18, 8, 22, 12
2016/3/8, 20, 9, 27, 17
2016/3/9, 17, 21, 15, 26
2016/3/10, 46, 11, 13, 18
2016/3/11, 39, 6, 22, 8
2016/3/12, 25, 9, 25, 16
2016/3/13, 28, 18, 25, 18
2016/3/14, 52, 12, 20, 14
2016/3/15, 37, 6, 22, 10
2016/3/16, 21, 15, 20, 15
2016/3/17, 50, 14, 13, 16
2016/3/18, 45, 11, 16, 13
2016/3/19, 42, 13, 23, 13
2016/3/20, 46, 10, 27, 12
2016/3/21, 27, 7, 22, 11
2016/3/22, 18, 16, 23, 12
2016/3/23, 44, 11, 23, 11
2016/3/24, 25, 12, 31, 7
2016/3/25, 24, 6, 33, 4
2016/3/26, 12, 6, 28, 4
2016/3/27, 16, 3, 28, 9
2016/3/28, 14, 6, 24, 12
2016/3/29, 17, 7, 21, 17
2016/3/30, 25, 9, 23, 17
2016/3/31, 29, 4, 27, 7
2015/10/1, 57, 18, 21, 17
2015/10/2, 56, 15, 23, 18
2015/10/3, 47, 13, 22, 14
2015/10/4, 49, 22, 18, 12
2015/10/5, 63, 14, 13, 16
2015/10/6, 33, 9, 19, 14
2015/10/7, 16, 11, 17, 20
2015/10/8, 26, 9, 9, 18
2015/10/9, 27, 13, 8, 16
2015/10/10, 40, 13, 14, 12
2015/10/11, 39, 8, 16, 13
2015/10/12, 21, 10, 12, 19
2015/10/13, 26, 13, 10, 18
2015/10/14, 37, 15, 8, 20
2015/10/15, 41, 25, 6, 27
2015/10/16, 65, 23, 8, 21
2015/10/17, 66, 9, 20, 13
2015/10/18, 25, 12, 9, 19
2015/10/19, 33, 15, 18, 13
2015/10/20, 28, 4, 24, 9
2015/10/21, 13, 19, 27, 8
2015/10/22, 29, 8, 24, 8
2015/10/23, 16, 5, 26, 9
2015/10/24, 13, 7, 24, 5
2015/10/25, 12, 12, 20, 11
2015/10/26, 31, 23, 9, 12
2015/10/27, 70, 17, 8, 17
2015/10/28, 55, 13, 19, 13
2015/10/29, 30, 12, 12, 16
2015/10/30, 28, 10, 21, 10
2015/10/31, 24, 16, 13, 19
2015/11/1, 46, 17, 1, 20
2015/11/2, 50, 20, 1, 19
2015/11/3, 60, 18, 5, 15
2015/11/4, 60, 28, 2, 18
2015/11/5, 79, 18, 13, 16
2015/11/6, 52, 10, 20, 16
2015/11/7, 22, 8, 25, 5
2015/11/8, 11, 9, 26, 8
2015/11/9, 19, 5, 23, 10
2015/11/10, 12, 9, 21, 12
2015/11/11, 17, 13, 26, 6
2015/11/12, 23, 8, 24, 10
2015/11/13, 15, 7, 27, 11
2015/11/14, 13, 2, 21, 9
2015/11/15, 10, 7, 28, 8
2015/11/16, 14, 7, 26, 13
2015/11/17, 14, 8, 27, 8
2015/11/18, 14, 7, 25, 11
2015/11/19, 12, 4, 22, 14
2015/11/20, 9, 8, 24, 14
2015/11/21, 17, 8, 20, 18
2015/11/22, 28, 9, 16, 16
2015/11/23, 21, 9, 21, 15
2015/11/24, 20, 9, 19, 17
2015/11/25, 16, 6, 21, 15
2015/11/26, 18, 4, 23, 10
2015/11/27, 10, 6, 25, 9
2015/11/28, 13, 6, 27, 7
2015/11/29, 10, 7, 25, 19
2015/11/30, 16, 10, 19, 20
2015/12/1, 24, 11, 29, 14
2015/12/2, 22, 10, 3, 26
2015/12/3, 25, 9, 25, 8
2015/12/4, 21, 3, 28, 4
2015/12/5, 13, 9, 26, 11
2015/12/6, 18, 10, 21, 12
2015/12/7, 27, 11, 26, 9
2015/12/8, 23, 8, 25, 6
2015/12/9, 14, 8, 25, 9
2015/12/10, 14, 7, 24, 11
2015/12/11, 14, 11, 11, 24
2015/12/12, 29, 19, , 27
2015/12/13, 61, 9, 8, 19
2015/12/14, 34, 10, 15, 13
2015/12/15, 33, 10, 14, 16
2015/12/16, 33, 10, 21, 8
2015/12/17, 23, 12, 23, 7
2015/12/18, 23, 10, 25, 4
2015/12/19, 22, 8, 24, 5
2015/12/20, 16, 12, 24, 8
2015/12/21, 22, 12, 26, 7
2015/12/22, 20, 8, 28, 5
2015/12/23, 16, 5, 28, 6
2015/12/24, 13, 7, 29, 5
2015/12/25, 13, 2, 29, 7
2015/12/26, 12, 5, 23, 11
2015/12/27, 11, 37, 18, 6
2015/12/28, 69, 7, 27, 3
2015/12/29, 20, 6, 28, 6
2015/12/30, 18, , , 
2016/1/1, 15, 4, 22, 8
2016/1/2, 15, 2, 17, 5
2016/1/3, 9, 5, 20, 5
2015/7/1, 59, 17, 23, 11
2015/7/2, 40, 13, 24, 8
2015/7/3, 26, 12, 23, 6
2015/7/4, 25, 13, 26, 6
2015/7/5, 22, 11, 19, 6
2015/7/6, 19, 9, 18, 7
2015/7/7, 14, 9, 20, 6
2015/7/8, 12, 10, 19, 7
2015/7/9, 15, 14, 24, 9
2015/7/10, 29, 11, 24, 4
2015/7/11, 22, 10, 19, 4
2015/7/12, 16, 11, 16, 11
2015/7/13, 22, 9, 19, 7
2015/7/14, 13, 9, 20, 6
2015/7/15, 13, , 21, 7
2015/7/17, 20, 13, 21, 5
2015/7/18, 20, 9, 24, 5
2015/7/19, 15, 11, 16, 10
2015/7/20, 21, 13, 19, 7
2015/7/21, 20, 14, 17, 8
2015/7/22, 20, 13, 19, 7
2015/7/23, 17, 12, 17, 10
2015/7/24, 19, 10, 21, 9
2015/7/25, 21, 11, 23, 6
2015/7/26, 25, 11, 22, 9
2015/7/27, 21, 11, 15, 14
2015/7/28, 24, 10, 18, 8
2015/7/29, 17, 9, 23, 6
2015/7/30, 15, 11, 20, 7
2015/7/31, 19, 11, 21, 7
2015/8/1, 18, 12, 22, 8
2015/8/2, 24, 16, 27, 5
2015/8/3, 31, 13, 23, 3
2015/8/4, 18, , , 
2015/8/6, 22, 9, 21, 11
2015/8/7, 22, 8, 24, 8
2015/8/8, 23, 4, 18, 3
2015/8/9, 15, 6, 17, 6
2015/8/10, 14, 4, 20, 8
2015/8/11, 11, 6, 22, 9
2015/8/12, 20, 16, 29, 14
2015/8/13, 48, 11, 19, 10
2015/8/14, 33, 8, 19, 6
2015/8/15, 18, 8, 25, 7
2015/8/16, 24, 12, 23, 13
2015/8/17, 33, 9, 22, 13
2015/8/18, 27, 8, 17, 10
2015/8/19, 23, 6, 19, 6
2015/8/20, 16, 10, 20, 5
2015/8/21, 26, 8, 16, 5
2015/8/22, 22, 27, 47, 4
2015/8/23, 64, 5, 23, 8
2015/8/24, 15, 7, 23, 7
2015/8/25, 15, 6, 22, 8
2015/8/26, 16, 6, 20, 7
2015/8/27, 14, 8, 22, 6
2015/8/28, 16, 9, 25, 6
2015/8/29, 23, 5, 22, 7
2015/8/30, 14, 6, 18, 13
2015/8/31, 16, 5, 22, 9
2015/9/1, 17, 3, 22, 9
2015/9/2, 9, 3, 23, 8
2015/9/3, 11, 4, 16, 11
2015/9/4, 12, 7, 22, 8
2015/9/5, 16, 4, 24, 8
2015/9/6, 14, 9, 16, 12
2015/9/7, 26, 18, 16, 11
2015/9/8, 59, 14, 19, 10
2015/9/9, 49, 12, 27, 9
2015/9/10, 34, 15, 28, 8
2015/9/11, 40, 8, 26, 8
2015/9/12, 26, 4, 22, 9
2015/9/13, 15, 11, 17, 17
2015/9/14, 36, 9, 18, 14
2015/9/15, 24, 10, 17, 18
2015/9/16, 29, 11, 19, 16
2015/9/17, 33, 11, 18, 20
2015/9/18, 36, 10, 18, 16
2015/9/19, 33, 6, 23, 11
2015/9/20, 21, 4, 19, 10
2015/9/21, 12, 6, 18, 12
2015/9/22, 16, 8, 15, 12
2015/9/23, 13, 7, 18, 10
2015/9/24, 15, 9, 20, 12
2015/9/25, 16, 12, 12, 11
2015/9/26, 32, 15, 21, 14
2015/9/27, 42, 15, 20, 16
2015/9/28, 43, 22, 15, 22
2015/9/29, 58, 25, 6, 26
2015/9/30, 65, 20, 13, 20
2015/4/13, 23, 14, 24, 10
2015/4/14, 29, 12, 29, 8
2015/4/15, 15, 17, 28, 16
2015/4/16, 29, 13, 30, 11
2015/4/17, 26, 11, 32, 9
2015/4/18, 27, 11, 32, 9
2015/4/19, 21, 14, 29, 11
2015/4/20, 31, 18, 32, 17
2015/4/21, 40, 25, 33, 19
2015/4/22, 59, 30, 35, 17
2015/4/23, 68, 21, 24, 13
2015/4/24, 57, 7, 28, 6
2015/4/25, 11, 7, 18, 6
2015/4/26, 8, 11, 20, 11
2015/4/27, 14, 7, 25, 10
2015/4/28, 13, 7, 25, 12
2015/4/29, 12, 8, 26, 9
2015/4/30, 15, 10, 26, 11
2015/5/1, 16, 10, 29, 7
2015/5/2, 16, 11, 28, 8
2015/5/3, 28, 12, 32, 7
2015/5/4, 21, 11, 30, 10
2015/5/5, 20, 7, 31, 9
2015/5/6, 11, 11, 31, 11
2015/5/7, 19, 14, 26, 15
2015/5/8, 30, 9, 34, 7
2015/5/9, 21, 9, 30, 4
2015/5/10, 19, 15, 33, 5
2015/5/11, 26, 14, 29, 7
2015/5/12, 20, 11, 26, 7
2015/5/13, 17, 12, 29, 7
2015/5/14, 18, 14, 23, 13
2015/5/15, 31, 15, 29, 7
2015/5/16, 26, 10, 29, 6
2015/5/17, 19, 7, 28, 10
2015/5/18, 12, 8, 29, 8
2015/5/19, 13, 13, 29, 7
2015/5/20, 23, 20, 29, 10
2015/5/21, 36, 12, 26, 7
2015/5/22, 20, 21, 28, 8
2015/5/23, 38, 9, 28, 5
2015/5/24, 13, 16, 29, 6
2015/5/25, 26, 11, 28, 6
2015/5/26, 16, 12, 25, 10
2015/5/27, 21, 10, 24, 8
2015/5/28, 15, 8, 25, 8
2015/5/29, 12, 9, 24, 6
2015/5/30, 14, 9, 25, 6
2015/5/31, 15, 10, 27, 5
2015/6/1, 14, 11, 25, 7
2015/6/2, 18, 11, 23, 10
2015/6/3, 18, 15, 23, 13
2015/6/4, 30, 15, 27, 12
2015/6/5, 33, 11, 24, 5
2015/6/6, 18, 12, 25, 5
2015/6/7, 17, 9, 27, 7
2015/6/8, 13, 11, 26, 12
2015/6/9, 22, 11, 26, 9
2015/6/10, 23, 15, 33, 13
2015/6/11, 33, 18, 40, 12
2015/6/12, 42, 15, 26, 6
2015/6/13, 32, 8, 23, 6
2015/6/14, 13, 13, 23, 10
2015/6/15, 28, 17, 19, 12
2015/6/16, 41, 10, 22, 8
2015/6/17, 17, 14, 25, 10
2015/6/18, 22, 9, 20, 8
2015/6/19, 17, 10, 18, 6
2015/6/20, 19, 9, 18, 6
2015/6/21, 14, 8, 22, 7
2015/6/22, 14, 12, 23, 10
2015/6/23, 23, 12, 16, 12
2015/6/24, 28, 16, 13, 11
2015/6/25, 40, 11, 17, 9
2015/6/26, 22, 14, 24, 5
2015/6/27, 27, 11, 19, 5
2015/6/28, 20, 13, 19, 6
2015/6/29, 24, 13, 18, 9
2015/6/30, 25, 29, 38, 14
2015/1/1, 21, , 31, 8
2015/1/2, 11, , 25, 20
2015/1/3, 18, , 17, 17
2015/1/4, 25, 8, 20, 13
2015/1/5, 19, 7, 24, 16
2015/1/6, 10, , 24, 8
2015/1/7, 13, , 27, 12
2015/1/8, 17, , 31, 12
2015/1/9, 31, , 29, 8
2015/1/10, 23, , 27, 8
2015/1/11, 15, , 31, 8
2015/1/12, 17, 10, 26, 12
2015/1/13, 19, , 24, 9
2015/1/14, 11, , 31, 6
2015/1/15, 21, , 25, 17
2015/1/16, 17, , 19, 22
2015/1/17, 10, , 25, 19
2015/1/18, 25, , 15, 32
2015/1/19, 20, , 3, 28
2015/1/20, 11, , 3, 25
2015/1/23, 5, , 22, 17
2015/1/24, 13, , 24, 7
2015/1/25, 25, , 27, 18
2015/1/26, 16, , 21, 13
2015/1/27, 19, , 26, 12
2015/1/28, 13, , 25, 20
2015/1/29, 17, , 16, 19
2015/1/30, 21, , 26, 9
2015/1/31, 13, , 32, 11
2015/2/1, 16, , 16, 21
2015/2/2, 19, , 14, 27
2015/2/3, 44, , 9, 27
2015/2/4, 34, 16, 11, 36
2015/2/5, 29, 22, 3, 30
2015/2/10, 14, , 20, 13
2015/2/11, 48, , 12, 16
2015/2/12, 60, , 18, 13
2015/2/13, 64, , 14, 13
2015/2/14, 88, , 19, 8
2015/2/15, 61, , 19, 15
2015/2/16, 55, , , 
2015/2/17, 46, , 20, 7
2015/2/19, 17, 7, 21, 17
2015/2/20, 12, 7, 19, 19
2015/2/21, 17, 12, 22, 16
2015/2/22, 28, 9, 27, 8
2015/2/23, 15, 14, 25, 12
2015/2/24, 20, 13, 17, 19
2015/2/25, 19, 12, 24, 10
2015/2/26, 18, 12, 23, 9
2015/2/27, 19, 22, 26, 6
2015/2/28, 29, 20, 31, 7
2015/3/1, 24, 20, 25, 13
2015/3/2, 11, , 26, 11
2015/3/3, 13, , 24, 13
2015/3/4, 17, , 24, 9
2015/3/5, 21, , 28, 7
2015/3/6, 27, , 30, 4
2015/3/7, 32, , 30, 6
2015/3/8, 20, , 24, 7
2015/3/9, 17, , 30, 12
2015/3/10, 22, , 19, 14
2015/3/11, 26, , 15, 13
2015/3/12, 23, , 20, 17
2015/3/13, 25, , 26, 6
2015/3/14, 44, , 24, 8
2015/3/15, 10, , 23, 12
2015/3/16, 5, , 11, 16
2015/3/18, 110, , 12, 27
2015/3/19, 89, , 20, 16
2015/3/20, 75, , 21, 17
2015/3/21, 20, , 25, 8
2015/3/22, 35, , 24, 10
2015/3/23, 34, , 18, 14
2015/3/24, 17, , , 
2014/10/1, 168, 9, 20, 11
2014/10/3, 17, 12, 26, 10
2014/10/4, 18, 8, 14, 15
2014/10/5, 18, 9, 19, 6
2014/10/6, 20, 11, 14, 15
2014/10/7, 35, 12, 11, 16
2014/10/8, 39, 14, 7, 18
2014/10/9, 43, 11, 9, 20
2014/10/10, 37, 11, 5, 20
2014/10/11, 35, 13, 6, 21
2014/10/12, 46, 14, 17, 12
2014/10/13, 44, 8, 20, 13
2014/10/14, 26, 10, 19, 10
2014/10/15, 21, 8, 17, 12
2014/10/16, 15, 9, 16, 11
2014/10/17, 21, 13, 25, 4
2014/10/18, 29, 14, 26, 4
2014/10/19, 24, 9, 18, 9
2014/10/20, 20, 8, 25, 7
2014/10/21, 15, 13, 20, 12
2014/10/22, 24, 11, 20, 10
2014/10/23, 22, 8, 20, 13
2014/10/24, 11, 10, 26, 5
2014/10/25, 15, 10, 29, 3
2014/10/26, 19, 9, 21, 7
2014/10/27, 18, 12, 26, 16
2014/10/28, 26, 18, 3, 26
2014/10/29, 45, 18, 6, 21
2014/10/30, 49, 15, 19, 10
2014/10/31, 42, 13, 24, 7
2014/11/1, 30, 9, 26, 6
2014/11/2, 16, 8, 16, 15
2014/11/3, 14, 8, 13, 18
2014/11/4, 22, 13, 16, 24
2014/11/5, 28, 33, 16, 10
2014/11/6, 82, 8, 17, 16
2014/11/7, 19, 10, 20, 12
2014/11/8, 21, 13, 9, 19
2014/11/9, 34, 17, 5, 18
2014/11/10, 52, 15, 7, 16
2014/11/11, 47, 11, 12, 12
2014/11/12, 32, 9, 16, 13
2014/11/13, 19, 10, 18, 19
2014/11/14, 24, 12, 6, 19
2014/11/15, 31, 19, 6, 18
2014/11/16, 55, 17, 13, 12
2014/11/17, 49, 14, 6, 16
2014/11/18, 30, 15, 6, 14
2014/11/19, 40, 15, 5, 18
2014/11/20, 42, 22, 3, 18
2014/11/21, 62, 15, 9, 16
2014/11/22, 45, 10, 9, 20
2014/11/23, 22, 10, 15, 17
2014/11/24, 17, 12, 8, 16
2014/11/25, 28, 17, , 20
2014/11/26, 46, 20, 2, 19
2014/11/27, 57, 15, , 15
2014/11/28, 48, 18, 4, 12
2014/11/29, 54, 19, 11, 19
2014/11/30, 50, 11, 8, 16
2014/12/1, 27, 9, 19, 22
2014/12/2, 14, 18, 1, 29
2014/12/3, 39, 15, 8, 24
2014/12/4, 32, 12, 12, 23
2014/12/5, 7, 10, 15, 20
2014/12/11, 13, 4, 15, 22
2014/12/12, 5, , 12, 17
2014/12/17, 13, , 21, 16
2014/12/19, 17, 8, 27, 14
2014/12/20, 18, 4, 25, 7
2014/12/21, 17, , 24, 18
2014/12/22, 14, , 26, 19
2014/12/23, 21, , 24, 11
2014/12/24, 14, , 24, 18
2014/12/25, 17, , 2, 19
2014/12/26, 44, , 8, 23
2014/12/27, 41, , 2, 33
2014/12/28, 39, , , 
2014/8/20, 13, 5, 19, 10
2014/8/21, 11, 4, 20, 10
2014/8/22, 9, 3, 19, 9
2014/8/23, 13, 3, 21, 9
2014/8/24, 17, 3, 29, 9
2014/8/25, 21, 10, 26, 9
2014/8/26, 21, 9, 28, 7
2014/8/27, 24, 8, 26, 9
2014/8/28, 30, 9, 22, 7
2014/8/29, 18, 8, 18, 9
2014/8/30, 15, 6, 24, 8
2014/8/31, 13, 5, 25, 5
2014/9/1, 19, 7, 21, 8
2014/9/2, 24, 10, 18, 11
2014/9/3, 39, 15, 14, 16
2014/9/4, 56, 20, 20, 14
2014/9/5, 68, 23, 21, 12
2014/9/6, 33, 10, 21, 8
2014/9/7, 15, 6, 22, 8
2014/9/8, 32, 11, 17, 15
2014/9/9, 34, 11, 15, 11
2014/9/10, 43, 12, 21, 11
2014/9/11, 63, 22, 20, 18
2014/9/12, 91, 34, 14, 15
2014/9/13, 103, 40, 23, 14
2014/9/14, 84, 31, 23, 8
2014/9/15, 50, 16, 21, 9
2014/9/16, 38, 12, 17, 13
2014/9/17, 54, 17, 26, 12
2014/9/18, 61, 20, 26, 11
2014/9/19, 59, 23, 26, 14
2014/9/20, 78, 28, 19, 17
2014/9/21, 46, 14, 15, 15
2014/9/22, 59, 19, 14, 17
2014/9/23, 40, 14, 18, 11
2014/9/24, 15, 8, 17, 11
2014/9/25, 15, 8, 16, 11
2014/9/26, 7, 8, 19, 8
2014/9/28, 5, 11, 17, 8
2025/3/31, , 19, 24, 5
2024/12/31, , 6, 29, 4
2025/2/7, , 8, 23, 4
2025/2/25, , 5, 19, 11
2022/1/2, , 5, 28, 8
2020/3/31, , 6, 33, 3
2019/12/31, , 19, 15, 13
2018/12/31, , 12, 26, 11
2018/7/29, , 5, 21, 7
2018/9/7, , 8, 16, 11
2018/5/2, , 10, 31, 7
2018/6/10, , 8, 23, 5
2017/12/31, , 8, 26, 7
2018/1/31, , 12, 22, 12
2018/3/7, , 8, 22, 15
2017/7/26, , 9, 16, 4
2017/9/9, , 11, 21, 3
2017/1/18, , 13, 18, 15
2016/7/28, , 7, 18, 8
2016/1/31, , 19, 30, 6
2016/2/9, , 5, 17, 17
2016/2/10, , 8, 12, 25
2015/12/31, , 8, 22, 4
2015/7/16, , 12, 22, 6
2015/8/5, , 9, 20, 7
2015/4/12, , 12, 22, 11
2015/2/18, , 10, 25, 10
2014/9/30, , 10, 19, 9
2014/10/2, , 13, 19, 16
2014/12/6, , 8, 26, 11
2014/12/7, , 6, 21, 18
2014/12/8, , 10, 21, 14
2014/12/10, , 4, 29, 12
2014/12/18, , 7, 27, 13
2014/8/18, , 3, 23, 4
2014/8/19, , 4, 21, 7
2014/9/27, , 16, 19, 8
2014/9/29, , 10, 12, 11
2018/7/27, , , 23, 4
2018/7/28, , , 14, 6
2018/6/8, , , 31, 5
2018/6/9, , , 27, 4
2018/1/30, , , 28, 15
2017/1/17, , , 17, 14
2016/1/29, , , 31, 8
2016/1/30, , , 24, 13
2014/12/31, , , 29, 3
2015/1/21, , , 1, 28
2015/1/22, , , 16, 14
2015/2/6, , , 8, 28
2015/2/7, , , 15, 20
2015/2/8, , , 18, 17
2015/2/9, , , 21, 15
2015/3/17, , , 13, 19
2014/12/9, , , 30, 7
2014/12/13, , , 27, 7
2014/12/14, , , 27, 19
2014/12/15, , , 24, 15
2014/12/16, , , 24, 13