date,min,max,median,q1,q3,stdev,count
2020-09-23T00:00:00.000Z,8.77,42.97,24.94,15.66,34.13,9.911,236
2020-09-24T00:00:00.000Z,1.05,44.85,2.66,1.9,25.08,14.467,470
2020-09-25T00:00:00.000Z,1.3,41.97,2.15,1.8,5.15,2.939,351
2020-09-26T00:00:00.000Z,0.9,18.42,3.62,2.47,9.27,4.996,275
2020-09-27T00:00:00.000Z,10.32,21.7,18.23,16.05,19.62,2.866,235
2020-09-28T00:00:00.000Z,4.65,21.62,13.06,9.49,15.06,3.859,264
2020-09-29T00:00:00.000Z,1.37,20.85,3.23,2.36,11.37,6.436,256
2020-09-30T00:00:00.000Z,3.7,31.7,6.69,5.15,15.75,7.819,394
2020-10-01T00:00:00.000Z,1.73,14.35,6.78,3.9,10.25,3.553,299
2020-10-02T00:00:00.000Z,5.09,27.05,8.98,6.52,13.25,6.811,257
2020-10-03T00:00:00.000Z,5.05,33,9.02,7.57,18.04,8.095,249
2020-10-04T00:00:00.000Z,0.8,38.92,10.48,6.37,16.92,7.516,314
2020-10-05T00:00:00.000Z,0.7,6.43,1.57,1.2,2.92,1.513,322
2020-10-06T00:00:00.000Z,1.4,17.67,5.11,2.4,8.75,4.286,342
2020-10-07T00:00:00.000Z,0.85,26.45,3.39,1.9,13.04,7.237,328
2020-10-08T00:00:00.000Z,0.95,6.07,2.04,1.7,2.5,0.703,323
2020-10-09T00:00:00.000Z,0.7,2.97,1.6,1.37,1.83,0.359,341
2020-10-10T00:00:00.000Z,0.5,11.18,1.5,1.17,1.9,1.085,414
2020-10-11T00:00:00.000Z,0.3,48.4,1.9,1.52,2.6,4.762,433
2020-10-12T00:00:00.000Z,0.3,5,1.7,1.35,2.74,0.943,341
2020-10-13T00:00:00.000Z,0.3,7.53,1.37,0.96,2.47,0.959,400
2020-10-14T00:00:00.000Z,0.3,2.4,0.7,0.6,1.23,0.448,410
2020-10-15T00:00:00.000Z,0.28,2.85,0.68,0.5,0.9,0.461,402
2020-10-16T00:00:00.000Z,0.2,11.27,1.67,0.82,2.83,1.488,418
2020-10-17T00:00:00.000Z,0.22,16.23,1.95,0.6,2.52,1.458,429
2020-10-18T00:00:00.000Z,0.25,5.3,0.6,0.45,0.9,0.642,446
2020-10-19T00:00:00.000Z,0.3,2.83,1.05,0.6,1.47,0.503,436
2020-10-20T00:00:00.000Z,1.17,39.13,13.7,7.7,21.98,9.141,447
2020-10-21T00:00:00.000Z,0.7,88.97,51.67,20.5,64.53,25.026,430
2020-10-22T00:00:00.000Z,1.33,25.38,4.05,3.1,7.3,4.813,427
2020-10-23T00:00:00.000Z,1.12,11.52,2.47,1.98,3.2,1.786,412
2020-10-24T00:00:00.000Z,0.77,26.13,2.65,2.13,3.47,3.995,443
2020-10-25T00:00:00.000Z,1.9,24.33,6.09,3.91,13.04,6.294,464
2020-10-26T00:00:00.000Z,3.4,15.38,10.02,7.88,12.05,2.903,469
2020-10-27T00:00:00.000Z,1.14,19.57,6.19,4.22,9.06,3.672,444
2020-10-28T00:00:00.000Z,1.4,18.2,4.18,2.97,5.4,3.974,466
2020-10-29T00:00:00.000Z,1.8,11.75,5.12,4.09,6.09,1.743,464
2020-10-30T00:00:00.000Z,2.6,12.05,4.88,4,7.65,2.532,471
2020-10-31T00:00:00.000Z,2.38,14.52,4.3,3.67,5.96,2.051,488
2020-11-01T00:00:00.000Z,3.25,22.42,8.56,5.35,13.82,5.058,486
2020-11-02T00:00:00.000Z,1.23,19.42,7.18,3.33,9.38,4.429,458
2020-11-03T00:00:00.000Z,1.05,4.5,2.52,2.15,3.1,0.691,457
2020-11-04T00:00:00.000Z,0.7,5.75,1.88,1.5,2.64,0.891,365
2020-11-05T00:00:00.000Z,2.02,13.45,4.57,3.47,5.9,2.595,340
2020-11-06T00:00:00.000Z,2.29,7.9,4.78,3.92,5.45,1.164,335
2020-11-07T00:00:00.000Z,2.04,21.33,5.25,3.88,7.95,3.361,392
2020-11-08T00:00:00.000Z,2.83,12.05,5.3,4.55,6.8,1.926,356
2020-11-09T00:00:00.000Z,1.7,7.35,4.18,3.2,5.35,1.365,286
2020-11-10T00:00:00.000Z,3.9,16,8.27,6.6,11.82,3.074,335
2020-11-11T00:00:00.000Z,10.9,25.38,20.65,17.8,22.65,3.532,347
2020-11-12T00:00:00.000Z,4.65,22.73,11.2,7.48,13.63,5.173,297
2020-11-13T00:00:00.000Z,6.97,24.42,18.95,14.85,20.52,3.826,311
2020-11-14T00:00:00.000Z,2.4,22.2,5.77,3.58,9.94,5.239,340
2020-11-15T00:00:00.000Z,2.04,49.13,17.8,11.38,25.29,12.081,292
2020-11-16T00:00:00.000Z,1.8,36.5,4.34,3.35,5.8,3.436,285
2020-11-17T00:00:00.000Z,1.98,19.73,5.89,3.47,11.88,4.459,314
2020-11-18T00:00:00.000Z,2.42,38.17,13.14,9.55,16.05,8.666,370
2020-11-19T00:00:00.000Z,0.2,23.08,1.79,0.85,4.13,3.383,370
2020-11-20T00:00:00.000Z,0.38,18.64,0.85,0.69,1.3,2.197,373
2020-11-21T00:00:00.000Z,0.9,13.27,4,2.78,5.98,2.786,313
2020-11-22T00:00:00.000Z,1.63,7.8,3.75,3.03,4.59,1.255,307
2020-11-23T00:00:00.000Z,0.85,6.82,1.98,1.63,2.78,0.824,277
2020-11-24T00:00:00.000Z,2.4,13.55,6.37,4.21,8.9,2.753,288
2020-11-25T00:00:00.000Z,5.05,41.83,23.33,19.25,31.15,8.721,299
2020-11-26T00:00:00.000Z,0.45,44.53,2.25,1.2,3.73,13.973,288
2020-11-27T00:00:00.000Z,0.9,14.38,3.13,2.38,8.4,3.493,278
2020-11-28T00:00:00.000Z,2.04,9.32,4.84,3.57,5.71,1.523,284
2020-11-29T00:00:00.000Z,1.12,16.13,3.17,2.7,4.82,1.881,289
2020-11-30T00:00:00.000Z,1.23,24.52,5.99,3.48,9.27,5.918,260
2020-12-01T00:00:00.000Z,3.22,26.5,19.77,16.62,22.15,4.523,252
2020-12-02T00:00:00.000Z,12.43,46.33,19.5,16.25,28.67,9.527,276
2020-12-03T00:00:00.000Z,16.32,47.13,34.39,27.38,41.84,7.703,244
2020-12-04T00:00:00.000Z,18,34.9,24.2,21.7,27.09,3.614,268
2020-12-05T00:00:00.000Z,17.6,37.9,30.08,27.5,33.75,4.475,258
2020-12-06T00:00:00.000Z,9.6,43.85,30.44,24.2,34.54,8.211,346
2020-12-07T00:00:00.000Z,11.9,31.38,16.79,14.55,23.89,5.522,292
2020-12-08T00:00:00.000Z,3.9,34.1,19.88,7.2,29.15,10.494,283
2020-12-09T00:00:00.000Z,10.25,31.48,23.38,18.27,27.33,5.476,255
2020-12-10T00:00:00.000Z,4.3,29.9,13.32,9.49,19.11,6.385,264
2020-12-11T00:00:00.000Z,2.38,13.27,5.84,4,10.15,3.14,310
2020-12-12T00:00:00.000Z,7.78,16.8,12.45,10.88,13.77,1.963,319
2020-12-13T00:00:00.000Z,2.97,12.23,6.22,5.22,8.05,2.009,303
2020-12-14T00:00:00.000Z,3.35,35.38,7.32,5.77,14.02,7.77,289
2020-12-15T00:00:00.000Z,8.43,47.58,27.83,19.95,36.53,10.894,307
2020-12-16T00:00:00.000Z,7.35,28.25,14.57,12.57,18.82,4.785,311
2020-12-17T00:00:00.000Z,4.18,38.35,15.59,8.82,22.22,8.248,280
2020-12-18T00:00:00.000Z,3.15,47.8,14.02,5.97,36.38,15.594,307
2020-12-19T00:00:00.000Z,9.13,45.83,20.94,17,29,8.529,290
2020-12-20T00:00:00.000Z,23.15,52.1,29.14,27.04,34.96,5.596,304
2020-12-21T00:00:00.000Z,3.08,42.63,8.63,6.35,31.4,13.472,297
2020-12-22T00:00:00.000Z,0.75,10.02,3.45,2.1,4.78,2.096,283
2020-12-23T00:00:00.000Z,1.4,23.38,3.3,2.71,4.54,4.365,309
2020-12-24T00:00:00.000Z,0.45,18.75,1.63,1.05,2.42,2.447,281
2020-12-25T00:00:00.000Z,0.3,25.33,1,0.56,2.72,3.096,310
2020-12-26T00:00:00.000Z,0.8,17.42,2.04,1.6,6.2,3.58,298
2020-12-27T00:00:00.000Z,1.02,16.6,3.67,1.9,10.85,4.804,302
2020-12-28T00:00:00.000Z,3.03,17.55,9.99,8.55,12.26,2.827,296
2020-12-29T00:00:00.000Z,6.65,20.58,14.23,9.49,16.47,3.925,288
2020-12-30T00:00:00.000Z,1.05,26.42,12.55,7.82,15.7,6.655,293
2020-12-31T00:00:00.000Z,0.9,71.06,3.96,2.13,6.7,7.969,310
2021-01-01T00:00:00.000Z,6.65,41.13,14.95,11.13,18.95,6.815,301
2021-01-02T00:00:00.000Z,5.47,33.35,11.63,9.75,15.76,3.83,273
2021-01-03T00:00:00.000Z,0.82,23.63,2.2,1.4,3.78,2.162,284
2021-01-04T00:00:00.000Z,0.6,5.05,1.4,1.02,2.95,1.154,280
2021-01-05T00:00:00.000Z,1.7,7.7,3.15,2.7,3.6,0.778,269
2021-01-06T00:00:00.000Z,0.98,6.93,2.27,1.75,4.22,1.517,271
2021-01-07T00:00:00.000Z,4.34,10.65,5.65,5.25,6.1,0.794,274
2021-01-08T00:00:00.000Z,2.97,12.35,4.95,4.38,6.02,1.41,289
2021-01-09T00:00:00.000Z,2.67,13.18,7.65,6.18,9.13,1.971,286
2021-01-10T00:00:00.000Z,1.02,10.65,3.88,2.5,5.35,1.888,282
2021-01-11T00:00:00.000Z,0.5,8.02,3.76,2.6,4.7,1.437,262
2021-01-12T00:00:00.000Z,0.38,13.48,1.27,0.97,2,1.802,273
2021-01-13T00:00:00.000Z,0.6,7.4,2.29,1.87,4.09,1.584,265
2021-01-14T00:00:00.000Z,1.38,10.8,4.55,3.6,5.65,1.802,266
2021-01-15T00:00:00.000Z,3.1,22.27,4.8,4.2,5.5,2.065,286
2021-01-16T00:00:00.000Z,3.1,14.07,4.9,4,5.88,1.955,268
2021-01-17T00:00:00.000Z,3.4,8.8,6.18,4.84,6.8,1.165,251
2021-01-18T00:00:00.000Z,6.43,39.42,20.07,13.05,27.8,8.582,238
2021-01-19T00:00:00.000Z,2.1,26.98,8.82,6.28,18.89,6.882,215
2021-01-20T00:00:00.000Z,0.3,41.95,8.82,3.45,22.46,11.739,269
2021-01-21T00:00:00.000Z,2.1,25.83,3.97,3.45,4.8,3.529,244
2021-01-22T00:00:00.000Z,0.7,6.68,3.47,2.66,4.07,1.189,261
2021-01-23T00:00:00.000Z,3,12.5,4.34,3.78,7.4,2.452,262
2021-01-24T00:00:00.000Z,6.43,21.42,15.3,10.82,17.02,3.793,279
2021-01-25T00:00:00.000Z,1.4,20.67,7.49,3.67,15.5,5.893,242
2021-01-26T00:00:00.000Z,0.85,12.32,2.54,1.82,3.99,2.198,276
2021-01-27T00:00:00.000Z,2.25,52.05,15.25,10.05,17.42,6.116,247
2021-01-28T00:00:00.000Z,0.85,7.7,3.51,2.04,4.2,1.32,294
2021-01-29T00:00:00.000Z,1.52,16.95,3.3,2.7,4.5,1.763,276
2021-01-30T00:00:00.000Z,0.5,53.67,6.7,4.19,7.84,5.378,265
2021-01-31T00:00:00.000Z,1.67,14.82,5,3.95,7.11,2.487,277
2021-02-01T00:00:00.000Z,1.23,15.65,7.25,5.72,10.18,3.558,231
2021-02-02T00:00:00.000Z,2.6,14.85,6.32,4.82,7.9,2.085,251
2021-02-03T00:00:00.000Z,4.09,16.7,5.5,5.07,6.12,1.448,252
2021-02-04T00:00:00.000Z,2.38,6.82,4.18,3.53,4.97,0.965,274
2021-02-05T00:00:00.000Z,2.29,13.77,4.05,3.34,6.3,1.933,240
2021-02-06T00:00:00.000Z,1.8,9.1,4.4,2.99,6.15,1.916,249
2021-02-07T00:00:00.000Z,1.02,9.63,2.25,1.6,2.79,1.074,241
2021-02-08T00:00:00.000Z,0.8,28.4,1.55,1.3,2.33,2.353,257
2021-02-09T00:00:00.000Z,0.7,9.07,1.3,1.1,1.6,0.939,250
2021-02-10T00:00:00.000Z,0.5,8.82,1.35,1,2.29,1.306,243
2021-02-11T00:00:00.000Z,0.5,20.58,1.3,0.92,1.95,1.811,241
2021-02-12T00:00:00.000Z,1.52,18.89,2.7,2.2,3.78,2.489,275
2021-02-13T00:00:00.000Z,1.1,21.83,2.89,2,3.92,2.946,258
2021-02-14T00:00:00.000Z,1.7,39.35,7.65,4.34,9.91,4.584,241
2021-02-15T00:00:00.000Z,1.65,15.05,3.4,2.69,6.47,3.48,252
2021-02-16T00:00:00.000Z,2.67,17.8,12.13,10,14.49,3.446,237
2021-02-17T00:00:00.000Z,8.48,27.15,15.84,14.43,17.27,4.531,238
2021-02-18T00:00:00.000Z,9.75,26.4,15.23,13.18,19.38,4.041,263
2021-02-19T00:00:00.000Z,8.4,36.15,17.92,13.5,22.52,6.058,243
2021-02-20T00:00:00.000Z,6.28,23.45,8.51,7.74,10.16,4.515,248
2021-02-21T00:00:00.000Z,9.57,40.63,18.5,16.32,22.52,6.527,262
2021-02-22T00:00:00.000Z,9.57,47.65,19.55,15.25,38.53,11.681,219
2021-02-23T00:00:00.000Z,7.65,82.68,30.1,14.8,41.92,21.619,231
2021-02-24T00:00:00.000Z,6.07,69.97,20.6,9.25,52.8,21.491,239
2021-02-25T00:00:00.000Z,4.22,18.89,12.41,5.68,14.87,4.491,236
2021-02-26T00:00:00.000Z,1.35,22.75,4.23,2.87,5.8,2.491,228
2021-02-27T00:00:00.000Z,0.6,22.83,2.4,1.6,9.65,6.25,266
2021-02-28T00:00:00.000Z,0.9,14.1,6.95,4.75,8.85,2.662,262
2021-03-01T00:00:00.000Z,3.85,14.4,6.45,5.53,9.55,2.592,241
2021-03-02T00:00:00.000Z,3.6,26.95,7.68,5.96,15.73,5.688,253
2021-03-03T00:00:00.000Z,8.3,29.77,16.89,14.19,20.14,3.958,236
2021-03-04T00:00:00.000Z,0.28,21.95,1.09,0.77,1.75,3.274,234
2021-03-05T00:00:00.000Z,0.4,4.72,1,0.8,1.3,0.684,256
2021-03-06T00:00:00.000Z,0.9,14.5,5,2.6,6.15,2.252,246
2021-03-07T00:00:00.000Z,0.2,8,0.9,0.5,1.88,2.277,270
2021-03-08T00:00:00.000Z,0.4,4.25,0.95,0.7,1.45,0.623,247
2021-03-09T00:00:00.000Z,0.82,8.55,3.8,2.29,4.59,1.713,257
2021-03-10T00:00:00.000Z,0.7,10.38,3.8,1.8,4.68,1.892,234
2021-03-11T00:00:00.000Z,3.38,42.35,13.05,8.77,18.67,8.461,247
2021-03-12T00:00:00.000Z,2.08,8.69,5.03,4.15,6.43,1.432,215
2021-03-13T00:00:00.000Z,2.08,6.95,4.92,3.6,5.55,1.179,218
2021-03-14T00:00:00.000Z,1.65,9.19,3.72,3.2,4.68,1.351,214
2021-03-15T00:00:00.000Z,0.52,10.65,1.9,1.4,4.05,1.923,199
2021-03-16T00:00:00.000Z,0.6,6.88,2.27,1.65,3,1.066,195
2021-03-17T00:00:00.000Z,0.3,4.38,1.49,0.8,2.08,1.03,226
2021-03-18T00:00:00.000Z,0.32,28.45,1.77,1.17,2.35,2.797,242
2021-03-19T00:00:00.000Z,0.35,2.72,0.93,0.77,1.1,0.361,231
2021-03-20T00:00:00.000Z,1.4,14.5,4.13,2.54,5.63,2.503,251
2021-03-21T00:00:00.000Z,0.3,3.28,0.85,0.6,1.2,0.472,237
2021-03-22T00:00:00.000Z,0.52,5.25,1.92,1.4,3.01,1.076,241
2021-03-23T00:00:00.000Z,3.15,15.98,7.9,5.53,11.3,3.347,325
2021-03-24T00:00:00.000Z,11.93,39.17,26.27,21.37,31.54,6.488,237
2021-03-25T00:00:00.000Z,10,30.35,17.5,16.07,20.2,3.537,231
2021-03-26T00:00:00.000Z,9.4,61.97,28.49,23.85,40.78,11.148,250
2021-03-27T00:00:00.000Z,0.5,69.5,5.21,3.5,47.35,24.115,274
2021-03-28T00:00:00.000Z,2.4,39.28,6.29,4.19,13.94,10.562,180
2021-03-29T00:00:00.000Z,9.38,25.5,16.98,14.23,18.92,3.42,199
2021-03-30T00:00:00.000Z,4.32,23.27,7,5.84,11.04,4.985,224
2021-03-31T00:00:00.000Z,0.2,35.04,21.3,17.98,25.65,9.516,197
2021-04-01T00:00:00.000Z,0.2,5.5,0.9,0.6,1.55,0.715,180
2021-04-02T00:00:00.000Z,0.3,10.27,1.89,0.8,4.72,2.627,206
2021-04-03T00:00:00.000Z,0.3,4.97,0.82,0.5,1.21,0.585,212
2021-04-04T00:00:00.000Z,1.02,14.25,5.09,3.23,8.1,3.616,213
2021-04-05T00:00:00.000Z,0.5,4.34,1,0.7,1.58,0.559,183
2021-04-06T00:00:00.000Z,0.4,2.1,0.82,0.68,1.05,0.282,245
2021-04-07T00:00:00.000Z,0.4,9.8,0.8,0.65,1.2,1.01,167
2021-04-08T00:00:00.000Z,0.45,10.07,1.33,0.98,2.47,2.478,195
2021-04-09T00:00:00.000Z,1.1,12.93,3.5,2.83,4.45,3.019,191
2021-04-10T00:00:00.000Z,0.9,3.55,1.88,1.63,2.1,0.385,171
2021-04-11T00:00:00.000Z,0.7,4.28,1.8,1.23,2.27,0.69,141
2021-04-12T00:00:00.000Z,0.3,10.88,1.08,0.72,1.39,1.995,136
2021-04-13T00:00:00.000Z,0.2,4.7,0.77,0.6,1.14,0.932,139
2021-04-14T00:00:00.000Z,0.2,87.38,0.9,0.5,1.12,7.967,135
2021-04-15T00:00:00.000Z,0.43,2.4,1.2,0.84,1.41,0.373,125
2021-04-16T00:00:00.000Z,0.7,2.47,1.35,1.1,1.65,0.38,121
2021-04-17T00:00:00.000Z,0.9,2.4,1.33,1.15,1.58,0.295,152
2021-04-18T00:00:00.000Z,0.73,2.6,1.42,1.2,1.7,0.402,135
2021-04-19T00:00:00.000Z,0.9,2.88,1.7,1.45,1.98,0.394,130
2021-04-20T00:00:00.000Z,1.4,21.88,2.22,1.9,2.5,2.452,132
2021-04-21T00:00:00.000Z,0.2,28.48,1.5,0.6,3.38,8.17,123
2021-04-22T00:00:00.000Z,0.3,2.85,0.9,0.6,1.27,0.446,122
2021-04-23T00:00:00.000Z,0.2,3.88,0.6,0.5,1.75,1.012,111
2021-04-24T00:00:00.000Z,0.2,4.47,0.6,0.4,0.73,0.803,131
2021-04-25T00:00:00.000Z,0.3,1.73,0.5,0.4,0.6,0.214,160
2021-04-26T00:00:00.000Z,0.3,2.5,0.65,0.5,0.82,0.299,136
2021-04-27T00:00:00.000Z,0.4,2.25,0.9,0.7,1.23,0.409,128
2021-04-28T00:00:00.000Z,0.82,2.72,1.3,1.1,1.52,0.347,132
2021-04-29T00:00:00.000Z,1.12,6.05,1.95,1.62,2.72,1.115,120
2021-04-30T00:00:00.000Z,0.8,2.6,1.3,1.1,1.67,0.362,106
2021-05-01T00:00:00.000Z,0.7,6.18,2.5,1.52,3.67,1.362,139
2021-05-02T00:00:00.000Z,1.58,9.3,3.53,2.21,4.3,1.476,136
2021-05-03T00:00:00.000Z,0.8,8.94,2.45,1.5,3.22,1.25,126
2021-05-04T00:00:00.000Z,1.6,14.3,7.19,3.91,10.44,3.757,124
2021-05-05T00:00:00.000Z,0.4,4.95,1.27,0.7,1.88,0.912,124
2021-05-06T00:00:00.000Z,0.25,5.07,1.85,0.9,2.5,0.978,115
2021-05-07T00:00:00.000Z,1.4,5.9,3.21,2.5,3.85,1,122
2021-05-08T00:00:00.000Z,1.4,5.8,2.84,2.04,3.88,1.119,132
2021-05-09T00:00:00.000Z,1.73,35.95,7.5,3.1,11.63,8.81,142
2021-05-10T00:00:00.000Z,3.13,19.05,5.34,4.43,6.45,2.551,134
2021-05-11T00:00:00.000Z,1.08,31.9,3.33,2.1,11.11,7.497,124
2021-05-12T00:00:00.000Z,2.38,11,5.97,4.63,8.23,2.295,117
2021-05-13T00:00:00.000Z,2.33,26.63,9.65,7.9,11.13,5.12,147
2021-05-14T00:00:00.000Z,5.28,32.83,11.18,8.73,16.02,5.684,134
2021-05-15T00:00:00.000Z,1,10.07,5.32,4.09,6.95,2.04,147
2021-05-16T00:00:00.000Z,0.82,10.85,4.59,2.8,6.7,2.613,148
2021-05-17T00:00:00.000Z,1.55,33.58,9.25,5.15,11.64,6.833,133
2021-05-18T00:00:00.000Z,2.25,13.27,5.28,3.82,6.37,2.153,116
2021-05-19T00:00:00.000Z,1.42,7.3,4.54,3.3,5.88,1.594,148
2021-05-20T00:00:00.000Z,1.3,3.63,2.1,1.8,2.35,0.45,155
2021-05-21T00:00:00.000Z,0.6,5,3,2.5,3.65,0.879,143
2021-05-22T00:00:00.000Z,0.77,3.8,1.98,1.6,2.57,0.662,121
2021-05-23T00:00:00.000Z,0.9,9.73,3.19,2.45,4.07,2.015,164
2021-05-24T00:00:00.000Z,0.75,6.5,1.2,1,2.2,1.255,151
2021-05-25T00:00:00.000Z,1.2,4.59,2.08,1.8,2.78,0.742,165
2021-05-26T00:00:00.000Z,0.56,9.77,1.4,0.93,2.33,1.361,167
2021-05-27T00:00:00.000Z,0.6,4.34,1.63,1.27,2.42,0.862,155
2021-05-28T00:00:00.000Z,1.1,12.88,2.89,2.1,8.35,3.504,158
2021-05-29T00:00:00.000Z,1.7,14.7,4.47,3.21,10.06,3.866,141
2021-05-30T00:00:00.000Z,1.85,6.9,4.05,2.95,5.27,1.372,172
2021-05-31T00:00:00.000Z,4.84,23.02,10.64,9.5,11.8,2.566,136
2021-06-01T00:00:00.000Z,0.82,22.05,1.75,1.29,12.44,6.608,177
2021-06-02T00:00:00.000Z,2.1,7.3,3.04,2.67,3.9,1.382,166
2021-06-03T00:00:00.000Z,1.9,4.9,2.8,2.52,3.14,0.523,148
2021-06-04T00:00:00.000Z,1.88,5.78,2.88,2.4,3.57,0.885,161
2021-06-05T00:00:00.000Z,2.72,9.55,4,3.3,5.75,1.905,161
2021-06-06T00:00:00.000Z,2.1,11.9,4.22,2.9,9,3.197,197
2021-06-07T00:00:00.000Z,0.6,41,9.56,3.83,18.98,10.51,330
2021-06-08T00:00:00.000Z,1.7,13.38,5.54,3.95,6.67,2.545,244
2021-06-09T00:00:00.000Z,1.65,33.53,4.57,2.44,12.16,8.944,268
2021-06-10T00:00:00.000Z,1.9,22.8,13.07,5.88,17.3,5.957,178
2021-06-11T00:00:00.000Z,4.4,42.63,8.51,7.05,15,9.086,182
2021-06-12T00:00:00.000Z,1.63,7.3,4.38,3.88,4.93,1.158,163
2021-06-13T00:00:00.000Z,0.5,13.5,1.89,0.9,4.75,2.797,164
2021-06-14T00:00:00.000Z,1.58,16.23,5.77,4.28,6.72,3.176,198
2021-06-15T00:00:00.000Z,1.38,7.2,2.83,2.35,3.4,0.726,203
2021-06-16T00:00:00.000Z,1.08,3.7,2.29,1.9,2.6,0.502,172
2021-06-17T00:00:00.000Z,1.05,7.75,3.51,2.6,5.63,1.92,242
2021-06-18T00:00:00.000Z,1.9,24.1,5.74,2.75,12.25,5.757,246
2021-06-19T00:00:00.000Z,2.85,15.68,5.3,4.3,10.88,3.474,283
2021-06-20T00:00:00.000Z,1.05,19.73,6.78,4,8.69,4.13,305
2021-06-21T00:00:00.000Z,0.7,7.05,2.33,1.8,4.93,1.713,274
2021-06-22T00:00:00.000Z,1.6,7.8,4.38,3.1,5.45,1.511,226
2021-06-23T00:00:00.000Z,0.5,6.35,1.85,1.15,3.79,1.598,277
2021-06-24T00:00:00.000Z,2.95,10.05,5.65,5,6.5,1.17,262
2021-06-25T00:00:00.000Z,1.3,9.94,4.43,2.36,5.35,1.715,301
2021-06-26T00:00:00.000Z,1.12,13.43,7.6,4.68,9.93,3.239,311
2021-06-27T00:00:00.000Z,2.5,13.93,5.4,4.53,7.32,2.429,310
2021-06-28T00:00:00.000Z,5.13,11.32,8.1,7.31,8.89,1.107,292
2021-06-29T00:00:00.000Z,5.88,19.27,10.24,8.93,12.18,3.373,324
2021-06-30T00:00:00.000Z,4.82,21.45,8.01,7.18,15.5,4.769,296
2021-07-01T00:00:00.000Z,1.48,7.8,2.67,2.29,3.99,1.381,261
2021-07-02T00:00:00.000Z,2.63,15.13,5.01,3.38,8.63,3.488,254
2021-07-03T00:00:00.000Z,3.15,16.45,4.75,4.22,8.25,4.184,331
2021-07-04T00:00:00.000Z,3.45,15.27,7.07,5.93,8.77,2.07,323
2021-07-05T00:00:00.000Z,3.47,12.85,5.93,4.68,8.68,2.118,263
2021-07-06T00:00:00.000Z,1.2,12.57,2.67,2.04,3.62,2.778,309
2021-07-07T00:00:00.000Z,1.45,4.07,2.5,2.15,2.83,0.504,272
2021-07-08T00:00:00.000Z,1,6.57,2.38,1.76,2.93,1.207,289
2021-07-09T00:00:00.000Z,1.25,10.73,3.44,2.31,4.9,2.349,332
2021-07-10T00:00:00.000Z,1.63,11.45,4.3,3.1,6.06,1.737,328
2021-07-11T00:00:00.000Z,1.2,3.67,2.6,2.02,2.97,0.544,358
2021-07-12T00:00:00.000Z,1.08,23.7,2.58,1.6,3.25,1.645,265
2021-07-13T00:00:00.000Z,3.03,17.39,5.28,4,8.4,2.591,239
2021-07-14T00:00:00.000Z,8.19,48.65,19.84,14.5,27.41,9.15,260
2021-07-15T00:00:00.000Z,4.47,36.95,10.43,6.37,21.91,8.483,317
2021-07-16T00:00:00.000Z,4.09,14.75,9.16,6.05,13.38,3.361,278
2021-07-17T00:00:00.000Z,1.1,11.45,4.54,3.78,8.77,2.675,326
2021-07-18T00:00:00.000Z,0.9,6.1,2.6,2,3.45,1.139,280
2021-07-19T00:00:00.000Z,0.3,6.88,0.6,0.5,4.8,2.291,247
2021-07-20T00:00:00.000Z,1.58,12.25,3.67,3.17,5.39,1.796,269
2021-07-21T00:00:00.000Z,2.83,6.85,4.7,4.28,5.13,0.709,299
2021-07-22T00:00:00.000Z,3.08,10.19,5,4.13,6.17,1.475,248
2021-07-23T00:00:00.000Z,6.38,16.5,10.84,8.3,12.4,2.502,298
2021-07-24T00:00:00.000Z,3.05,14.85,4.07,3.75,5.24,3.323,289
2021-07-25T00:00:00.000Z,1,7.15,3.8,2.29,5.4,1.653,327
2021-07-26T00:00:00.000Z,2.1,13.45,6.7,2.97,10.57,3.607,327
2021-07-27T00:00:00.000Z,6.95,23.13,12.25,11.35,12.9,2.499,298
2021-07-28T00:00:00.000Z,2.22,17.3,7,5.82,8.13,3.023,355
2021-07-29T00:00:00.000Z,0.73,14.75,3.17,2.2,6.65,3.309,302
2021-07-30T00:00:00.000Z,2.5,6.95,4.13,3.35,4.55,0.789,247
2021-07-31T00:00:00.000Z,1.4,9.38,4.43,2.66,5.95,2.078,261
2021-08-01T00:00:00.000Z,0.85,3.58,1.8,1.48,2.13,0.476,262
2021-08-02T00:00:00.000Z,0.5,5.35,1.27,0.8,2.8,1.389,247
2021-08-03T00:00:00.000Z,0.9,4.47,1.67,1.4,2,0.598,264
2021-08-04T00:00:00.000Z,1.14,5.22,2,1.6,3.2,0.976,223
2021-08-05T00:00:00.000Z,1.4,8.43,2.75,1.92,5.2,1.751,263
2021-08-06T00:00:00.000Z,0.6,3.3,1.25,1.02,1.83,0.671,323
2021-08-07T00:00:00.000Z,0.43,3.05,1.2,1,1.63,0.494,321
2021-08-08T00:00:00.000Z,0.95,12.18,2.5,2,3.76,1.287,292
2021-08-09T00:00:00.000Z,1.77,7.43,3.72,3,5,1.332,229
2021-08-10T00:00:00.000Z,1.38,11.25,4.84,3.39,7.86,2.614,308
2021-08-11T00:00:00.000Z,0.95,16.1,3.19,2.17,10.07,4.308,236
2021-08-12T00:00:00.000Z,1.52,10.85,4.82,3.2,6.85,2.254,299
2021-08-13T00:00:00.000Z,2.13,52.58,5.85,4.13,14.43,11.24,534
2021-08-14T00:00:00.000Z,2.22,7.85,3.55,3.15,4.2,1.062,448
2021-08-15T00:00:00.000Z,1.5,4.7,2.9,2.22,3.3,0.694,463
2021-08-16T00:00:00.000Z,0.8,8.4,3.95,2.21,5.09,1.828,525
2021-08-17T00:00:00.000Z,0.55,8.63,2.5,1.5,5.13,2.103,555
2021-08-18T00:00:00.000Z,0.8,28.77,2.8,1.67,3.42,1.709,459
2021-08-19T00:00:00.000Z,0.73,4.93,1.55,1.23,2.29,1.046,547
2021-08-20T00:00:00.000Z,0.5,5.8,1.7,1.08,2.84,1.134,517
2021-08-21T00:00:00.000Z,1.2,9.02,2.72,1.95,4.71,1.45,560
2021-08-22T00:00:00.000Z,1.35,8.07,2.58,1.92,4.17,1.392,521
2021-08-23T00:00:00.000Z,1.3,31.02,2.2,1.8,3.62,2.459,556
2021-08-24T00:00:00.000Z,1.58,5.63,3.15,2.58,3.78,0.859,542
2021-08-25T00:00:00.000Z,0.1,9.5,2.25,0.3,4.84,2.776,536
2021-08-26T00:00:00.000Z,0.1,3.47,0.9,0.6,1.25,0.842,393
2021-08-27T00:00:00.000Z,0.4,5.3,2,1.2,2.7,0.938,430
2021-08-28T00:00:00.000Z,0.8,6.82,3.53,2.25,5.03,1.576,371
2021-08-29T00:00:00.000Z,3.75,9.77,6.7,5.95,8,1.317,394
2021-08-30T00:00:00.000Z,2.67,11.7,4.78,3.53,8.77,2.636,531
2021-08-31T00:00:00.000Z,2.95,7.47,4.55,3.88,5.88,1.097,537
2021-09-01T00:00:00.000Z,3.47,22.2,4.88,4.3,5.88,3.278,526
2021-09-02T00:00:00.000Z,0.6,22.3,12.65,9.47,14.3,5.019,524
2021-09-03T00:00:00.000Z,0.77,11,3.8,1.52,7.03,2.679,551
2021-09-04T00:00:00.000Z,0.5,2.29,1.2,1,1.45,0.316,544
2021-09-05T00:00:00.000Z,0.6,2.4,1.4,1,1.63,0.385,471
2021-09-06T00:00:00.000Z,0.77,12.25,2.13,1.5,2.54,2.155,468
2021-09-07T00:00:00.000Z,6.3,56.97,12.45,10.13,23.65,12.21,455
2021-09-08T00:00:00.000Z,6.03,60.58,25.96,11.25,40.45,15.931,578
2021-09-09T00:00:00.000Z,10.15,59,26.15,19.98,34.28,12.114,503
2021-09-10T00:00:00.000Z,5.9,76.88,18.45,8.53,25.64,17.327,572
2021-09-11T00:00:00.000Z,1.23,91.38,22.65,4.9,53.42,26.694,575
2021-09-12T00:00:00.000Z,1.73,39.83,5.25,4.05,12.71,10.588,572
2021-09-13T00:00:00.000Z,0.4,10.07,0.9,0.7,1.4,2.13,572
2021-09-14T00:00:00.000Z,0.93,7.32,2.34,1.8,3.67,1.244,580
2021-09-15T00:00:00.000Z,1,4.9,1.7,1.4,3.1,0.994,574
2021-09-16T00:00:00.000Z,0.4,13.5,1,0.8,1.55,0.885,571
2021-09-17T00:00:00.000Z,0.5,8.88,3.58,2.47,5.43,1.851,569
2021-09-18T00:00:00.000Z,2.45,7.22,3.53,3.15,5.82,1.363,579
2021-09-19T00:00:00.000Z,1.1,8,2.42,2,3.2,0.86,572
2021-09-20T00:00:00.000Z,1.6,10.32,4.72,4.01,5.9,1.303,577
2021-09-21T00:00:00.000Z,2.04,42.25,6.4,3.35,7.88,3.885,574
2021-09-22T00:00:00.000Z,3.05,24.17,5.05,4.4,6.6,1.623,569
2021-09-23T00:00:00.000Z,0.55,19.1,2.7,1.4,7.18,4.253,575
2021-09-24T00:00:00.000Z,0.47,10.85,2.66,1,5.53,2.628,578
2021-09-25T00:00:00.000Z,0.5,16,2.75,1.42,4.82,2.424,578
2021-09-26T00:00:00.000Z,1,5.3,2.29,1.77,3.15,0.831,567
2021-09-27T00:00:00.000Z,1.27,8.25,4.15,2.6,5.47,1.69,550
2021-09-28T00:00:00.000Z,1.48,57.97,3.34,2.45,5.79,4.122,572
2021-09-29T00:00:00.000Z,1,18.73,4.59,2.67,13.15,5.589,562
2021-09-30T00:00:00.000Z,0.4,19.38,2.13,0.9,11.17,5.679,561
2021-10-01T00:00:00.000Z,1.6,10.65,5.18,3.85,6.47,1.707,562
2021-10-02T00:00:00.000Z,2.7,25.95,9.94,5.85,14.29,6.192,569
2021-10-03T00:00:00.000Z,0.8,31.33,15.8,12.27,18.48,6.22,567
2021-10-04T00:00:00.000Z,1.08,7.4,3.95,3.3,4.67,1.351,573
2021-10-05T00:00:00.000Z,0.63,18.73,3.9,2.2,6.44,3.362,584
2021-10-06T00:00:00.000Z,0.63,19.02,7.7,2.1,11.13,4.654,577
2021-10-07T00:00:00.000Z,5.7,25.73,12.44,10.02,15.74,4.523,576
2021-10-08T00:00:00.000Z,8.88,59.63,22,14.4,29.58,12.787,571
2021-10-09T00:00:00.000Z,7.63,63.58,28.42,16.52,36.13,13.271,567
2021-10-10T00:00:00.000Z,2.04,57.85,9.82,7.32,15.75,10.493,575
2021-10-11T00:00:00.000Z,0.4,10.93,1.2,0.73,2.1,1.02,578
2021-10-12T00:00:00.000Z,0.2,3.5,0.6,0.47,0.85,0.318,582
2021-10-13T00:00:00.000Z,0.3,3.3,0.9,0.7,1.25,0.449,573
2021-10-14T00:00:00.000Z,0.8,15.25,3.84,2.29,5.2,3.017,574
2021-10-15T00:00:00.000Z,0.2,12.23,1.45,0.6,2.15,1.888,579
2021-10-16T00:00:00.000Z,0.8,5.57,2.65,2.15,3.1,0.681,572
2021-10-17T00:00:00.000Z,0.3,3.33,0.98,0.7,1.3,0.604,570
2021-10-18T00:00:00.000Z,0.35,5.53,1.3,0.8,1.7,0.656,557
2021-10-19T00:00:00.000Z,0.5,87.43,20.2,9.1,28.58,15.779,579
2021-10-20T00:00:00.000Z,2.52,50.08,16.8,3.78,25.99,12.555,557
2021-10-21T00:00:00.000Z,0.32,16.13,1.4,1,3.03,1.241,571
2021-10-22T00:00:00.000Z,0.4,8.35,1,0.8,1.52,0.866,574
2021-10-23T00:00:00.000Z,0.2,7.03,0.7,0.5,1.51,0.876,573
2021-10-24T00:00:00.000Z,0.68,11.02,3.7,2.54,6.47,2.466,570
2021-10-25T00:00:00.000Z,3.45,56.75,11.8,9.19,34.36,15.522,569
2021-10-26T00:00:00.000Z,1.6,26.92,3.2,2.65,8.88,7.298,539
2021-10-27T00:00:00.000Z,4.34,35.17,15.4,11.95,19.57,5.14,459
2021-10-28T00:00:00.000Z,2.52,42.3,16.32,10.7,24.01,9.988,549
2021-10-29T00:00:00.000Z,8.05,46.05,28.6,13.02,39.88,13.083,567
2021-10-30T00:00:00.000Z,8.07,65.4,30.98,23.31,37.22,13.532,576
2021-10-31T00:00:00.000Z,2.9,86.72,7.8,5.05,29.3,18.079,574
2021-11-01T00:00:00.000Z,4.25,36.28,14.6,7.25,26.35,10.221,506
2021-11-02T00:00:00.000Z,3.63,17.39,9.28,6.47,12.6,3.6,538
2021-11-03T00:00:00.000Z,3.92,35.13,12.82,8.18,19.8,7.565,573
2021-11-04T00:00:00.000Z,2.27,43.03,21.75,11.32,35.7,12.04,571
2021-11-05T00:00:00.000Z,0.38,33.4,1.45,0.9,2.1,2.504,578
2021-11-06T00:00:00.000Z,1.9,13.48,4.18,3.15,5.27,2.029,569
2021-11-07T00:00:00.000Z,0.2,69.93,2.89,0.81,5.04,3.672,564
2021-11-08T00:00:00.000Z,0.3,4.9,0.82,0.6,1.34,0.806,473
2021-11-09T00:00:00.000Z,1.27,48.83,7.25,3.35,32.17,14.574,558
2021-11-10T00:00:00.000Z,2.13,21.35,4.46,3.25,13.23,5.084,556
2021-11-11T00:00:00.000Z,1.52,8.69,2.92,2.41,3.41,0.887,540
2021-11-12T00:00:00.000Z,1.08,5.6,3.08,1.92,3.42,0.838,503
2021-11-13T00:00:00.000Z,1.4,8.23,4.75,3.67,5.78,1.485,559
2021-11-14T00:00:00.000Z,0.7,5.45,2.02,1.5,3.38,1.088,554
2021-11-15T00:00:00.000Z,1.83,27.58,5.55,3.6,10.5,4.878,557
2021-11-16T00:00:00.000Z,11.05,55.78,18.32,14.26,24.33,7.355,549
2021-11-17T00:00:00.000Z,1.52,20.39,3.25,2.47,12.23,5.53,425
2021-11-18T00:00:00.000Z,1.02,11.48,4.05,1.82,5.42,2.043,528
2021-11-19T00:00:00.000Z,2.52,14.35,7.53,5.82,9.61,2.557,521
2021-11-20T00:00:00.000Z,0.2,28.6,3.58,1.1,5.24,3.904,541
2021-11-21T00:00:00.000Z,0.2,10.5,0.72,0.52,1.08,1.321,570
2021-11-22T00:00:00.000Z,0.5,7.53,1.3,1,1.76,0.915,560
2021-11-23T00:00:00.000Z,0.5,14.6,1.6,1.17,2.45,1.569,562
2021-11-24T00:00:00.000Z,0.7,4.22,2.27,1.51,2.72,0.729,565
2021-11-25T00:00:00.000Z,0.47,4.7,1.73,1.25,2.1,0.789,573
2021-11-26T00:00:00.000Z,0.4,3,1.23,1,1.55,0.528,576
2021-11-27T00:00:00.000Z,0.4,6.1,2.85,1.2,3.63,1.434,561
2021-11-28T00:00:00.000Z,1.8,5.4,2.95,2.5,3.47,0.63,559
2021-11-29T00:00:00.000Z,1.65,12.27,3.1,2.6,4.3,1.506,570
2021-11-30T00:00:00.000Z,1.05,5.63,2.6,1.82,3.3,1.071,552
2021-12-01T00:00:00.000Z,0.6,6.45,2.13,1.37,3.04,1.15,549
2021-12-02T00:00:00.000Z,0.5,12.63,1.5,1.12,1.98,1.116,548
2021-12-03T00:00:00.000Z,0.7,12.45,2.67,2.33,3.05,0.978,243
2021-12-04T00:00:00.000Z,1.17,7.6,2.38,2,4.13,1.512,529
2021-12-05T00:00:00.000Z,1.83,16.3,3,2.52,3.35,0.925,548
2021-12-06T00:00:00.000Z,1.12,10.18,3.22,2.7,3.64,0.937,565
2021-12-07T00:00:00.000Z,0.85,7.03,1.73,1.3,2.54,0.857,555
2021-12-08T00:00:00.000Z,1.92,23.27,11.05,3.69,17.79,6.559,553
2021-12-09T00:00:00.000Z,3.42,19.75,6.87,5.31,15.87,5.218,560
2021-12-10T00:00:00.000Z,4.78,30.17,15.93,10.05,21.6,7.123,539
2021-12-11T00:00:00.000Z,9.93,45,27.1,25.09,31.78,6.667,561
2021-12-12T00:00:00.000Z,12.4,28.02,19.05,16.16,22.55,3.664,541
2021-12-13T00:00:00.000Z,9.35,37.42,21.4,18.89,25.25,4.995,531
2021-12-14T00:00:00.000Z,2.95,19.88,5.2,4.63,6.8,2.872,546
2021-12-15T00:00:00.000Z,4.34,19.35,9.13,7.32,11.4,3.59,557
2021-12-16T00:00:00.000Z,4.38,9.02,6.9,6.28,7.4,0.83,549
2021-12-17T00:00:00.000Z,2.4,20.83,4.2,3.53,5.13,1.796,550
2021-12-18T00:00:00.000Z,3.1,11.68,5.13,4.45,6.28,1.553,534
2021-12-19T00:00:00.000Z,0.2,9.44,0.88,0.5,2.13,1.048,550
2021-12-20T00:00:00.000Z,0.3,9.32,1.6,0.9,2.52,1.047,536
2021-12-21T00:00:00.000Z,0.77,5.09,2.1,1.79,2.34,0.51,556
2021-12-22T00:00:00.000Z,0.9,12.8,4.28,3.4,5.92,2.864,553
2021-12-23T00:00:00.000Z,5.2,63.97,17.88,9.5,29.11,12.072,529
2021-12-24T00:00:00.000Z,0.1,42.25,1.1,0.47,2.58,3.9,546
2021-12-25T00:00:00.000Z,0.4,86.5,2.16,1,5.03,6.724,530
2021-12-26T00:00:00.000Z,1.12,114.97,4.8,2.76,7.73,6.156,557
2021-12-27T00:00:00.000Z,1.58,11.6,3.22,2.52,4.88,1.709,572
2021-12-28T00:00:00.000Z,4.75,40.54,21.59,15.77,30.05,9.449,568
2021-12-29T00:00:00.000Z,21.45,43.35,27.88,25.02,36,5.934,567
2021-12-30T00:00:00.000Z,6.5,56.92,18.95,15.63,24.92,9.944,563
2021-12-31T00:00:00.000Z,4.82,497.98,17.17,13.64,24.24,33.831,565
2022-01-01T00:00:00.000Z,1.9,65.93,6.28,4.8,9.49,8.749,569
2022-01-02T00:00:00.000Z,10.9,48.42,25.75,18.98,33.96,8.954,569
2022-01-03T00:00:00.000Z,1.27,17.77,7.78,6.3,9.32,3.339,527
2022-01-04T00:00:00.000Z,1.27,5.32,2.4,2.1,2.72,0.515,563
2022-01-05T00:00:00.000Z,0.47,8.1,1.83,1.25,2.75,1.478,569
2022-01-06T00:00:00.000Z,0.52,51.08,1.45,1.05,2.76,2.817,580
2022-01-07T00:00:00.000Z,1.48,41.08,18.88,5.15,23.88,9.658,575
2022-01-08T00:00:00.000Z,0.93,20.02,2.9,2.15,6.1,3.248,531
2022-01-09T00:00:00.000Z,1.48,10.48,7.97,7.12,8.57,1.763,540
2022-01-10T00:00:00.000Z,4.32,19.64,7.79,6.6,10.05,4.003,530
2022-01-11T00:00:00.000Z,12.85,52.38,27.15,15.27,36.28,11.705,547
2022-01-12T00:00:00.000Z,4.28,25.25,7.43,6.3,11.57,4.356,570
2022-01-13T00:00:00.000Z,4.38,10.73,6.72,5.97,7.47,1.055,563
2022-01-14T00:00:00.000Z,1.45,15.38,2.95,2.5,4.53,2.191,545
2022-01-15T00:00:00.000Z,1.9,14.93,6.13,3.05,7.28,2.562,566
2022-01-16T00:00:00.000Z,2.7,27.98,9.9,5.78,12.42,6.063,564
2022-01-17T00:00:00.000Z,0.7,11.6,1.67,1.35,2.15,1.396,572
2022-01-18T00:00:00.000Z,1.4,13.35,4.09,2.62,5.68,2.105,569
2022-01-19T00:00:00.000Z,0.2,18.45,9.23,5.4,12.57,5.059,551
2022-01-20T00:00:00.000Z,0.2,6.57,0.65,0.5,0.85,0.503,568
2022-01-21T00:00:00.000Z,0.5,18.95,1.82,1.17,2.95,2.248,542
2022-01-22T00:00:00.000Z,0.4,142.1,2.04,1.02,17.98,10.998,556
2022-01-23T00:00:00.000Z,1.92,27.6,9.52,5.05,15,5.695,551
2022-01-24T00:00:00.000Z,1.38,10.9,5.55,3.5,6.84,2.25,565
2022-01-25T00:00:00.000Z,1.7,23.75,3.63,2.66,5.8,4.447,553
2022-01-26T00:00:00.000Z,3.9,19.82,8,6.92,9.74,2.622,521
2022-01-27T00:00:00.000Z,0.4,32.72,6.13,2.47,8.63,3.556,563
2022-01-28T00:00:00.000Z,0.2,4.93,0.73,0.5,2.54,1.284,565
2022-01-29T00:00:00.000Z,2.6,17.8,6.57,4.32,10.22,3.269,565
2022-01-30T00:00:00.000Z,0.52,7.45,1.75,1.2,2.52,1,563
2022-01-31T00:00:00.000Z,0.56,7.85,1.65,1.12,2.5,0.976,567
2022-02-01T00:00:00.000Z,0.63,33.7,1.8,1.3,2.85,2.109,535
2022-02-02T00:00:00.000Z,1.2,21.73,2.7,2.2,3.35,1.968,532
2022-02-03T00:00:00.000Z,1.25,31.15,8.06,4.75,16.27,7.51,534
2022-02-04T00:00:00.000Z,0.6,28.83,3.42,2.1,19.7,9.264,546
2022-02-05T00:00:00.000Z,1.8,6.9,3.5,2.85,4.22,0.949,560
2022-02-06T00:00:00.000Z,0.45,5.5,1.95,1.38,2.72,0.963,567
2022-02-07T00:00:00.000Z,0.8,7.55,2.08,1.6,2.78,1.313,564
2022-02-08T00:00:00.000Z,2.8,10.3,5.65,4.9,6.69,1.396,545
2022-02-09T00:00:00.000Z,2.04,7.95,4.51,3.92,5.22,1.115,530
2022-02-10T00:00:00.000Z,0.4,6.47,2.85,2.33,3.47,0.941,523
2022-02-11T00:00:00.000Z,0.5,7.72,1.3,1,1.65,0.723,542
2022-02-12T00:00:00.000Z,1.6,9.94,3.08,2.6,7.2,2.387,561
2022-02-13T00:00:00.000Z,7.65,49.3,16.75,12.55,28.58,10.666,574
2022-02-14T00:00:00.000Z,1.92,24.17,9.72,5.62,15.57,6.145,576
2022-02-15T00:00:00.000Z,1.55,26.55,3.67,2.97,8.07,6.411,579
2022-02-16T00:00:00.000Z,0.7,12.88,2.5,1.63,4.09,2.132,572
2022-02-17T00:00:00.000Z,0.5,4.7,1.88,1.4,2.47,0.745,577
2022-02-18T00:00:00.000Z,0.3,7.32,3.78,3.1,4.34,1.416,575
2022-02-19T00:00:00.000Z,0.2,12.98,1.38,0.8,2.17,1.796,573
2022-02-20T00:00:00.000Z,0.4,23.2,1.45,1.1,2.17,3.572,574
2022-02-21T00:00:00.000Z,0.4,8.88,1.33,0.95,1.95,1.092,578
2022-02-22T00:00:00.000Z,0.4,4.4,1,0.77,1.6,0.899,584
2022-02-23T00:00:00.000Z,1.38,7.75,4.5,3.42,5.21,1.326,576
2022-02-24T00:00:00.000Z,0.32,9.43,2.22,1.33,3.53,1.832,575
2022-02-25T00:00:00.000Z,0.7,6.05,2.75,2.1,3.17,0.853,578
2022-02-26T00:00:00.000Z,0.63,16.38,1.48,1.2,2.13,1.09,579
2022-02-27T00:00:00.000Z,1.7,9.88,4.19,2.8,5.6,2.118,574
2022-02-28T00:00:00.000Z,2.17,14.1,5.65,3.33,9.38,3.07,577
2022-03-01T00:00:00.000Z,6.3,52.83,16.07,14.24,29.97,11.702,565
2022-03-02T00:00:00.000Z,1.05,63.85,4.75,2.29,10.72,9.536,573
2022-03-03T00:00:00.000Z,0.45,11.13,1.57,1.1,2.29,1.952,574
2022-03-04T00:00:00.000Z,0.3,18.25,1.48,0.9,2.38,1.733,575
2022-03-05T00:00:00.000Z,0.9,6.72,2.1,1.5,3.65,1.439,577
2022-03-06T00:00:00.000Z,0.56,24.13,1.88,1,8.5,5.879,566
2022-03-07T00:00:00.000Z,0.9,31.65,3.75,1.85,10.55,5.167,582
2022-03-08T00:00:00.000Z,2.9,54.3,15.43,12.24,19.59,10.395,569
2022-03-09T00:00:00.000Z,3.08,30.33,12.82,10.07,21.7,7.029,575
2022-03-10T00:00:00.000Z,2.52,12.23,5.6,3.63,7.2,2.304,574
2022-03-11T00:00:00.000Z,1.77,14.15,5.01,2.71,9.63,3.637,572
2022-03-12T00:00:00.000Z,1.67,7.25,3.83,2.75,5.29,1.368,569
2022-03-13T00:00:00.000Z,2.29,10.43,4.53,3.75,6.4,1.777,566
2022-03-14T00:00:00.000Z,3.65,17.1,11.68,8.8,13.1,3.181,573
2022-03-15T00:00:00.000Z,12.55,72.38,26.13,16.76,54.01,18.673,577
2022-03-16T00:00:00.000Z,4.09,59.35,24.05,17.38,30.42,11.864,573
2022-03-17T00:00:00.000Z,4,92.07,26.92,13.77,37.21,23.778,572
2022-03-18T00:00:00.000Z,1.23,16.89,4.3,3.3,6.13,3.021,554
2022-03-19T00:00:00.000Z,0.8,21.98,1.8,1.3,3.44,2.238,576
2022-03-20T00:00:00.000Z,0.56,33.53,2.38,1.7,14.8,7.327,571
2022-03-21T00:00:00.000Z,6.97,20.39,13.6,12.25,14.27,1.782,554
2022-03-22T00:00:00.000Z,12.2,85.05,33.25,21.38,60.8,21.057,579
2022-03-23T00:00:00.000Z,11.98,91.2,39.9,22.38,50.1,18.791,571
2022-03-24T00:00:00.000Z,22.6,83,51.9,38.95,61.13,14.052,559
2022-03-25T00:00:00.000Z,3.6,105.7,11.45,6.75,79.54,37.151,577
2022-03-26T00:00:00.000Z,0.4,22.45,1.27,0.9,2.44,2.057,577
2022-03-27T00:00:00.000Z,0.8,8.4,2.02,1.45,2.99,1.637,569
2022-03-28T00:00:00.000Z,0.4,27,7,1.24,17.23,8.823,580
2022-03-29T00:00:00.000Z,0.3,5.2,0.88,0.63,1.52,0.75,571
2022-03-30T00:00:00.000Z,0.2,5,0.9,0.6,1.52,0.605,574
2022-03-31T00:00:00.000Z,0.4,8.68,1,0.7,1.4,0.77,575
2022-04-01T00:00:00.000Z,0.45,8.4,1.2,0.9,1.73,0.713,568
2022-04-02T00:00:00.000Z,0.4,6.3,1.3,0.8,2.14,0.908,548
2022-04-03T00:00:00.000Z,0.2,11.18,2.2,0.85,3.4,2.464,571
2022-04-04T00:00:00.000Z,0.1,5.13,1.54,0.5,2.6,1.157,578
2022-04-05T00:00:00.000Z,0.2,29.83,1.12,0.73,1.7,2.164,572
2022-04-06T00:00:00.000Z,0.5,21.48,2.6,1.2,4.92,4.186,573
2022-04-07T00:00:00.000Z,0.17,22.42,3.95,1.67,12.38,6.771,579
2022-04-08T00:00:00.000Z,0.4,5.88,1,0.65,1.35,0.471,577
2022-04-09T00:00:00.000Z,0.45,2.95,1.52,0.89,1.9,0.573,556
2022-04-10T00:00:00.000Z,0.82,4.43,1.8,1.55,2.13,0.455,578
2022-04-11T00:00:00.000Z,0.75,4.2,1.48,1.2,1.9,0.516,577
2022-04-12T00:00:00.000Z,0.6,5.3,1.65,1.25,2.63,1.01,579
2022-04-13T00:00:00.000Z,0.55,45.4,5.89,1.38,19.05,9.633,578
2022-04-14T00:00:00.000Z,7.8,90.63,32.6,19.45,55.78,20.709,581
2022-04-15T00:00:00.000Z,0.35,13.4,1.41,1,4.63,3.27,580
2022-04-16T00:00:00.000Z,0.5,10.8,2.1,1.42,4.45,2.298,579
2022-04-17T00:00:00.000Z,2.72,37.42,5.75,4.03,12.38,7.873,575
2022-04-18T00:00:00.000Z,4.13,16.48,8.43,7.47,9.64,2.215,565
2022-04-19T00:00:00.000Z,0.73,11.35,2.29,1.77,3.78,1.531,566
2022-04-20T00:00:00.000Z,0.5,2.33,1.25,1,1.52,0.378,534
2022-04-21T00:00:00.000Z,0.8,7,1.72,1.3,2.4,0.706,570
2022-04-22T00:00:00.000Z,0.8,3.83,1.5,1.3,1.77,0.366,578
2022-04-23T00:00:00.000Z,0.3,10.25,0.88,0.6,1.2,0.624,570
2022-04-24T00:00:00.000Z,0.28,7.97,1.08,0.7,1.38,0.585,567
2022-04-25T00:00:00.000Z,0.9,15.55,1.98,1.5,3.35,1.847,551
2022-04-26T00:00:00.000Z,0.3,18.23,0.98,0.8,2.75,3.681,566
2022-04-27T00:00:00.000Z,0.47,4.84,1.07,0.77,1.35,0.54,556
2022-04-28T00:00:00.000Z,0.22,21.38,1.7,0.73,3.83,2.101,558
2022-04-29T00:00:00.000Z,0.6,11.8,2.7,1.62,5,3.058,564
2022-04-30T00:00:00.000Z,0.3,2.9,0.82,0.6,1.02,0.407,577
2022-05-01T00:00:00.000Z,0.45,10.45,1.35,1,1.88,2.335,559
2022-05-02T00:00:00.000Z,0.73,23,7.2,2.27,10.25,4.997,541
2022-05-03T00:00:00.000Z,0.3,23.05,0.7,0.5,1.58,3.536,565
2022-05-04T00:00:00.000Z,0.38,6.82,2.8,1.3,3.75,1.507,580
2022-05-05T00:00:00.000Z,1.42,22.55,4.09,2.76,6.05,5.142,553
2022-05-06T00:00:00.000Z,1.73,15.88,5.5,3.83,11.4,3.946,571
2022-05-07T00:00:00.000Z,0.9,52.83,3.88,2.58,5.32,5.15,574
2022-05-08T00:00:00.000Z,0.43,6.15,0.9,0.73,1.3,1.115,575
2022-05-09T00:00:00.000Z,0.65,9.32,1.6,1.27,2.33,1.119,565
2022-05-10T00:00:00.000Z,1.2,33.45,10.52,3.43,18.39,8.551,557
2022-05-11T00:00:00.000Z,3.17,36.13,9.09,5.18,16.35,7.575,546
2022-05-12T00:00:00.000Z,1.2,7.57,2.75,2.2,3.63,1.323,507
2022-05-13T00:00:00.000Z,1.3,11.75,3.05,2.45,5.56,2.428,481
2022-05-14T00:00:00.000Z,1.08,11.82,3.78,3.05,4.8,2.122,575
2022-05-15T00:00:00.000Z,0.38,11.1,2.45,0.9,3.5,2.248,571
2022-05-16T00:00:00.000Z,0.3,28.23,0.9,0.56,3.95,6.868,570
2022-05-17T00:00:00.000Z,0.6,10.9,1.2,1.02,1.4,0.646,565
2022-05-18T00:00:00.000Z,0.6,5.53,1.42,1.12,1.9,0.505,567
2022-05-19T00:00:00.000Z,1.9,40.03,13.55,3.2,29.67,12.277,570
2022-05-20T00:00:00.000Z,1.55,17.95,3.7,2.41,5.09,2.032,565
2022-05-21T00:00:00.000Z,0.8,6.38,2.27,1.57,2.7,0.871,565
2022-05-22T00:00:00.000Z,1.6,7.8,3.33,2.4,4.32,1.215,558
2022-05-23T00:00:00.000Z,0.7,10.57,1.4,1.2,2.33,2.268,556
2022-05-24T00:00:00.000Z,1,13.4,5.25,2.6,7,2.736,563
2022-05-25T00:00:00.000Z,0.4,7.45,1.92,1.2,2.8,1.312,563
2022-05-26T00:00:00.000Z,1.88,7.85,3.38,2.97,3.94,0.936,564
2022-05-27T00:00:00.000Z,0.4,3.83,1.8,1.4,2.27,0.654,561
2022-05-28T00:00:00.000Z,1.75,2.52,2.1,1.9,2.33,0.245,16
2022-05-30T00:00:00.000Z,2.35,15.2,6.06,3.7,11.9,4.128,194
2022-05-31T00:00:00.000Z,1.35,19.75,4.07,2.42,10.48,5.509,517
2022-06-01T00:00:00.000Z,1.1,4.5,2.29,1.84,3,0.755,529
2022-06-02T00:00:00.000Z,1.17,16.05,7.57,3.2,9.98,3.678,427
2022-06-03T00:00:00.000Z,2.29,16.05,5.72,3.85,7.78,3.62,460
2022-06-04T00:00:00.000Z,6.1,25.08,10.1,8.4,11.25,4.555,519
2022-06-05T00:00:00.000Z,1.4,25.08,5.4,4.22,10,7.231,549
2022-06-06T00:00:00.000Z,1.1,7.13,4.82,2.38,5.65,1.687,515
2022-06-07T00:00:00.000Z,5.93,12.98,9.82,7.13,11.75,2.266,164
2022-06-11T00:00:00.000Z,2.22,9.85,4.72,4.17,5.46,1.306,205
2022-06-12T00:00:00.000Z,1.35,20.92,4.73,3.28,6.03,1.681,562
2022-06-13T00:00:00.000Z,1.55,9.3,3.54,2.58,5,1.417,550
2022-06-14T00:00:00.000Z,1.52,6.2,2.71,2.29,3.51,0.844,528
2022-06-15T00:00:00.000Z,1.2,4.22,2.5,2.2,2.88,0.537,548
2022-06-16T00:00:00.000Z,1.1,7.6,3.09,2.29,4.05,1.285,548
2022-06-17T00:00:00.000Z,1.27,41.45,7.66,4,14.68,10.87,498
2022-06-18T00:00:00.000Z,1.92,32.42,3.53,2.88,9.88,9.279,539
2022-06-19T00:00:00.000Z,1.12,15.7,2.33,2,2.69,0.912,529
2022-06-20T00:00:00.000Z,0.56,8.3,1.6,1.2,1.98,0.559,534
2022-06-21T00:00:00.000Z,1.6,13.38,3.5,2.88,4.43,2.529,527
2022-06-22T00:00:00.000Z,0.4,7.38,2.84,1.87,4.9,1.718,528
2022-06-23T00:00:00.000Z,3.1,10.52,4.72,3.95,5.94,1.67,520
2022-06-24T00:00:00.000Z,0.93,5.32,3.01,1.65,3.85,1.175,574
2022-06-25T00:00:00.000Z,3.08,9.44,4.45,3.97,5.68,1.49,575
2022-06-26T00:00:00.000Z,4.72,18.13,7.88,6.85,10.6,2.867,574
2022-06-27T00:00:00.000Z,1.3,25.35,8.28,6.63,15.22,5.868,560
2022-06-28T00:00:00.000Z,1.1,8.44,3.08,2,4.5,1.54,551
2022-06-29T00:00:00.000Z,0.7,13.05,1.95,1.4,6.4,3.504,559
2022-06-30T00:00:00.000Z,0.7,4.47,1.3,1.1,2.17,0.918,559
2022-07-01T00:00:00.000Z,0.7,13.52,2.83,1.95,4.84,2.784,569
2022-07-02T00:00:00.000Z,0.7,6.45,2,1.67,2.4,0.602,560
2022-07-03T00:00:00.000Z,0.55,12.38,2.78,1.48,4,2.204,559
2022-07-04T00:00:00.000Z,0.47,15.43,1.58,1.08,2.45,1.727,563
2022-07-05T00:00:00.000Z,0.7,2.95,1.55,1.3,1.9,0.447,543
2022-07-06T00:00:00.000Z,0.3,3.6,1,0.65,1.48,0.66,563
2022-07-07T00:00:00.000Z,0.2,3.33,0.8,0.4,1.6,0.661,377
2022-07-08T00:00:00.000Z,0.3,7.88,1.8,0.82,4.43,2.078,543
2022-07-09T00:00:00.000Z,0.3,4.22,1.83,1.12,2.33,0.806,551
2022-07-10T00:00:00.000Z,0.1,1.63,0.45,0.3,0.7,0.298,560
2022-07-11T00:00:00.000Z,0.3,10.88,1,0.8,1.25,0.547,550
2022-07-12T00:00:00.000Z,0.5,6.28,1.65,1.13,2.5,0.862,565
2022-07-13T00:00:00.000Z,1.9,20.38,4,3.4,6.1,4.408,522
2022-07-14T00:00:00.000Z,0.3,4.2,2.04,1.65,2.4,0.61,551
2022-07-15T00:00:00.000Z,0.1,20.3,0.98,0.5,1.75,2.577,527
2022-07-16T00:00:00.000Z,0.13,6.13,0.8,0.5,1.2,1.084,576
2022-07-17T00:00:00.000Z,0.2,7.97,2.9,0.81,4.92,2.222,564
2022-07-18T00:00:00.000Z,4,18.95,7.49,6.14,10.1,2.839,576
2022-07-19T00:00:00.000Z,1.8,14.65,6.32,4.55,8.98,3.184,577
2022-07-20T00:00:00.000Z,3.2,10.48,5.09,4.47,6.32,1.407,582
2022-07-21T00:00:00.000Z,7.22,43.17,10.48,8.8,13.35,5.631,575
2022-07-22T00:00:00.000Z,2.83,44.53,5.9,4.5,8.32,8.852,575
2022-07-23T00:00:00.000Z,0.4,6.82,1.1,0.8,1.5,1.111,572
2022-07-24T00:00:00.000Z,1.1,8.3,2.13,1.75,4.09,2.094,568
2022-07-25T00:00:00.000Z,4.4,19.85,9.86,7,14.47,4.042,584
2022-07-26T00:00:00.000Z,0.9,10.13,2.02,1.6,2.63,2.183,575
2022-07-27T00:00:00.000Z,0.17,3.72,0.65,0.4,1.3,0.636,577
2022-07-28T00:00:00.000Z,1.1,5.15,2.27,1.92,2.67,0.626,567
2022-07-29T00:00:00.000Z,0.7,6.7,1.6,1.2,2.72,1.249,571
2022-07-30T00:00:00.000Z,0.6,5.3,1.25,1.05,1.7,0.58,570
2022-07-31T00:00:00.000Z,0.68,14.2,1.25,1.1,1.42,2.336,571
2022-08-01T00:00:00.000Z,0.95,14.82,2.6,2.08,3.96,3.621,525
2022-08-02T00:00:00.000Z,0.95,19.39,2.02,1.6,3,4.502,550
2022-08-03T00:00:00.000Z,2.29,28.5,8.24,5.2,15.58,6.449,572
2022-08-04T00:00:00.000Z,2.04,14.82,6.75,3.25,8.82,3.04,540
2022-08-05T00:00:00.000Z,0.4,6.47,1.45,1,2.29,0.955,569
2022-08-06T00:00:00.000Z,0.65,5.85,1.5,1.12,3.15,1.305,572
2022-08-07T00:00:00.000Z,1.17,17.1,4.7,3.35,9.11,4.333,549
2022-08-08T00:00:00.000Z,1.08,10.35,2.08,1.5,4.2,2.445,555
2022-08-09T00:00:00.000Z,0.8,7.13,3.13,1.63,4.25,1.54,571
2022-08-10T00:00:00.000Z,1.67,7.9,3.46,2.67,4.97,1.441,552
2022-08-11T00:00:00.000Z,0.6,38.17,2.04,1.33,3.25,2.443,521
2022-08-12T00:00:00.000Z,0.9,33.17,2.4,1.6,8.32,9.644,566
2022-08-13T00:00:00.000Z,1.27,8.13,2.97,2.15,3.83,1.353,581
2022-08-14T00:00:00.000Z,1.35,9.18,3.3,2.29,4.53,1.832,567
2022-08-15T00:00:00.000Z,3.03,19.98,7.97,4.05,12.74,4.835,549
2022-08-16T00:00:00.000Z,6.22,26.48,15.25,10.43,19.38,4.821,579
2022-08-17T00:00:00.000Z,3.22,45.22,15.3,12.87,22.3,9.223,537
2022-08-18T00:00:00.000Z,2.25,44.6,9.81,6.68,12.8,9.628,550
2022-08-19T00:00:00.000Z,1.2,27.38,4.5,2.88,14.1,6.753,577
2022-08-20T00:00:00.000Z,0.9,12.35,1.77,1.5,2.1,0.768,563
2022-08-21T00:00:00.000Z,1.27,3.67,2,1.8,2.25,0.337,572
2022-08-22T00:00:00.000Z,0.55,3,1.38,1.12,1.7,0.413,518
2022-08-23T00:00:00.000Z,0.8,4.32,1.94,1.4,2.38,0.64,562
2022-08-24T00:00:00.000Z,1.05,4.57,1.92,1.63,2.58,0.664,551
2022-08-25T00:00:00.000Z,0.8,6.75,2,1.7,2.45,0.809,552
2022-08-26T00:00:00.000Z,1.12,13.98,2.8,2.2,4.43,1.464,571
2022-08-27T00:00:00.000Z,4.28,12.3,7.47,6.2,8.15,1.3,575
2022-08-28T00:00:00.000Z,0.25,18.89,1.38,0.7,9.91,5.225,564
2022-08-29T00:00:00.000Z,0.4,3.72,0.9,0.75,1.1,0.283,494
2022-08-30T00:00:00.000Z,0.3,3,0.9,0.6,1.4,0.55,562
2022-08-31T00:00:00.000Z,0.35,5.75,1.1,0.65,1.4,0.634,553
2022-09-01T00:00:00.000Z,0.55,2.75,1,0.8,1.55,0.502,555
2022-09-02T00:00:00.000Z,0.28,13.5,0.7,0.55,0.82,0.607,554
2022-09-03T00:00:00.000Z,0.3,7.2,0.7,0.55,1,0.468,546
2022-09-04T00:00:00.000Z,0.2,4.7,0.8,0.5,0.9,0.365,484
2022-09-05T00:00:00.000Z,0.3,1.5,0.8,0.6,0.95,0.234,505
2022-09-06T00:00:00.000Z,0.35,3.3,0.95,0.65,1.2,0.54,569
2022-09-07T00:00:00.000Z,0.3,2.63,0.8,0.6,1.17,0.397,564
2022-09-08T00:00:00.000Z,0.1,1.3,0.47,0.31,0.7,0.235,517
2022-09-09T00:00:00.000Z,0.88,5.38,2.2,1.6,2.72,0.827,567
2022-09-10T00:00:00.000Z,0.5,8.25,2,1.33,2.7,0.832,557
2022-09-11T00:00:00.000Z,1.3,5.72,3.28,2.72,3.8,0.816,559
2022-09-12T00:00:00.000Z,1.63,8.98,3.33,2.89,4.57,1.153,521
2022-09-13T00:00:00.000Z,0.47,12.98,2.2,1.4,3.85,2.578,562
2022-09-14T00:00:00.000Z,0.63,2.6,1.5,1.2,1.8,0.411,563
2022-09-15T00:00:00.000Z,0.2,2.78,0.8,0.5,1.05,0.358,560
2022-09-16T00:00:00.000Z,0.17,74.97,0.4,0.3,0.55,3.584,569
2022-09-17T00:00:00.000Z,0.1,2.2,0.3,0.22,0.45,0.258,562
2022-09-18T00:00:00.000Z,0.2,5.3,0.5,0.4,0.65,0.393,553
2022-09-19T00:00:00.000Z,0.1,1.3,0.38,0.3,0.47,0.148,548
2022-09-20T00:00:00.000Z,0.2,6.9,0.56,0.4,0.8,0.678,546
2022-09-21T00:00:00.000Z,0.28,20.58,0.8,0.6,1.2,1.136,553
2022-09-22T00:00:00.000Z,0.7,3.63,1.4,1.1,1.77,0.502,562
2022-09-23T00:00:00.000Z,1.9,7.35,2.9,2.58,3.4,0.893,561
2022-09-24T00:00:00.000Z,3.25,23.67,5.9,4.65,13.68,6.056,570
2022-09-25T00:00:00.000Z,0.5,36.2,5.85,2.9,18.92,8.783,566
2022-09-26T00:00:00.000Z,1,9.13,2.64,2.02,3.57,1.801,548
2022-09-27T00:00:00.000Z,1.55,10.4,3.6,2.9,4.2,1.834,557
2022-09-28T00:00:00.000Z,1.14,17.85,5.3,2.15,11.07,5.029,550
2022-09-29T00:00:00.000Z,1.35,4.34,2.41,1.95,2.97,0.651,550
2022-09-30T00:00:00.000Z,0.9,8.63,2.95,2.33,3.45,1.231,554
2022-10-01T00:00:00.000Z,2.47,24.55,6.5,5.32,12.5,6.182,558
2022-10-02T00:00:00.000Z,0.5,28.23,2.83,2.04,3.35,1.938,483
2022-10-03T00:00:00.000Z,0.6,12.02,1.6,1.02,2.95,1.294,473
2022-10-04T00:00:00.000Z,2.78,17.52,5.82,4.72,7.45,2.645,497
2022-10-05T00:00:00.000Z,0.3,26.63,11.42,9.35,14.52,4.632,518
2022-10-06T00:00:00.000Z,0.9,8.1,4.43,2.58,5.68,1.739,563
2022-10-07T00:00:00.000Z,1.6,8.93,6.35,5.8,6.88,1.129,559
2022-10-08T00:00:00.000Z,0.68,5,1.54,1.17,2.8,0.993,568
2022-10-09T00:00:00.000Z,0.5,3.8,1.52,1.05,2.08,0.622,579
2022-10-10T00:00:00.000Z,1.6,10.57,2.95,2.54,3.5,1.254,577
2022-10-11T00:00:00.000Z,0.82,5.09,1.8,1.45,2.29,0.793,563
2022-10-12T00:00:00.000Z,0.85,13.82,2.04,1.65,2.52,0.927,567
2022-10-13T00:00:00.000Z,2.65,46.75,5.55,4.28,7.47,10.51,566
2022-10-14T00:00:00.000Z,1,46.05,2.52,1.63,7.68,10.691,562
2022-10-15T00:00:00.000Z,1.58,48.25,16.92,9,24.3,11.079,567
2022-10-16T00:00:00.000Z,2.08,12.25,4.13,3.44,4.97,1.885,444
2022-10-17T00:00:00.000Z,2.13,36.85,3.89,3.17,8.48,9.825,566
2022-10-18T00:00:00.000Z,0.7,71.47,4.88,3.7,5.95,3.836,405
2022-10-21T00:00:00.000Z,0.8,16.55,7.2,5.23,8.14,3.26,553
2022-10-22T00:00:00.000Z,2.15,27.67,8.91,5.96,12.37,4.255,576
2022-10-23T00:00:00.000Z,6,25.5,13.63,11.85,16.77,3.876,570
2022-10-24T00:00:00.000Z,2.29,28.65,6.25,4.71,8.98,5.339,565
2022-10-25T00:00:00.000Z,1.6,10.1,5.21,3.63,7.2,2.025,564
2022-10-26T00:00:00.000Z,0.82,34.4,2.22,1.58,8.15,7.819,563
2022-10-27T00:00:00.000Z,5.72,35.35,13,11,19.63,7.826,568
2022-10-28T00:00:00.000Z,5.78,71.43,30.57,16.92,38.67,15.719,556
2022-10-29T00:00:00.000Z,3.17,49,5.8,5,6.55,5.091,563
2022-10-30T00:00:00.000Z,1.6,53.33,9.57,5.05,16.21,13.413,560
2022-10-31T00:00:00.000Z,3.2,54.97,20.37,12.65,37.33,14.745,566
2022-11-01T00:00:00.000Z,2.29,38.47,6.78,5.07,10.16,7.712,557
2022-11-02T00:00:00.000Z,0.9,9,3.55,2.54,4.57,1.449,559
2022-11-03T00:00:00.000Z,2.1,6.13,3.42,2.95,3.97,0.672,568
2022-11-04T00:00:00.000Z,0.95,24.05,7.6,3.5,10.02,5.527,555
2022-11-05T00:00:00.000Z,0.98,4.72,1.88,1.65,2.15,0.406,558
2022-11-06T00:00:00.000Z,1.58,24.45,8.38,3.42,11.38,5.818,559
2022-11-07T00:00:00.000Z,1.38,13.13,3.9,2.72,4.8,1.959,571
2022-11-08T00:00:00.000Z,2.7,17.82,7.12,5.3,12.45,4.172,562
2022-11-09T00:00:00.000Z,2.83,8.13,5.03,4.5,5.68,0.906,535
2022-11-10T00:00:00.000Z,2.54,10.95,5.28,4.2,6.63,1.45,507
2022-11-11T00:00:00.000Z,4.68,10.05,6.5,5.9,7.18,0.922,503
2022-11-12T00:00:00.000Z,2.27,10.77,5.97,5.29,6.7,1.5,509
2022-11-13T00:00:00.000Z,2.04,45.25,6.63,4.62,13.12,6.221,513
2022-11-14T00:00:00.000Z,0.4,9.77,3.25,0.9,6.78,2.79,499
2022-11-15T00:00:00.000Z,0.3,11.77,4.09,0.74,7.17,3.421,537
2022-11-16T00:00:00.000Z,0.2,12.02,0.5,0.4,0.7,0.801,560
2022-11-17T00:00:00.000Z,0.28,3.03,0.6,0.5,0.8,0.318,567
2022-11-18T00:00:00.000Z,0.3,1.52,0.5,0.4,0.6,0.178,78
2022-11-19T00:00:00.000Z,0.63,2.29,1.14,0.98,1.48,0.347,215
2022-11-20T00:00:00.000Z,0.3,10.73,1.98,1.2,2.63,1.115,575
2022-11-21T00:00:00.000Z,0.2,16.3,2.67,1.55,4.57,2.033,570
2022-11-22T00:00:00.000Z,2.27,20.55,7.74,5.03,12.15,5.061,562
2022-11-23T00:00:00.000Z,3.92,21.4,10.43,7.47,13.65,4.291,563
2022-11-24T00:00:00.000Z,10.15,22.48,15.3,14.05,17.3,2.551,572
2022-11-25T00:00:00.000Z,2.97,22.13,6.47,5.28,12.2,5.332,562
2022-11-26T00:00:00.000Z,5.57,33.53,14.44,9.73,21.35,6.874,566
2022-11-27T00:00:00.000Z,3.5,25.65,9.36,5.53,12.23,5.084,576
2022-11-28T00:00:00.000Z,1.08,7.85,3.75,2.5,6.4,1.99,562
2022-11-29T00:00:00.000Z,1.2,7.7,3.08,2.2,4.82,1.508,549
2022-11-30T00:00:00.000Z,3.45,17.05,5.85,5.05,7.57,1.784,564
2022-12-01T00:00:00.000Z,4.45,26.1,7.62,6.39,9.44,1.977,516
2022-12-02T00:00:00.000Z,4.05,17.1,6,5.34,10.5,2.825,569
2022-12-03T00:00:00.000Z,3.7,14.95,8.16,6.3,9.9,2.508,570
2022-12-04T00:00:00.000Z,2.4,7.03,3.9,3.47,5.03,1.035,574
2022-12-05T00:00:00.000Z,3.78,9.32,4.9,4.53,5.35,0.645,558
2022-12-06T00:00:00.000Z,3.3,22.48,9.68,7.82,11.75,3.469,566
2022-12-07T00:00:00.000Z,0.82,11.75,3.4,1.92,5.03,2.255,563
2022-12-08T00:00:00.000Z,0.77,6.78,1.91,1.44,2.54,1.002,568
2022-12-09T00:00:00.000Z,0.65,7.93,1.75,1.1,4.05,2.016,567
2022-12-10T00:00:00.000Z,3.3,32.65,5.4,4.82,7.65,3.528,570
2022-12-11T00:00:00.000Z,3.1,14.35,6.82,5.13,7.55,1.689,575
2022-12-12T00:00:00.000Z,2.88,16.25,4.24,3.78,4.82,1.097,554
2022-12-13T00:00:00.000Z,2.08,56.03,4.45,3.17,6.28,5.036,557
2022-12-14T00:00:00.000Z,1,36.13,4.32,2.22,7.2,4.774,559
2022-12-15T00:00:00.000Z,2.29,36.67,7.9,5.95,9.94,3.556,555
2022-12-16T00:00:00.000Z,2.1,20.13,11.3,8.07,13.68,4.243,520
2022-12-17T00:00:00.000Z,5.55,35.28,24.9,9.32,27.62,9.184,541
2022-12-18T00:00:00.000Z,3.8,41.2,10,7.05,29.17,11.497,549
2022-12-19T00:00:00.000Z,2.13,23.5,13.5,6.32,17.95,6.405,563
2022-12-20T00:00:00.000Z,2.25,57.55,25.2,11.14,35.61,14.669,561
2022-12-21T00:00:00.000Z,3.25,24.88,11.27,9.27,15.73,4.755,554
2022-12-22T00:00:00.000Z,0.7,23.1,8.38,5.88,15.95,5.901,550
2022-12-23T00:00:00.000Z,0.4,6.2,1.67,1.2,2.44,0.936,404
2022-12-24T00:00:00.000Z,1.2,10.8,2.4,1.88,3.05,1.263,506
2022-12-25T00:00:00.000Z,0.9,26.8,8.94,1.6,15.8,7.135,510
2022-12-26T00:00:00.000Z,1.6,16.77,3.72,2.95,6.05,3.067,436
2022-12-27T00:00:00.000Z,1.02,6.55,2.8,2.29,3.33,0.974,538
2022-12-28T00:00:00.000Z,0.3,21.33,3.7,1.2,5.93,3.418,491
2022-12-29T00:00:00.000Z,0.7,25.6,5.47,3.8,11.27,6.352,555
2022-12-30T00:00:00.000Z,1.63,10.32,3.85,3,4.72,1.792,463
2022-12-31T00:00:00.000Z,3.3,238.48,6.43,5.5,7.88,25.86,552
2023-01-01T00:00:00.000Z,0.6,66.05,2.38,1.55,6.21,5.491,540
2023-01-02T00:00:00.000Z,0.5,22.58,7.7,5.03,10,3.579,563
2023-01-03T00:00:00.000Z,0.3,14.15,1.95,1.15,2.88,3.379,456
2023-01-04T00:00:00.000Z,0.25,21.38,4.5,1.2,8.35,4.139,491
2023-01-05T00:00:00.000Z,0.1,5.4,1.55,0.5,2.5,1.014,553
2023-01-06T00:00:00.000Z,0.2,12.88,3.1,1.91,8.48,3.678,560
2023-01-07T00:00:00.000Z,7.07,46,15.7,9.94,26.9,9.938,555
2023-01-08T00:00:00.000Z,6.68,26.45,13.77,11.85,16.75,4.141,576
2023-01-09T00:00:00.000Z,3,39.7,10.73,6.65,15.05,5.79,547
2023-01-10T00:00:00.000Z,2,13.65,5.28,3.8,8.23,3.012,555
2023-01-11T00:00:00.000Z,0.9,13.8,5.55,4.84,6.25,2.115,552
2023-01-12T00:00:00.000Z,1,11.45,4.22,2.95,5.63,1.879,562
2023-01-13T00:00:00.000Z,1.3,9.48,5.19,4.2,6.45,1.625,506
2023-01-14T00:00:00.000Z,0.22,9.27,2.47,1.6,3.22,1.364,562
2023-01-15T00:00:00.000Z,0.95,9.44,3.82,2.84,4.5,1.107,484
2023-01-16T00:00:00.000Z,0.7,8.5,2.84,2.2,3.6,0.944,546
2023-01-17T00:00:00.000Z,0.85,15.8,4.34,2.97,6.22,2.773,550
2023-01-18T00:00:00.000Z,0.5,6.18,1.73,1.2,2.33,0.789,468
2023-01-19T00:00:00.000Z,4.38,26.6,14.73,13.05,16.16,3.194,564
2023-01-20T00:00:00.000Z,8.15,28.3,15.31,13.74,18.19,2.923,564
2023-01-21T00:00:00.000Z,5.09,13.52,7.57,6.68,8.63,1.365,562
2023-01-22T00:00:00.000Z,3.97,13.95,6.72,5.65,7.64,1.397,573
2023-01-23T00:00:00.000Z,1.6,14.55,3.24,2.4,7.25,2.713,484
2023-01-24T00:00:00.000Z,2.72,27.15,16.1,7.13,19.88,6.55,561
2023-01-25T00:00:00.000Z,10.45,32.67,24.33,22.4,26.02,3.858,439
2023-01-26T00:00:00.000Z,0.3,22.58,1.77,1.08,3,2.341,562
2023-01-27T00:00:00.000Z,0.8,11.8,2.22,1.83,3.33,1.55,457
2023-01-28T00:00:00.000Z,1.52,24.27,3.83,2.97,4.63,2.318,566
2023-01-29T00:00:00.000Z,2.08,7.82,4.13,3.33,4.9,1.19,562
2023-01-30T00:00:00.000Z,0.88,42.2,2.49,1.77,4.5,2.969,558
2023-01-31T00:00:00.000Z,0.8,9.25,2.13,1.38,3.38,1.204,529
2023-02-01T00:00:00.000Z,0.4,8.02,3.63,2.13,5.18,1.864,559
2023-02-02T00:00:00.000Z,0.3,22.2,0.99,0.63,1.7,2.089,558
2023-02-03T00:00:00.000Z,0.4,6.7,1.85,0.9,3.45,1.343,414
2023-02-04T00:00:00.000Z,0.85,13.05,2.29,1.92,2.8,0.925,572
2023-02-05T00:00:00.000Z,1.25,154.25,3.5,2.1,17.1,12.397,526
2023-02-06T00:00:00.000Z,6.47,32.88,13.85,11.63,17.13,4.74,467
2023-02-07T00:00:00.000Z,3.15,15.88,9.19,7.1,11.9,3.068,477
2023-02-08T00:00:00.000Z,12.6,56.55,21.25,16.11,27.69,12.213,441
2023-02-09T00:00:00.000Z,1.98,23.05,13.3,5.63,15.63,5.558,487
2023-02-10T00:00:00.000Z,1.1,9.4,2.5,1.91,5.12,2.167,512
2023-02-11T00:00:00.000Z,2.8,18,6.65,5.57,8.28,2.323,461
2023-02-12T00:00:00.000Z,2.33,20.67,5.2,4.43,7.5,3.229,556
2023-02-13T00:00:00.000Z,2.6,21.73,5.53,4.15,7.5,3.302,429
2023-02-14T00:00:00.000Z,3.38,48.15,16.7,14.01,20.01,8.465,485
2023-02-15T00:00:00.000Z,17.63,72.93,25.65,23.23,29.23,7.503,438
2023-02-16T00:00:00.000Z,22.1,131.65,61.6,29.25,89.03,33.814,458
2023-02-17T00:00:00.000Z,2.4,50.5,10.88,4.55,28.38,13.304,411
2023-02-18T00:00:00.000Z,0.7,22.02,1.95,1.27,2.5,1.601,563
2023-02-19T00:00:00.000Z,0.4,26.42,1.12,0.8,3.44,2.262,464
2023-02-20T00:00:00.000Z,2.4,14.13,9.02,6.25,10.48,3.143,414
2023-02-21T00:00:00.000Z,0.2,8.8,1.63,0.69,3.58,2.068,545
2023-02-22T00:00:00.000Z,1.3,2.78,1.88,1.7,2.08,0.276,425
2023-02-23T00:00:00.000Z,1.2,89.78,12.6,5.57,22.1,11.52,343
2023-02-24T00:00:00.000Z,0.3,9.68,1.4,1,2.02,0.961,560
2023-02-25T00:00:00.000Z,0.4,5.4,0.9,0.7,1.17,0.716,460
2023-02-26T00:00:00.000Z,0.4,107.88,1.08,0.8,1.5,6.242,563
2023-02-27T00:00:00.000Z,0.3,29.1,2.08,1.45,3.85,2.655,555
2023-02-28T00:00:00.000Z,1.14,117.2,4.34,2.96,7.1,6.607,460
2023-03-01T00:00:00.000Z,0.4,89.35,2.6,1.33,3.9,5.423,563
2023-03-02T00:00:00.000Z,0.3,7.15,1.62,1,2.19,1.269,564
2023-03-03T00:00:00.000Z,0.88,29.25,3.45,2,10.57,5.561,542
2023-03-04T00:00:00.000Z,0.2,3,0.6,0.5,0.82,0.374,568
2023-03-05T00:00:00.000Z,0.17,14.23,0.63,0.5,1.19,1.785,568
2023-03-06T00:00:00.000Z,0.4,11.18,1.1,0.82,1.45,0.888,559
2023-03-07T00:00:00.000Z,0.3,4.84,1.45,1.01,1.91,0.737,569
2023-03-08T00:00:00.000Z,0.2,17.17,0.8,0.6,1.6,1.176,567
2023-03-09T00:00:00.000Z,0.5,10.63,2,1.24,3.75,2.061,492
2023-03-10T00:00:00.000Z,2.67,14.35,6.9,4.63,7.93,1.877,576
2023-03-11T00:00:00.000Z,0.4,7.68,1.4,0.95,3.6,1.89,565
2023-03-12T00:00:00.000Z,0.32,5.03,0.8,0.63,1.19,0.683,569
2023-03-13T00:00:00.000Z,0.7,17.6,7.48,2.58,9.35,3.668,560
2023-03-14T00:00:00.000Z,0.5,6.88,2.2,0.98,3.17,1.396,399
2023-03-15T00:00:00.000Z,0.73,16.64,1.58,1.3,2,1.565,564
2023-03-16T00:00:00.000Z,0.38,3.58,1.17,0.88,1.5,0.51,567
2023-03-17T00:00:00.000Z,0.6,17.8,6.6,3.21,11.23,4.228,568
2023-03-18T00:00:00.000Z,5.22,55.1,25.98,20.77,32.01,8.169,453
2023-03-19T00:00:00.000Z,3.6,94.35,11.35,7.45,55.42,31.067,559
2023-03-20T00:00:00.000Z,1.65,68.28,6.72,3.12,18.35,18.747,556
2023-03-21T00:00:00.000Z,1.4,28.77,5.78,3.78,8.19,5.513,567
2023-03-22T00:00:00.000Z,5.7,60.55,31.35,10.13,36.95,14.437,547
2023-03-23T00:00:00.000Z,3.05,22.42,6.57,4.05,10.72,4.337,553
2023-03-24T00:00:00.000Z,1.1,21.58,7.05,5.5,8.35,3.79,561
2023-03-25T00:00:00.000Z,0.52,42.97,6.72,2.65,7.68,4.331,559
2023-03-26T00:00:00.000Z,0.73,6.9,1.4,1.17,1.8,0.678,505
2023-03-27T00:00:00.000Z,0.4,12,1.17,0.82,1.64,1.383,508
2023-03-28T00:00:00.000Z,0.43,4.68,1.1,0.8,1.88,0.722,547
2023-03-29T00:00:00.000Z,0.5,24.52,5.12,2.58,16.94,7.678,468
2023-03-30T00:00:00.000Z,0.2,4.45,0.93,0.6,1.45,0.754,559
2023-03-31T00:00:00.000Z,0.2,4.22,1.5,0.32,2.54,1.192,553
2023-04-01T00:00:00.000Z,0.32,3.33,1.1,0.7,1.5,0.602,491
2023-04-02T00:00:00.000Z,0.3,3.7,1.1,0.65,1.7,0.607,542
2023-04-03T00:00:00.000Z,0.5,5.85,1.1,0.9,1.54,0.571,561
2023-04-04T00:00:00.000Z,0.5,4.28,1.67,1.25,2.2,0.668,571
2023-04-05T00:00:00.000Z,0.4,3.45,1.55,0.8,2.29,0.795,569
2023-04-06T00:00:00.000Z,1.58,13.7,2.8,2.47,3.2,2.007,580
2023-04-07T00:00:00.000Z,0.7,4.2,1.4,1.1,3.08,1.028,555
2023-04-08T00:00:00.000Z,0.82,5.15,2.72,1.91,3.6,1.018,581
2023-04-09T00:00:00.000Z,0.8,3.3,1.7,1.25,2.22,0.586,565
2023-04-10T00:00:00.000Z,1.4,4.45,2.58,2.1,3.22,0.746,483
2023-04-11T00:00:00.000Z,0.82,20.55,5.5,1.95,9.8,5.277,558
2023-04-12T00:00:00.000Z,0.68,11.6,2.1,1.42,3.3,2.777,570
2023-04-13T00:00:00.000Z,0.77,16.35,5.45,3.85,8.5,3.692,574
2023-04-14T00:00:00.000Z,5.47,23.73,13.73,10.59,16.47,4.32,577
2023-04-15T00:00:00.000Z,3.55,11.6,8.07,5.18,9.57,2.324,575
2023-04-16T00:00:00.000Z,2.08,177.77,4.3,2.78,5.45,8.727,579
2023-04-17T00:00:00.000Z,1.8,5.82,3.05,2.67,3.4,0.531,572
2023-04-18T00:00:00.000Z,0.5,5.32,1.3,0.9,3.47,1.33,577
2023-04-19T00:00:00.000Z,0.47,19.82,0.93,0.77,1.2,0.954,494
2023-04-20T00:00:00.000Z,0.7,2.13,1.27,1.1,1.42,0.266,583
2023-04-21T00:00:00.000Z,1.58,12.25,3.05,2.35,3.67,0.948,521
2023-04-22T00:00:00.000Z,1.5,5.9,3.3,2.8,4.05,0.904,506
2023-04-23T00:00:00.000Z,2.22,32.25,10.27,3.37,18.29,8.176,373
2023-04-24T00:00:00.000Z,5.15,28.33,10.66,8.19,19.3,6.524,568
2023-04-25T00:00:00.000Z,0.3,29.45,0.8,0.6,5.5,8.913,571
2023-04-26T00:00:00.000Z,0.3,40.97,0.85,0.65,1.55,1.902,566
2023-04-27T00:00:00.000Z,0.3,5.2,1.17,0.63,3.03,1.287,575
2023-04-28T00:00:00.000Z,0.6,3.53,1.65,1.1,2.22,0.664,399
2023-04-29T00:00:00.000Z,0.88,8.32,1.83,1.58,2.25,1.387,575
2023-04-30T00:00:00.000Z,0.7,10.02,1.42,1.14,2.35,1.02,415
2023-05-01T00:00:00.000Z,0.5,25.88,6.72,4.75,12.3,5.295,570
2023-05-02T00:00:00.000Z,0.5,5,1.39,1,2.8,1.109,568
2023-05-03T00:00:00.000Z,0.3,4.05,1.1,0.64,2.41,0.983,417
2023-05-04T00:00:00.000Z,0.4,1.8,0.88,0.7,1.02,0.234,581
2023-05-05T00:00:00.000Z,0.7,24.73,1.14,1,1.52,1.662,415
2023-05-06T00:00:00.000Z,0.8,10.57,1.4,1.23,1.9,0.652,577
2023-05-07T00:00:00.000Z,1.17,4.18,1.6,1.45,1.9,0.403,451
2023-05-08T00:00:00.000Z,1.58,4.45,2.6,2.29,2.99,0.541,569
2023-05-09T00:00:00.000Z,1.02,4.95,2.88,2.38,3.33,0.774,578
2023-05-10T00:00:00.000Z,2.02,4.8,3.15,2.8,3.54,0.463,580
2023-05-11T00:00:00.000Z,2.27,6.4,4,3.58,4.32,0.575,574
2023-05-12T00:00:00.000Z,2.08,5.3,3.35,3.05,3.72,0.544,583
2023-05-13T00:00:00.000Z,1.88,6.57,3.26,2.88,4.03,0.998,582
2023-05-14T00:00:00.000Z,1.38,4.3,3.05,2.52,3.35,0.612,579
2023-05-15T00:00:00.000Z,1.23,22.35,4.2,2.92,5.05,3.753,577
2023-05-16T00:00:00.000Z,2.15,56.35,8.27,6.64,21.25,12.807,464
2023-05-17T00:00:00.000Z,0.25,6.5,0.85,0.5,1.42,1.337,563
2023-05-18T00:00:00.000Z,0.65,6.6,2.17,1.38,3.88,1.626,571
2023-05-19T00:00:00.000Z,1,17.07,2.47,2.02,7.38,4.364,579
2023-05-20T00:00:00.000Z,2.8,16.7,5.4,4.13,8.57,3.734,582
2023-05-21T00:00:00.000Z,1.48,9.13,2.8,2.25,3.83,1.193,571
2023-05-22T00:00:00.000Z,2.04,6.3,3.55,3.1,4.38,0.778,538
2023-05-23T00:00:00.000Z,2.2,13.95,4.28,3.15,5.68,2.463,575
2023-05-24T00:00:00.000Z,1.7,20.07,5.57,3.55,12.3,5.047,583
2023-05-25T00:00:00.000Z,1.73,8.19,2.97,2.58,5,1.676,534
2023-05-26T00:00:00.000Z,0.4,6.8,1.73,0.99,2.98,1.592,429
2023-05-27T00:00:00.000Z,2.04,8.13,4.9,4.28,5.68,1.146,462
2023-05-28T00:00:00.000Z,1.83,6.65,3.5,2.8,4.3,1.131,482
2023-05-29T00:00:00.000Z,0.6,5.3,1.4,1.1,1.92,0.755,502
2023-05-30T00:00:00.000Z,0.5,4.05,1.3,0.93,2.65,1.034,579
2023-05-31T00:00:00.000Z,0.7,7.82,3.2,1.7,4.7,1.87,358
2023-06-01T00:00:00.000Z,0.4,7.3,1,0.75,1.8,1.733,566
2023-06-02T00:00:00.000Z,0.2,6.65,0.5,0.4,0.7,0.422,573
2023-06-03T00:00:00.000Z,0.4,3.55,0.95,0.76,1.38,0.582,473
2023-06-04T00:00:00.000Z,0.8,5.15,2.8,1.6,3.58,1.081,580
2023-06-05T00:00:00.000Z,1.67,17.88,5.9,4.2,9.77,3.885,573
2023-06-06T00:00:00.000Z,3.47,12.5,5.45,4.84,6.78,1.669,366
2023-06-07T00:00:00.000Z,4.75,15.45,7.39,6.62,11.2,2.465,580
2023-06-08T00:00:00.000Z,2.58,21.77,16.3,8.03,18.69,5.585,440
2023-06-09T00:00:00.000Z,0.82,13.07,2.02,1.48,2.45,0.778,575
2023-06-10T00:00:00.000Z,0.3,2.27,1,0.75,1.2,0.329,579
2023-06-11T00:00:00.000Z,0.68,10.27,1.39,1.14,1.65,0.538,574
2023-06-12T00:00:00.000Z,0.9,3.28,2.04,1.6,2.4,0.508,579
2023-06-13T00:00:00.000Z,1.27,7.28,2.34,1.9,2.75,0.564,582
2023-06-14T00:00:00.000Z,2.54,12.13,3.65,3.3,4.3,0.881,571
2023-06-15T00:00:00.000Z,3.17,11.1,4.65,4.07,5.38,1.366,582
2023-06-16T00:00:00.000Z,2.97,11.93,4.7,4.13,6.05,2.136,580
2023-06-17T00:00:00.000Z,3.42,10.27,6.65,5.82,7.57,1.45,573
2023-06-18T00:00:00.000Z,4.15,12.63,7.68,5.39,9.23,2.208,581
2023-06-19T00:00:00.000Z,3.4,16.17,11.43,9.69,12.39,2.465,372
2023-06-20T00:00:00.000Z,10,25.25,15.27,13.27,18.3,3.524,575
2023-06-21T00:00:00.000Z,3.75,31.42,12.24,7.8,19.6,7.25,578
2023-06-22T00:00:00.000Z,2.6,17.52,6.35,5.3,6.92,1.548,580
2023-06-23T00:00:00.000Z,1.14,108.18,3.19,1.83,7.2,7.38,574
2023-06-24T00:00:00.000Z,3.35,11.63,6.3,5.25,7.93,2.065,458
2023-06-25T00:00:00.000Z,1.5,18.25,5.4,3.07,10.07,4.459,580
2023-06-26T00:00:00.000Z,1.83,16.05,4.34,3.4,5.29,1.411,508
2023-06-27T00:00:00.000Z,1.65,7.45,3.15,2.7,3.7,0.99,575
2023-06-28T00:00:00.000Z,0.85,61.85,3.72,2.78,6.79,3.369,581
2023-06-29T00:00:00.000Z,2.47,39.95,5.7,4.18,8.25,7.111,581
2023-06-30T00:00:00.000Z,1.14,17.55,2.79,1.91,3.96,3.13,580
2023-07-01T00:00:00.000Z,1.55,12.18,3.25,2.6,3.85,1.883,378
2023-07-02T00:00:00.000Z,1.5,11.1,3.57,2.97,4.59,1.342,578
2023-07-03T00:00:00.000Z,1.4,7.38,3.28,2.67,4.15,1.056,574
2023-07-04T00:00:00.000Z,1.14,8.15,2.54,2.09,3.13,1.096,429
2023-07-05T00:00:00.000Z,1.6,6.97,3.41,2.67,4.5,1.137,568
2023-07-06T00:00:00.000Z,0.7,5.95,2.5,2.1,3.13,1.103,275
2023-07-07T00:00:00.000Z,1.3,5.53,2.33,1.95,3.58,0.994,503
2023-07-08T00:00:00.000Z,2.2,6.3,3.6,2.75,4.98,1.131,361
2023-07-09T00:00:00.000Z,1.7,8.38,3.8,2.35,5.6,1.779,357
2023-07-10T00:00:00.000Z,2.25,17.05,4.88,3.32,5.92,2.366,369
2023-07-11T00:00:00.000Z,1,11.43,3.72,2.7,5.3,2.337,545
2023-07-12T00:00:00.000Z,1.98,14.05,4.2,3.3,5.47,1.803,535
2023-07-13T00:00:00.000Z,0.6,5.55,2.72,2.1,3.53,1.006,574
2023-07-14T00:00:00.000Z,0.77,4.9,2.2,1.77,2.78,0.912,570
2023-07-15T00:00:00.000Z,1.95,14.6,3.74,2.9,4.9,2.28,578
2023-07-16T00:00:00.000Z,1.67,32.95,5.31,3.9,7.07,4.752,582
2023-07-17T00:00:00.000Z,0.65,7.43,4.59,2.42,5.52,1.75,384
2023-07-18T00:00:00.000Z,0.8,9.27,1.95,1.5,2.52,0.817,584
2023-07-19T00:00:00.000Z,0.95,4.34,1.77,1.4,2.47,0.801,465
2023-07-20T00:00:00.000Z,0.4,3.65,1.9,1.23,2.4,0.694,567
2023-07-21T00:00:00.000Z,0.6,4.18,1.58,1.14,2.1,0.646,576
2023-07-22T00:00:00.000Z,0.5,2.9,1.2,0.95,1.6,0.501,584
2023-07-23T00:00:00.000Z,0.5,25.67,2.45,1.92,2.97,1.224,580
2023-07-24T00:00:00.000Z,0.6,21.3,2.02,1.38,3.41,4.427,584
2023-07-25T00:00:00.000Z,1.12,6.63,2.29,1.88,4,1.256,582
2023-07-26T00:00:00.000Z,0.7,4.93,1.6,1.35,1.95,0.529,581
2023-07-27T00:00:00.000Z,0.4,5.6,1.47,0.9,3.12,1.365,580
2023-07-28T00:00:00.000Z,1,6.3,2.54,1.73,4,1.252,578
2023-07-29T00:00:00.000Z,1.02,19.67,3.79,3,4.84,4.201,580
2023-07-30T00:00:00.000Z,0.6,11.13,3.22,1.73,5.18,2.174,583
2023-07-31T00:00:00.000Z,0.6,13.8,2.4,1.42,4.18,2.897,582
2023-08-01T00:00:00.000Z,0.8,12.43,2.21,1.5,5.31,2.94,584
2023-08-02T00:00:00.000Z,0.7,3.6,2.04,1.7,2.4,0.551,578
2023-08-03T00:00:00.000Z,1.1,7.25,2.88,2.2,4.12,1.3,572
2023-08-04T00:00:00.000Z,2.7,10.27,4.72,4.25,7.1,1.786,583
2023-08-05T00:00:00.000Z,0.7,6.78,2.24,1.6,3.75,1.488,580
2023-08-06T00:00:00.000Z,0.93,4.2,2.02,1.5,2.58,0.694,579
2023-08-07T00:00:00.000Z,0.45,6.3,1.63,1.05,2.17,1.09,581
2023-08-08T00:00:00.000Z,1.6,8.5,4.15,3,5.84,1.577,585
2023-08-09T00:00:00.000Z,0.85,6.38,2.83,1.95,3.58,1.056,575
2023-08-10T00:00:00.000Z,0.4,6.5,1.45,1,2.16,0.791,568
2023-08-11T00:00:00.000Z,1.02,8.55,2.38,1.9,3.5,1.551,571
2023-08-12T00:00:00.000Z,2.4,20.95,6.1,4.75,8.48,3.156,578
2023-08-13T00:00:00.000Z,4.78,47.15,8,6.63,11.57,10.328,583
2023-08-14T00:00:00.000Z,1.98,17.52,4.3,3.3,8.13,3.169,577
2023-08-15T00:00:00.000Z,2.95,35.72,6.17,5.15,7.5,2.79,582
2023-08-16T00:00:00.000Z,1.3,5,2.58,2.1,3.22,0.772,583
2023-08-17T00:00:00.000Z,1.05,6.47,2.4,1.75,3.1,1.282,580
2023-08-18T00:00:00.000Z,1.5,6.13,2.63,2.29,3.78,1.058,583
2023-08-19T00:00:00.000Z,2.13,9.13,4.8,3.95,6.5,1.602,582
2023-08-20T00:00:00.000Z,2.15,22.88,8.5,5.45,12.45,4.359,571
2023-08-21T00:00:00.000Z,1.63,17.14,2.9,2.54,3.78,2.986,561
2023-08-22T00:00:00.000Z,1.63,10.45,3.8,2.8,6,1.998,581
2023-08-23T00:00:00.000Z,1.55,10.45,3.15,2.54,3.72,1.612,583
2023-08-24T00:00:00.000Z,0.8,4.32,1.92,1.6,2.45,0.604,583
2023-08-25T00:00:00.000Z,2.25,34.5,4,3.17,14.63,9.452,578
2023-08-26T00:00:00.000Z,1.27,31.33,3.1,2.06,14.93,7.797,580
2023-08-27T00:00:00.000Z,0.82,3.95,1.9,1.58,2.2,0.568,568
2023-08-28T00:00:00.000Z,0.5,4.28,1.8,1.3,2.5,0.868,579
2023-08-29T00:00:00.000Z,0.43,3.45,1.6,1.35,1.9,0.462,582
2023-08-30T00:00:00.000Z,1.4,6.15,2.35,1.98,2.9,1.155,579
2023-08-31T00:00:00.000Z,1,8.55,2.52,1.86,4.15,1.543,580
2023-09-01T00:00:00.000Z,1.5,12.57,2.88,2.42,4.82,2.175,581
2023-09-02T00:00:00.000Z,1.63,13.45,3.54,2.82,4.62,2.573,580
2023-09-03T00:00:00.000Z,1.4,10.68,3.55,2.33,4.93,2.243,578
2023-09-04T00:00:00.000Z,2.25,20.63,6.95,4.59,7.96,3.581,577
2023-09-05T00:00:00.000Z,4.45,34.77,16.5,9.43,23.05,8.058,579
2023-09-06T00:00:00.000Z,2.78,23.67,6.78,4.45,17.44,6.727,577
2023-09-07T00:00:00.000Z,2.75,26.33,5.8,4.34,9.66,4.626,585
2023-09-08T00:00:00.000Z,3.83,29.35,11.75,7.35,19.52,7.111,582
2023-09-09T00:00:00.000Z,6.7,25.05,11.55,9.02,13.75,3.113,576
2023-09-10T00:00:00.000Z,13.25,99.88,31.17,21.88,44.25,17.032,582
2023-09-11T00:00:00.000Z,4.47,72.55,37.92,14.48,53.2,20.331,583
2023-09-12T00:00:00.000Z,0.9,83.78,2.92,1.76,22.52,23.721,581
2023-09-13T00:00:00.000Z,0.75,7.65,2.13,1.4,3.15,1.22,559
2023-09-14T00:00:00.000Z,0.8,4.15,1.7,1.2,2.52,0.805,581
2023-09-15T00:00:00.000Z,1.08,4,2.02,1.73,2.4,0.52,565
2023-09-16T00:00:00.000Z,1.6,36.22,3.42,2.7,4.2,1.901,581
2023-09-17T00:00:00.000Z,1.42,16.42,4.03,3.45,5.68,2.653,582
2023-09-18T00:00:00.000Z,2.2,33.4,6.6,3.67,14.03,8.267,573
2023-09-19T00:00:00.000Z,0.4,31.73,2.22,1.55,4.45,7.82,562
2023-09-20T00:00:00.000Z,0.5,12.32,5.17,2.54,6.32,2.676,552
2023-09-21T00:00:00.000Z,1.5,5.93,2.83,2.35,3.92,0.971,581
2023-09-22T00:00:00.000Z,0.45,7.78,1.9,1.23,4.34,1.876,579
2023-09-23T00:00:00.000Z,0.6,7.57,1.6,1.2,2.38,1.482,582
2023-09-24T00:00:00.000Z,0.9,6.38,1.92,1.66,2.44,1.108,580
2023-09-25T00:00:00.000Z,1.7,6.6,3,2.54,3.83,0.879,584
2023-09-26T00:00:00.000Z,1.67,27.75,5,3.8,8.13,4.124,554
2023-09-27T00:00:00.000Z,19.13,73.15,35.27,26.58,43.2,12.931,570
2023-09-28T00:00:00.000Z,1.7,40.75,17.07,2.88,21.45,9.522,583
2023-09-29T00:00:00.000Z,1.27,24.52,5.65,4.29,6.55,3.294,581
2023-09-30T00:00:00.000Z,1.25,6.47,3.42,2.72,4.63,1.187,575
2023-10-01T00:00:00.000Z,0.73,11.23,1.79,1.33,2.59,1.119,556
2023-10-02T00:00:00.000Z,2.29,12.88,4.59,3.9,5.43,1.837,563
2023-10-03T00:00:00.000Z,1.3,19.75,2.72,2.29,3.17,1.146,572
2023-10-04T00:00:00.000Z,1.92,9.5,3.22,2.83,3.97,1.442,578
2023-10-05T00:00:00.000Z,0.5,16.77,1.4,1.1,1.7,0.86,575
2023-10-06T00:00:00.000Z,0.2,8.73,3.96,2.39,5.25,1.831,572
2023-10-07T00:00:00.000Z,0.2,4.7,0.52,0.4,1.02,0.626,568
2023-10-08T00:00:00.000Z,0.28,5.32,0.8,0.59,1.17,0.602,569
2023-10-09T00:00:00.000Z,0.6,3.28,1.17,1,1.5,0.512,557
2023-10-10T00:00:00.000Z,0.6,24.2,2.04,1.57,11.74,7.115,545
2023-10-11T00:00:00.000Z,1.35,19.38,4.32,3.5,13.73,5.393,566
2023-10-12T00:00:00.000Z,1.67,5.85,2.88,2.5,3.7,0.87,563
2023-10-13T00:00:00.000Z,0.4,11.48,2.58,2.02,3.1,1.529,565
2023-10-14T00:00:00.000Z,1.6,6.9,3.5,2.82,4.05,0.864,572
2023-10-15T00:00:00.000Z,0.4,4.2,0.9,0.75,1.2,0.441,576
2023-10-16T00:00:00.000Z,0.2,4.2,0.7,0.5,1,0.412,566
2023-10-17T00:00:00.000Z,0.65,5.25,1.83,1.48,2.5,0.807,570
2023-10-18T00:00:00.000Z,0.2,2.29,0.56,0.4,0.9,0.416,561
2023-10-19T00:00:00.000Z,0.5,2.9,1.45,0.9,1.8,0.518,559
2023-10-20T00:00:00.000Z,0.43,3.33,1.05,0.8,2.2,0.773,581
2023-10-21T00:00:00.000Z,0.22,2.92,0.6,0.45,0.7,0.251,579
2023-10-22T00:00:00.000Z,0.3,25.77,2.15,0.88,6.32,4.153,582
2023-10-23T00:00:00.000Z,0.9,7.78,3.08,2.13,4.4,1.44,584
2023-10-24T00:00:00.000Z,0.2,5.4,1,0.7,1.25,0.982,577
2023-10-25T00:00:00.000Z,0.5,4.72,2,1.3,2.84,1.036,584
2023-10-26T00:00:00.000Z,0.56,7.35,1.77,1.2,2.7,0.934,581
2023-10-27T00:00:00.000Z,1.7,5.97,4.2,3.3,4.73,1.029,576
2023-10-28T00:00:00.000Z,1.1,7.78,3.47,2.78,4.65,1.691,582
2023-10-29T00:00:00.000Z,0.2,4.09,1.9,0.6,2.29,0.902,577
2023-10-30T00:00:00.000Z,0.3,9.32,2.88,1.05,6.28,2.766,582
2023-10-31T00:00:00.000Z,0.2,3.95,0.75,0.55,0.98,0.395,585
2023-11-01T00:00:00.000Z,0.4,3.8,1.1,0.9,1.57,0.535,573
2023-11-02T00:00:00.000Z,0.6,18.13,8.25,6.05,13.76,4.627,572
2023-11-03T00:00:00.000Z,2.29,22.75,4.65,3.42,15.1,6.471,579
2023-11-04T00:00:00.000Z,1.83,11.5,4.93,3.7,7.5,2.548,583
2023-11-05T00:00:00.000Z,1.52,10.9,4.88,4.07,5.68,1.58,585
2023-11-06T00:00:00.000Z,0.9,32.08,9.44,1.63,13.46,8.299,572
2023-11-07T00:00:00.000Z,1.23,15.93,4.3,3.4,5.18,1.539,575
2023-11-08T00:00:00.000Z,2.29,27.05,7.35,5.28,10.19,3.906,571
2023-11-09T00:00:00.000Z,2.02,252.45,6.53,3.78,13.35,15.087,547
2023-11-10T00:00:00.000Z,2.95,19.82,7,5.18,8.55,2.72,571
2023-11-11T00:00:00.000Z,4.15,21.52,7.25,5.55,13.93,4.525,579
2023-11-12T00:00:00.000Z,1.95,55.47,4.05,3.42,5.18,3.487,355
2023-11-13T00:00:00.000Z,0.8,6.63,2.29,1.42,3.4,1.275,579
2023-11-14T00:00:00.000Z,0.5,3.5,1.41,1,1.8,0.671,580
2023-11-15T00:00:00.000Z,1.1,3.6,1.85,1.6,2.25,0.46,575
2023-11-16T00:00:00.000Z,1.5,9.44,2.78,2.29,3.63,0.903,580
2023-11-17T00:00:00.000Z,2.42,15.3,4.34,3.65,5.24,1.485,577
2023-11-18T00:00:00.000Z,2,13.32,4.28,3.15,7.3,2.418,576
2023-11-19T00:00:00.000Z,1.77,6.03,3.28,2.52,3.72,0.807,578
2023-11-20T00:00:00.000Z,2.42,12.88,3.85,3.33,5.07,2.045,580
2023-11-21T00:00:00.000Z,2.75,14.02,4.98,3.75,9.5,3.367,578
2023-11-22T00:00:00.000Z,1.88,7.25,3.69,3.25,4.78,1.104,584
2023-11-23T00:00:00.000Z,0.73,15.13,3.03,2.02,4.97,2.04,583
2023-11-24T00:00:00.000Z,0.28,4.57,0.8,0.6,1.1,0.53,583
2023-11-25T00:00:00.000Z,0.5,12.68,1.1,0.82,1.8,0.972,582
2023-11-26T00:00:00.000Z,0.73,28.27,2.8,1.6,4.82,2.302,579
2023-11-27T00:00:00.000Z,0.8,4.03,2.45,1.97,2.9,0.689,579
2023-11-28T00:00:00.000Z,1.6,22.2,2.72,2.38,3.08,1.573,551
2023-11-29T00:00:00.000Z,2.04,6.6,3.5,2.97,3.95,0.722,580
2023-11-30T00:00:00.000Z,2.58,11.93,4.97,4.05,5.9,1.346,579
2023-12-01T00:00:00.000Z,2.47,11.68,4.13,3.55,4.88,1.089,581
2023-12-02T00:00:00.000Z,3.22,15.77,6.07,5.22,8.43,1.862,573
2023-12-03T00:00:00.000Z,4.05,21.92,7.85,6.21,11.05,4.161,585
2023-12-04T00:00:00.000Z,3.15,17.67,6.72,4.47,12.3,3.946,555
2023-12-05T00:00:00.000Z,5.2,13,6.93,6.45,7.72,1.108,566
2023-12-06T00:00:00.000Z,1.58,8.93,3.82,2.64,4.8,1.571,584
2023-12-07T00:00:00.000Z,5.47,18.98,8.44,7,13.77,3.692,583
2023-12-08T00:00:00.000Z,11.4,24.7,15.64,14.3,17.3,2.958,582
2023-12-09T00:00:00.000Z,11.63,30.83,21.5,18.75,23.45,3.835,578
2023-12-10T00:00:00.000Z,2.85,23.9,9.63,5.63,13.89,5.172,580
2023-12-11T00:00:00.000Z,2.08,8.88,4.03,3.55,4.88,1.411,581
2023-12-12T00:00:00.000Z,1.95,14.2,5.72,4.53,7.47,2.357,579
2023-12-13T00:00:00.000Z,1.5,6.57,2.8,2.13,4.3,1.251,585
2023-12-14T00:00:00.000Z,1.67,11.2,3.5,2.66,4.09,1.048,581
2023-12-15T00:00:00.000Z,4.32,34.13,8,6.82,14.67,5.459,585
2023-12-16T00:00:00.000Z,5.07,25.58,9.13,7.8,11.1,3.727,584
2023-12-17T00:00:00.000Z,5.25,23.6,10.95,8.9,13.05,3.183,582
2023-12-18T00:00:00.000Z,3.67,24.65,10.05,7.57,13.24,4.264,584
2023-12-19T00:00:00.000Z,2.58,15.7,4.68,4.07,5.35,1.229,554
2023-12-20T00:00:00.000Z,1.52,7.7,3.58,3.03,4.59,1.157,586
2023-12-21T00:00:00.000Z,0.32,21.4,3.47,2.62,4.62,2.086,585
2023-12-22T00:00:00.000Z,0.4,6.4,1.7,1.14,2.17,0.818,582
2023-12-23T00:00:00.000Z,0.3,118.63,0.9,0.68,2.2,10.576,582
2023-12-24T00:00:00.000Z,0.4,18.63,1.63,0.93,2.97,2.259,580
2023-12-25T00:00:00.000Z,1.3,10.25,3.78,2.78,7.07,2.416,583
2023-12-26T00:00:00.000Z,0.63,79,1.73,1.27,2.17,5.685,502
2023-12-27T00:00:00.000Z,0.6,5.03,1.35,1.12,1.67,0.511,583
2023-12-28T00:00:00.000Z,0.25,17.85,5.18,2.35,8.3,4.106,583
2023-12-29T00:00:00.000Z,0.95,8.44,4.47,3.22,5.77,1.68,581
2023-12-30T00:00:00.000Z,0.5,19.85,2.97,1.88,5.68,3.053,583
2023-12-31T00:00:00.000Z,0.65,13.32,1.3,1.1,1.7,1.824,576
2024-01-01T00:00:00.000Z,0.13,6.03,0.95,0.38,3.21,1.579,580
2024-01-02T00:00:00.000Z,1.4,5.3,2.75,2.2,3.71,0.902,553
2024-01-03T00:00:00.000Z,0.52,2.65,1.42,1.1,1.77,0.409,581
2024-01-04T00:00:00.000Z,0.6,5.95,1.9,1.48,2.92,0.937,583
2024-01-05T00:00:00.000Z,1.55,25.42,3.44,2.8,5,1.91,582
2024-01-06T00:00:00.000Z,3.05,14.5,4.82,4.09,6.65,1.681,582
2024-01-07T00:00:00.000Z,4.03,10.35,6.72,5.6,7.9,1.499,583
2024-01-08T00:00:00.000Z,3,35.79,8.9,6.6,10.79,3.257,584
2024-01-09T00:00:00.000Z,7.63,39.72,19.17,15.32,22.4,4.608,586
2024-01-10T00:00:00.000Z,7.15,56.17,15.53,12.2,18.39,4.983,584
2024-01-11T00:00:00.000Z,1.1,30.02,7.92,3.13,14.44,8.379,584
2024-01-12T00:00:00.000Z,1.67,19.1,7.77,5.18,10.13,3.533,584
2024-01-13T00:00:00.000Z,1.27,31.88,4.87,3.3,7.5,4.174,582
2024-01-14T00:00:00.000Z,0.38,25.35,2.17,1.14,2.9,2.336,579
2024-01-15T00:00:00.000Z,0.28,23.17,0.94,0.6,2.04,2.184,582
2024-01-16T00:00:00.000Z,0.7,9.85,2.1,1.63,4.67,1.957,580
2024-01-17T00:00:00.000Z,0.4,29.05,2.29,1.73,3.7,5.673,583
2024-01-18T00:00:00.000Z,0.3,36.25,1.29,0.77,1.72,3.231,584
2024-01-19T00:00:00.000Z,0.6,7.75,1.8,1.13,3.15,1.518,584
2024-01-20T00:00:00.000Z,0.6,14.3,4.57,3.53,6.45,2.433,585
2024-01-21T00:00:00.000Z,2.38,50.65,16.64,7.87,28.25,12.769,581
2024-01-22T00:00:00.000Z,5,50.53,9.69,8.43,13.3,8.76,574
2024-01-23T00:00:00.000Z,2.17,11.6,7.3,6.13,8.15,1.679,582
2024-01-24T00:00:00.000Z,0.9,15.43,9.43,4.47,12.05,4.195,572
2024-01-25T00:00:00.000Z,1.08,40.5,4.3,3.12,5.57,2.786,585
2024-01-26T00:00:00.000Z,1.08,16.39,4.38,3.45,10.31,4.187,584
2024-01-27T00:00:00.000Z,2.5,9.48,6.63,5.28,7.47,1.562,583
2024-01-28T00:00:00.000Z,2.72,17.45,5.03,4.28,6.22,3.711,586
2024-01-29T00:00:00.000Z,2.97,41.7,8.05,4.63,22.33,8.954,579
2024-01-30T00:00:00.000Z,14.8,72.97,30.85,20.27,42.58,15.831,583
2024-01-31T00:00:00.000Z,0.9,36.6,3.58,2.92,5,4.305,584
2024-02-01T00:00:00.000Z,2.38,9.98,4.9,4.03,5.8,1.503,567
2024-02-02T00:00:00.000Z,1.1,17.57,7.97,4.65,9.43,3.107,562
2024-02-03T00:00:00.000Z,4.47,11.68,7.74,6.78,9.02,1.476,570
2024-02-04T00:00:00.000Z,2.52,8.3,4.82,4.09,5.68,1.084,577
2024-02-05T00:00:00.000Z,0.7,8.48,2,1.5,2.78,1.167,583
2024-02-06T00:00:00.000Z,0.4,18.92,1.63,1.3,2,1.95,585
2024-02-07T00:00:00.000Z,1,20,2.29,1.77,3.13,2.237,579
2024-02-08T00:00:00.000Z,0.9,12.13,2.4,1.91,3.28,1.186,560
2024-02-09T00:00:00.000Z,0.65,6.6,1.7,1.4,2.1,1.124,577
2024-02-10T00:00:00.000Z,1.88,8.43,4.05,2.88,5.78,1.611,579
2024-02-11T00:00:00.000Z,2.1,7.1,4.26,3.26,5.32,1.175,581
2024-02-12T00:00:00.000Z,3.45,16.88,6.8,5.47,7.9,1.985,581
2024-02-13T00:00:00.000Z,3.3,20.38,8.3,6.1,11.23,3.476,583
2024-02-14T00:00:00.000Z,3.58,32.79,16.2,9.02,19.39,6.28,578
2024-02-15T00:00:00.000Z,1,26.75,9.39,6.03,19.25,6.933,574
2024-02-16T00:00:00.000Z,0.6,35.53,19.23,8.38,24.55,9.237,578
2024-02-17T00:00:00.000Z,0.2,18.27,0.82,0.6,1.45,2.488,578
2024-02-18T00:00:00.000Z,0.88,12.85,2.6,2.1,3.55,1.863,579
2024-02-19T00:00:00.000Z,1.3,19.3,3.96,2.5,6.05,3.174,574
2024-02-20T00:00:00.000Z,1.48,14.63,6.55,4.2,9.07,3.048,583
2024-02-21T00:00:00.000Z,1.1,20.52,8.61,5.38,10.85,3.687,586
2024-02-22T00:00:00.000Z,1.9,29.98,6.65,4,17.85,8.102,583
2024-02-23T00:00:00.000Z,0.32,6.82,2.85,1.98,3.54,1.109,584
2024-02-24T00:00:00.000Z,1.27,9.52,3.5,2.97,4.55,1.682,583
2024-02-25T00:00:00.000Z,0.6,20.77,4.8,2.88,11.3,5.646,582
2024-02-26T00:00:00.000Z,1.77,20.07,7.03,5.24,10.11,3.599,581
2024-02-27T00:00:00.000Z,0.93,16.85,2.45,1.85,5.29,3.838,585
2024-02-28T00:00:00.000Z,8.5,40.65,21.13,13.17,27.22,7.682,585
2024-02-29T00:00:00.000Z,18.5,39.5,29.17,24.99,32.31,5.097,585
2024-03-01T00:00:00.000Z,23.33,50.13,33.22,27.35,40.9,7.097,569
2024-03-02T00:00:00.000Z,12.82,54.58,38.5,24.35,46.15,11.887,583
2024-03-03T00:00:00.000Z,17.67,54.38,26.26,22.1,40.67,11.011,582
2024-03-04T00:00:00.000Z,5.8,19.2,12.99,8.8,15.52,3.572,582
2024-03-05T00:00:00.000Z,4.55,17.48,8.6,6.63,12.45,3.226,582
2024-03-06T00:00:00.000Z,2.42,7.65,4.2,3.5,5.05,1.038,582
2024-03-07T00:00:00.000Z,3.22,28.65,6.82,5.72,7.67,2.546,573
2024-03-08T00:00:00.000Z,1.67,14.6,4.65,3.03,9.69,3.608,580
2024-03-09T00:00:00.000Z,0.77,6.93,1.77,1.4,2.78,1.151,580
2024-03-10T00:00:00.000Z,0.6,4.03,1.65,1,3.15,1.067,582
2024-03-11T00:00:00.000Z,2.8,5.28,3.88,3.5,4.2,0.494,565
2024-03-12T00:00:00.000Z,2.4,9.32,3.9,3.38,5.09,1.352,578
2024-03-13T00:00:00.000Z,6.3,20.1,8.48,7.1,13.98,3.994,57
2024-03-16T00:00:00.000Z,0.2,7.38,0.45,0.4,0.6,0.668,134
2024-03-17T00:00:00.000Z,0.3,9.6,0.65,0.5,0.8,0.543,574
2024-03-18T00:00:00.000Z,0.4,28.27,0.85,0.7,1.55,2.299,583
2024-03-19T00:00:00.000Z,1.12,29.27,3.35,2.04,10.7,8.293,583
2024-03-20T00:00:00.000Z,2.85,72.95,16.89,11.38,21.76,12.579,585
2024-03-21T00:00:00.000Z,1.2,22.95,11.1,3.2,17.02,6.647,585
2024-03-22T00:00:00.000Z,3.65,34.17,10.52,7.34,21.25,7.953,504
2024-03-23T00:00:00.000Z,1.17,7.03,3.85,2.58,5.07,1.415,545
2024-03-24T00:00:00.000Z,1.17,14.45,3.9,2.5,5.95,1.882,585
2024-03-25T00:00:00.000Z,0.3,7.8,0.82,0.6,1.72,1.069,588
2024-03-26T00:00:00.000Z,1.35,14.45,3.3,2.5,5.28,3.218,587
2024-03-27T00:00:00.000Z,2.97,13.3,5.38,3.92,10.24,3.3,589
2024-03-28T00:00:00.000Z,4.95,33.04,9.1,7.47,11.25,5.062,587
2024-03-29T00:00:00.000Z,1.92,24.15,7.68,3.83,13.24,6.087,369
2024-03-30T00:00:00.000Z,0.55,37.08,1.75,1.17,20.3,11.408,587
2024-03-31T00:00:00.000Z,1.08,23.35,9.75,2.83,12.65,5.427,586
2024-04-01T00:00:00.000Z,1.4,15.1,3.67,2.45,6.3,2.412,567
2024-04-02T00:00:00.000Z,0.28,19.23,1.75,1.1,3.2,1.552,587
2024-04-03T00:00:00.000Z,0.7,7,1.63,1.33,2.9,0.904,583
2024-04-04T00:00:00.000Z,0.52,4.2,1.98,1.4,2.4,0.663,587
2024-04-05T00:00:00.000Z,0.5,29.15,2.97,1.54,4.37,5.481,585
2024-04-06T00:00:00.000Z,0.8,33.08,3.5,1.8,6.8,5.291,587
2024-04-07T00:00:00.000Z,1.77,17.05,3.58,3.05,4.05,2.244,585
2024-04-08T00:00:00.000Z,1.92,8.3,3.63,3.17,4.25,0.911,573
2024-04-09T00:00:00.000Z,1,22.75,3.1,1.9,8.26,4.383,572
2024-04-10T00:00:00.000Z,1.35,21.88,3.55,2.85,4.5,3.864,574
2024-04-11T00:00:00.000Z,2.63,14.55,6.1,4.34,8.32,2.606,564
2024-04-12T00:00:00.000Z,3.75,37,12.84,9.73,18.2,5.99,566
2024-04-13T00:00:00.000Z,2.25,33.5,11.05,5.09,21.49,8.841,581
2024-04-14T00:00:00.000Z,2.9,15.3,4.78,4.2,5.38,1.989,578
2024-04-15T00:00:00.000Z,0.93,5.15,1.95,1.59,3.2,0.986,581
2024-04-16T00:00:00.000Z,0.3,6.3,0.95,0.64,1.58,1.18,576
2024-04-17T00:00:00.000Z,0.25,10.13,0.77,0.5,1.2,0.601,575
2024-04-18T00:00:00.000Z,0.35,10.98,0.9,0.63,1.2,0.933,561
2024-04-19T00:00:00.000Z,0.35,4.97,1.66,0.99,2.38,0.932,576
2024-04-20T00:00:00.000Z,0.68,7.47,2.49,1.8,3.83,1.236,562
2024-04-21T00:00:00.000Z,0.6,4.57,2,1.1,2.75,1.014,582
2024-04-22T00:00:00.000Z,0.9,5.05,2.1,1.7,2.72,0.664,575
2024-04-23T00:00:00.000Z,0.6,7.07,1.73,1.4,3.29,1.423,577
2024-04-24T00:00:00.000Z,1.1,7.68,3.7,2.72,5.2,1.534,574
2024-04-25T00:00:00.000Z,1.2,9.82,5.59,2.42,6.81,2.252,576
2024-04-26T00:00:00.000Z,1.3,5.18,2.78,2.2,3.15,0.68,566
2024-04-27T00:00:00.000Z,1.63,9.8,4.13,2.82,5.22,1.55,576
2024-04-28T00:00:00.000Z,1.2,12.6,2.5,2,3,2.602,424
2024-04-29T00:00:00.000Z,0.9,12,1.65,1.42,1.95,2.863,457
2024-04-30T00:00:00.000Z,0.2,10.27,0.85,0.63,1.12,0.652,567
2024-05-01T00:00:00.000Z,1,6.47,2.75,1.98,3.13,0.743,561
2024-05-02T00:00:00.000Z,0.5,4.75,1.52,1.27,1.95,0.537,575
2024-05-03T00:00:00.000Z,0.6,2.42,1.58,1.35,1.73,0.331,576
2024-05-04T00:00:00.000Z,1.5,11.05,2.27,2.02,2.85,1.952,366
2024-05-05T00:00:00.000Z,1.38,25.08,6.18,3.2,12.9,5.884,470
2024-05-06T00:00:00.000Z,0.4,30.02,1.77,1.02,4.5,9.252,577
2024-05-07T00:00:00.000Z,1.1,13.48,2.6,2.13,3.1,0.786,575
2024-05-08T00:00:00.000Z,1.6,12.3,6.2,3.92,7.4,2.127,578
2024-05-09T00:00:00.000Z,2.13,22,10.61,5.35,15.5,5.25,580
2024-05-10T00:00:00.000Z,1.38,17.63,3.66,2.52,10.35,4.268,582
2024-05-11T00:00:00.000Z,0.5,4.47,1.3,0.98,2,0.905,582
2024-05-12T00:00:00.000Z,1.33,10.32,3.47,2.6,5.46,2.008,580
2024-05-13T00:00:00.000Z,0.6,4.72,1.33,1.02,2.7,1.034,580
2024-05-14T00:00:00.000Z,0.3,5.13,0.9,0.7,1.1,0.43,584
2024-05-15T00:00:00.000Z,0.8,2.42,1.33,1.17,1.6,0.308,581
2024-05-16T00:00:00.000Z,1.58,5.3,3.57,3.25,4.03,0.669,574
2024-05-17T00:00:00.000Z,2,6,4.55,3.35,4.97,0.983,306
2024-05-18T00:00:00.000Z,2.2,5.6,3.47,3.15,3.92,0.59,538
2024-05-19T00:00:00.000Z,2.4,13.4,4.63,3.38,7,2.252,583
2024-05-20T00:00:00.000Z,1.14,14.3,3.4,2.65,4.7,1.298,582
2024-05-21T00:00:00.000Z,0.3,2.63,1.04,0.75,1.6,0.492,584
2024-05-22T00:00:00.000Z,0.3,3.83,2.4,0.9,2.85,1.008,582
2024-05-23T00:00:00.000Z,1.3,19.1,3.88,2.19,8.35,4.51,581
2024-05-24T00:00:00.000Z,0.93,17.88,2.7,1.8,11.2,5.684,583
2024-05-25T00:00:00.000Z,2.35,18.88,5.3,3.7,8.19,3.586,582
2024-05-26T00:00:00.000Z,2.29,13.07,5.57,4.5,8.15,2.736,581
2024-05-27T00:00:00.000Z,1.1,16.5,6.13,4.45,7.3,2.948,582
2024-05-28T00:00:00.000Z,1.23,20.05,5.5,3.1,11.25,5.037,581
2024-05-29T00:00:00.000Z,0.9,6.22,1.58,1.38,1.83,0.996,433
2024-05-30T00:00:00.000Z,1.3,9.19,4.15,3.03,6.21,1.996,584
2024-05-31T00:00:00.000Z,1.67,12.57,5.55,4.16,7.85,2.091,549
2024-06-01T00:00:00.000Z,3.3,20.17,5.22,4.55,12.75,5.107,567
2024-06-02T00:00:00.000Z,2.95,18.27,6.17,4.78,8.8,3.235,582
2024-06-03T00:00:00.000Z,1.4,16.64,6.13,3.41,7.78,3.14,581
2024-06-04T00:00:00.000Z,1.75,7.35,3.3,2.5,4.4,1.063,531
2024-06-05T00:00:00.000Z,0.8,18.55,2.67,1.95,6.28,4.298,537
2024-06-06T00:00:00.000Z,1.14,9.57,3.1,2.49,3.9,1.493,581
2024-06-07T00:00:00.000Z,1.6,9.6,3.41,2.7,4.4,1.138,578
2024-06-08T00:00:00.000Z,1.4,20.98,3.9,2.67,8.47,4.975,576
2024-06-09T00:00:00.000Z,1.08,4.65,2.22,1.85,2.63,0.619,573
2024-06-10T00:00:00.000Z,1.55,6.8,3.38,2.8,4.75,1.169,575
2024-06-11T00:00:00.000Z,1.7,6.53,2.92,2.45,4.07,1.157,577
2024-06-12T00:00:00.000Z,1.2,9.23,3.55,2.33,5.53,1.821,575
2024-06-13T00:00:00.000Z,1,3.72,2.1,1.75,2.52,0.487,455
2024-06-14T00:00:00.000Z,2.47,26.02,4,3.3,6.3,5.981,572
2024-06-15T00:00:00.000Z,1.63,9.44,3.2,2.38,4.37,1.637,504
2024-06-16T00:00:00.000Z,0.52,4.3,1.69,1.2,2.85,0.917,496
2024-06-17T00:00:00.000Z,0.98,8.44,1.95,1.55,3.67,1.615,506
2024-06-18T00:00:00.000Z,1.55,12.9,2.8,2.4,3.57,2.225,589
2024-06-19T00:00:00.000Z,1,7.53,3.42,2.1,4.75,1.565,571
2024-06-20T00:00:00.000Z,1.67,7.35,3.54,2.75,4.34,1.217,562
2024-06-21T00:00:00.000Z,1.02,5.75,2.85,2.2,3.95,1.056,567
2024-06-22T00:00:00.000Z,1.63,14.2,4.34,3.1,5.39,1.609,568
2024-06-23T00:00:00.000Z,0.7,5.45,2,1.15,3.17,1.207,384
2024-06-24T00:00:00.000Z,2.97,8.35,4.82,4.13,5.62,0.992,396
2024-06-25T00:00:00.000Z,1.38,9.88,3.42,2.85,5.55,2.009,579
2024-06-26T00:00:00.000Z,1.1,6.7,3.13,2.6,4.22,1.139,571
2024-06-27T00:00:00.000Z,1.4,8.4,4.15,3,5.45,1.583,575
2024-06-28T00:00:00.000Z,1.63,41.2,10.19,3.74,16.48,9.669,580
2024-06-29T00:00:00.000Z,0.82,3.55,2.2,1.8,2.58,0.518,579
2024-06-30T00:00:00.000Z,1.33,5.78,2.7,2.08,3.58,0.947,565
2024-07-01T00:00:00.000Z,0.93,3.85,1.8,1.42,2.4,0.709,575
2024-07-02T00:00:00.000Z,0.35,77.4,1.48,0.9,2,3.449,563
2024-07-03T00:00:00.000Z,0.6,6.45,1.8,1.2,2.54,1.231,579
2024-07-04T00:00:00.000Z,0.5,3.28,1.63,1.14,2.13,0.595,579
2024-07-05T00:00:00.000Z,0.9,4.93,2.04,1.7,2.52,0.772,580
2024-07-06T00:00:00.000Z,1.42,7.6,3.08,2.6,3.82,1.326,580
2024-07-07T00:00:00.000Z,0.9,5.05,2.1,1.7,3.2,0.918,580
2024-07-08T00:00:00.000Z,0.5,4.09,1.76,1.17,2.2,0.634,578
2024-07-09T00:00:00.000Z,0.5,4.4,1.38,1,2.22,0.869,578
2024-07-10T00:00:00.000Z,0.88,11,2.78,1.42,5.82,2.834,582
2024-07-11T00:00:00.000Z,1.6,10.98,5.03,3.78,6.7,1.954,575
2024-07-12T00:00:00.000Z,0.52,10.7,1.8,1.12,3.83,2.133,579
2024-07-13T00:00:00.000Z,1.45,11.18,2.9,2.08,3.75,1.309,580
2024-07-14T00:00:00.000Z,0.7,8.32,2.54,1.6,3.7,1.638,579
2024-07-15T00:00:00.000Z,0.8,6.53,2.13,1.5,3.75,1.322,579
2024-07-16T00:00:00.000Z,0.55,9.27,2.27,1.05,3.35,1.396,579
2024-07-17T00:00:00.000Z,1.1,13.77,4.07,2.17,6.32,3.008,578
2024-07-18T00:00:00.000Z,1.7,6.43,2.9,2.4,3.6,1.097,578
2024-07-19T00:00:00.000Z,1.2,14.93,3.4,2.67,4.18,1.138,572
2024-07-20T00:00:00.000Z,1.4,7.8,2.58,1.98,3.83,1.034,579
2024-07-21T00:00:00.000Z,1.05,11.52,2.4,2.02,2.9,0.881,580
2024-07-22T00:00:00.000Z,1.4,6.55,2.45,2,2.99,1.022,556
2024-07-23T00:00:00.000Z,1.02,5.25,2.6,2.04,3.47,0.911,579
2024-07-24T00:00:00.000Z,1,8.63,3.2,1.88,5.63,2.107,535
2024-07-25T00:00:00.000Z,1.1,5.57,2.41,2,3.15,0.89,578
2024-07-26T00:00:00.000Z,1.65,12.4,3.05,2.47,6.47,2.766,580
2024-07-27T00:00:00.000Z,0.6,8.88,1.77,1.4,3.55,1.978,577
2024-07-28T00:00:00.000Z,0.5,4.93,1.8,1.2,3.03,1.027,580
2024-07-29T00:00:00.000Z,0.88,4.9,1.95,1.42,2.95,0.891,578
2024-07-30T00:00:00.000Z,1,6.13,2.33,1.73,3.2,0.945,575
2024-07-31T00:00:00.000Z,0.7,7.7,2.33,1.25,3.82,1.847,573
2024-08-01T00:00:00.000Z,1.45,6.93,3.22,2.63,3.9,0.988,574
2024-08-02T00:00:00.000Z,1.1,7.43,2.6,2.04,5.25,1.776,576
2024-08-03T00:00:00.000Z,3.17,10.88,5.93,4.82,6.88,1.507,574
2024-08-04T00:00:00.000Z,1.2,18.14,5.74,3.78,11.7,4.313,570
2024-08-05T00:00:00.000Z,1.77,12.63,3.47,2.97,4.55,1.276,569
2024-08-06T00:00:00.000Z,0.6,5.9,2.02,1.45,2.92,1.143,567
2024-08-07T00:00:00.000Z,1.7,8.18,2.88,2.45,3.94,1.428,572
2024-08-08T00:00:00.000Z,1.02,6.4,2.27,1.92,2.67,0.632,571
2024-08-09T00:00:00.000Z,1.8,10.38,3.47,2.88,5.15,1.766,563
2024-08-10T00:00:00.000Z,2.27,5.72,4.07,3.65,4.5,0.657,566
2024-08-11T00:00:00.000Z,1,5.5,2.6,1.77,3.37,0.946,569
2024-08-12T00:00:00.000Z,0.3,2.22,0.77,0.52,1,0.322,565
2024-08-13T00:00:00.000Z,0.3,3.78,0.7,0.56,0.88,0.291,558
2024-08-14T00:00:00.000Z,0.7,4.07,1.48,1.3,1.67,0.516,533
2024-08-15T00:00:00.000Z,2.33,13.07,4.84,3.65,7.93,2.697,503
2024-08-16T00:00:00.000Z,0.38,7.07,2.02,1.4,3.65,1.427,463
2024-08-17T00:00:00.000Z,1,4.45,1.7,1.48,1.9,0.354,550
2024-08-18T00:00:00.000Z,1.23,28.3,2.65,2.27,4.09,2.218,554
2024-08-19T00:00:00.000Z,2.1,8.15,3.28,2.9,3.72,1.228,552
2024-08-20T00:00:00.000Z,3.3,16.32,8,4.63,12.45,3.967,563
2024-08-21T00:00:00.000Z,1.08,12.95,2.14,1.65,5.84,3.947,548
2024-08-22T00:00:00.000Z,1.35,14.48,4.13,2.63,7.77,3.534,565
2024-08-23T00:00:00.000Z,2.17,17.14,6.74,4.32,9.07,3.314,566
2024-08-24T00:00:00.000Z,1.2,7.38,2.8,2.27,4.47,1.426,572
2024-08-25T00:00:00.000Z,0.8,17.35,3.35,2.83,3.83,2.804,566
2024-08-26T00:00:00.000Z,2.75,23.4,10.5,7.55,12.38,3.942,555
2024-08-27T00:00:00.000Z,4.68,19.52,9.68,6.47,13.75,4.121,566
2024-08-28T00:00:00.000Z,4.43,16.13,7.26,6.32,8.63,2.343,558
2024-08-29T00:00:00.000Z,2.95,28.13,13.38,12.1,16.48,4.555,556
2024-08-30T00:00:00.000Z,2.1,23.48,3.96,3.1,9.03,5.741,552
2024-08-31T00:00:00.000Z,1.5,21.63,5.4,3.94,11.14,4.868,565
2024-09-01T00:00:00.000Z,1.1,8.13,1.95,1.6,3.63,1.891,533
2024-09-02T00:00:00.000Z,1.1,5.22,2.02,1.65,2.47,0.6,540
2024-09-03T00:00:00.000Z,3.13,16.67,7.47,4.28,8.98,2.407,512
2024-09-04T00:00:00.000Z,8.4,18.82,12.25,11.07,14.38,2.344,482
2024-09-05T00:00:00.000Z,5.68,14.75,9.22,7.72,12.38,2.55,534
2024-09-06T00:00:00.000Z,7.05,13.05,10.75,9.25,11.65,1.412,552
2024-09-07T00:00:00.000Z,6.3,13.77,9.31,8.24,10.19,1.497,492
2024-09-08T00:00:00.000Z,5.85,15.68,10.5,7.43,11.68,2.445,558
2024-09-09T00:00:00.000Z,1.45,21.67,10.57,3.15,13.27,5.461,535
2024-09-10T00:00:00.000Z,1.2,21.52,2.33,1.98,2.97,1.379,547
2024-09-11T00:00:00.000Z,0.47,9.27,1.5,1.04,1.92,0.701,569
2024-09-12T00:00:00.000Z,0.3,2.83,0.98,0.7,1.2,0.352,537
2024-09-13T00:00:00.000Z,0.2,2.6,0.7,0.5,0.95,0.347,534
2024-09-14T00:00:00.000Z,0.4,4.13,0.8,0.7,0.93,0.291,575
2024-09-15T00:00:00.000Z,0.5,6.75,1.2,0.98,1.45,0.683,567
2024-09-16T00:00:00.000Z,0.68,4.5,1.67,1.2,2.75,0.977,570
2024-09-17T00:00:00.000Z,0.9,19.3,2.65,2,3.49,1.2,572
2024-09-18T00:00:00.000Z,0.8,5.57,2.1,1.6,3.99,1.33,528
2024-09-19T00:00:00.000Z,1.5,5.93,2.95,2.38,3.9,1.05,566
2024-09-20T00:00:00.000Z,2.54,14.43,4.59,3.97,7.07,2.559,566
2024-09-21T00:00:00.000Z,6.7,23.5,12.85,10.07,15.12,3.252,576
2024-09-22T00:00:00.000Z,6.9,26.88,13.45,9.5,16.88,3.975,567
2024-09-23T00:00:00.000Z,12.73,33.17,18.27,16.27,20.55,4.158,479
2024-09-24T00:00:00.000Z,10.19,59.17,17.52,14.05,23.52,9.712,547
2024-09-25T00:00:00.000Z,0.7,35.7,1.77,1.35,2.29,6.263,518
2024-09-26T00:00:00.000Z,0.55,7,1.7,1.4,2.24,0.652,573
2024-09-27T00:00:00.000Z,0.45,6.95,1,0.73,1.2,0.429,431
2024-09-28T00:00:00.000Z,0.3,1.83,0.6,0.49,0.75,0.216,400
2024-09-29T00:00:00.000Z,0.28,8.44,0.7,0.5,0.9,0.516,523
2024-09-30T00:00:00.000Z,0.3,2.6,0.7,0.55,1.3,0.483,571
2024-10-01T00:00:00.000Z,0.3,1.52,0.65,0.52,0.8,0.191,566
2024-10-02T00:00:00.000Z,0.3,33.72,1.12,0.6,1.4,1.578,570
2024-10-03T00:00:00.000Z,0.52,9.05,2.1,1.27,2.75,0.975,553
2024-10-04T00:00:00.000Z,0.5,4.45,1.5,1.2,1.98,0.583,573
2024-10-05T00:00:00.000Z,0.55,5.88,1.23,1.02,1.6,0.419,577
2024-10-06T00:00:00.000Z,0.8,6.38,2.54,2.13,3.2,0.771,569
2024-10-07T00:00:00.000Z,1.1,12.13,1.95,1.67,2.8,2.388,574
2024-10-08T00:00:00.000Z,2.08,42.28,9.21,6.5,18.79,10.058,576
2024-10-09T00:00:00.000Z,7.43,47.38,23.73,12.57,30.58,12.118,572
2024-10-10T00:00:00.000Z,0.38,16.35,4.18,1.48,6.78,4.203,575
2024-10-11T00:00:00.000Z,0.3,3.67,0.9,0.6,1.52,0.803,572
2024-10-12T00:00:00.000Z,0.4,2.5,1.2,1,1.48,0.37,575
2024-10-13T00:00:00.000Z,1.3,5.43,3.3,2.6,3.95,0.902,575
2024-10-14T00:00:00.000Z,0.56,16.27,6.8,4.53,8.18,2.938,572
2024-10-15T00:00:00.000Z,4.07,23.85,9.19,7.88,11.3,3.094,571
2024-10-16T00:00:00.000Z,0.88,11.95,3.5,1.8,6.88,2.964,573
2024-10-17T00:00:00.000Z,3.08,13.35,5.53,4.55,8.49,2.308,573
2024-10-18T00:00:00.000Z,12.8,43.53,24.4,19.27,27.88,7.071,570
2024-10-19T00:00:00.000Z,6.63,54.47,20.14,9.19,24.76,10.836,573
2024-10-20T00:00:00.000Z,4.72,53.7,12.75,8.1,29.65,13.315,573
2024-10-21T00:00:00.000Z,4.72,14.25,7.02,6.15,8.32,1.889,570
2024-10-22T00:00:00.000Z,0.98,9.4,4.88,4.05,6.2,1.4,571
2024-10-23T00:00:00.000Z,2.17,5.97,3.78,3.42,4.34,0.622,572
2024-10-24T00:00:00.000Z,4.57,24.9,11.29,9.44,16.26,4.254,572
2024-10-25T00:00:00.000Z,12.23,57.08,24.2,17.34,39.86,12.765,509
2024-10-26T00:00:00.000Z,15.45,44.5,26.08,22.9,30.2,5.718,570
2024-10-27T00:00:00.000Z,1.12,60.33,4.07,2.95,35.28,18.571,569
2024-10-28T00:00:00.000Z,1.1,11.75,2.65,2.13,3.88,2.374,560
2024-10-29T00:00:00.000Z,0.3,10.57,1.44,1,3.25,2.614,568
2024-10-30T00:00:00.000Z,1.4,6.35,4.2,3.55,4.78,0.987,558
2024-10-31T00:00:00.000Z,2.38,7.8,4.47,3.85,5.09,0.898,555
2024-11-01T00:00:00.000Z,0.4,9.23,3.68,1,5.88,2.612,566
2024-11-02T00:00:00.000Z,0.28,3.35,0.85,0.6,1.33,0.546,571
2024-11-03T00:00:00.000Z,1.17,9.27,3.53,2.38,4.5,1.434,563
2024-11-04T00:00:00.000Z,0.2,5.32,1.12,0.6,1.77,0.711,543
2024-11-05T00:00:00.000Z,0.4,8.18,1.95,1.04,3.33,1.318,480
2024-11-06T00:00:00.000Z,1.1,15.32,4.38,2.58,6.94,3.42,477
2024-11-07T00:00:00.000Z,2.7,11.88,5.69,3.96,6.92,1.88,524
2024-11-08T00:00:00.000Z,2.38,6.82,5.03,4.53,5.47,0.88,503
2024-11-09T00:00:00.000Z,0.3,12.3,4.15,2.16,7.9,3.153,473
2024-11-10T00:00:00.000Z,9,24.95,12.8,10.68,17.39,4.441,431
2024-11-11T00:00:00.000Z,5.85,24.58,16.1,11.85,20.44,5.007,256
