date,min,max,pm25,q1,q3,stdev,count
2019-07-12T00:00:00.000Z,6.61,26,14.19,11.65,17.22,3.484,264
2019-07-13T00:00:00.000Z,8.94,46.94,15.06,12.67,17.61,4.189,715
2019-07-14T00:00:00.000Z,7.75,50.39,13.69,11.41,16.14,3.94,628
2019-07-15T00:00:00.000Z,2.88,40.99,6.22,5.16,7.9,3.933,715
2019-07-16T00:00:00.000Z,4.71,31.09,11.39,8.11,15.29,4.308,716
2019-07-17T00:00:00.000Z,7.87,46.99,27.96,23.92,34.65,8.092,720
2019-07-18T00:00:00.000Z,3.38,48.28,11.77,8.53,19.98,7.08,718
2019-07-19T00:00:00.000Z,5.71,32.61,17.54,12.91,23.81,6.127,720
2019-07-20T00:00:00.000Z,9.41,71.68,27.28,19.87,29.87,7.022,675
2019-07-21T00:00:00.000Z,13.28,41.76,19.92,17.84,23.25,4.913,348
2019-07-22T00:00:00.000Z,4.32,33.29,11.35,8.13,15.11,4.954,701
2019-07-23T00:00:00.000Z,0,137.18,4.79,1.28,7.83,8.724,702
2019-07-24T00:00:00.000Z,4.67,34.67,9.32,6.91,11.23,3.605,712
2019-07-25T00:00:00.000Z,7.49,37.82,12.05,10.51,16.38,4.862,720
2019-07-26T00:00:00.000Z,9.27,46.37,16.52,14.33,18.73,3.936,713
2019-07-27T00:00:00.000Z,12.68,70.34,20.57,18.04,23.57,5.14,716
2019-07-28T00:00:00.000Z,15.13,74.03,22,19.73,25.19,5.176,712
2019-07-29T00:00:00.000Z,7.32,75.7,28.54,10.99,31.89,10.098,718
2019-07-30T00:00:00.000Z,18.04,107.41,35.47,32.6,37.82,6.232,712
2019-07-31T00:00:00.000Z,15.66,53.58,31.69,29.12,34.92,4.575,716
2019-08-01T00:00:00.000Z,4.3,44.44,16.07,10.47,29.95,10.612,715
2019-08-02T00:00:00.000Z,8.83,109.08,16.66,14.27,20.09,5.606,716
2019-08-03T00:00:00.000Z,11.23,45.45,17.36,15.18,21.43,4.574,716
2019-08-04T00:00:00.000Z,2.82,102.61,11.8,10.5,14.57,7.326,716
2019-08-05T00:00:00.000Z,7.14,34.65,11.14,9.84,16.17,4.72,715
2019-08-06T00:00:00.000Z,14.66,44.38,23.11,20.11,27.49,5.718,716
2019-08-07T00:00:00.000Z,13.86,37.79,23.49,19.52,26.6,4.332,680
2019-08-08T00:00:00.000Z,12.33,92.88,23.35,17.16,28.84,7.083,715
2019-08-09T00:00:00.000Z,5.87,273.85,11.87,9.58,13.93,10.61,713
2019-08-10T00:00:00.000Z,2.38,85.28,5.49,4.33,9.44,6.544,715
2019-08-11T00:00:00.000Z,1.64,46.7,4.62,3.67,6.68,3.896,715
2019-08-12T00:00:00.000Z,5.09,60.6,8.41,7.09,9.81,3.821,711
2019-08-13T00:00:00.000Z,8.22,47.32,19.22,16.78,25.79,6.625,714
2019-08-14T00:00:00.000Z,25.15,47.34,35.25,31.24,38.04,4.908,712
2019-08-15T00:00:00.000Z,14.87,87.45,29.53,24.2,33.79,8.124,707
2019-08-16T00:00:00.000Z,8.58,41.35,16.8,11.31,22.59,6.347,716
2019-08-17T00:00:00.000Z,10.88,79.09,16.52,14.2,19.57,4.948,715
2019-08-18T00:00:00.000Z,4.62,73.61,23.7,21.18,27.35,5.528,716
2019-08-19T00:00:00.000Z,4.47,45.22,15.58,9.09,22.31,7.713,715
2019-08-20T00:00:00.000Z,8.76,150.87,12.57,11.28,14.86,6.554,715
2019-08-21T00:00:00.000Z,8.33,96.17,19.63,16.21,27.44,8.376,710
2019-08-22T00:00:00.000Z,6.38,41.51,12.63,10.66,16.42,4.675,687
2019-08-23T00:00:00.000Z,3.88,271.06,9.69,8.23,11.51,10.903,710
2019-08-24T00:00:00.000Z,1.96,43,5.05,3.79,8.9,5.041,716
2019-08-25T00:00:00.000Z,2.74,242.81,5.84,4.55,9.39,13.737,714
2019-08-26T00:00:00.000Z,2.15,59.31,4.84,3.57,6.79,5.902,713
2019-08-27T00:00:00.000Z,3.56,100.54,6.43,5.25,9.09,5.355,610
2019-08-28T00:00:00.000Z,4.73,33.02,8.31,7.41,9.61,2.744,666
2019-08-29T00:00:00.000Z,2,261.02,5.09,4.22,8.46,10.836,713
2019-08-30T00:00:00.000Z,2.94,101.75,8.36,6.16,10.32,6.893,711
2019-08-31T00:00:00.000Z,2.14,157.19,6.97,4.75,15.15,9.89,720
2019-09-01T00:00:00.000Z,2.22,307.33,7.04,4.42,10.26,27.46,713
2019-09-02T00:00:00.000Z,1.94,61.94,7.41,3.48,12.41,6.093,717
2019-09-03T00:00:00.000Z,6.64,33.76,10.82,8.53,15.45,4.423,700
2019-09-04T00:00:00.000Z,6.93,35.45,19.42,13.98,22.45,5.597,717
2019-09-05T00:00:00.000Z,1.28,92.63,5.25,3.45,11.19,8.82,714
2019-09-06T00:00:00.000Z,3.36,124.73,6.89,5.64,8.59,5.991,717
2019-09-07T00:00:00.000Z,1.39,114.05,5.72,4.3,8.84,8.131,716
2019-09-08T00:00:00.000Z,5.16,107.27,10.15,8.93,11.48,6.837,716
2019-09-09T00:00:00.000Z,1.85,43.1,7.65,4.29,12.63,6.377,718
2019-09-10T00:00:00.000Z,5.38,42.71,10.35,9.1,12.28,3.811,718
2019-09-11T00:00:00.000Z,4.65,680.19,13.32,8.27,19.77,43.021,707
2019-09-12T00:00:00.000Z,12.92,43.71,27.07,22.96,29.2,4.633,716
2019-09-13T00:00:00.000Z,1.85,42.28,5.74,3.7,9.73,5.56,717
2019-09-14T00:00:00.000Z,1.93,181.7,7.76,4.97,12.63,8.897,718
2019-09-15T00:00:00.000Z,2.45,78.67,8.96,7.09,11.58,5.682,717
2019-09-16T00:00:00.000Z,5.63,39.88,9.27,8.19,12.43,3.89,692
2019-09-17T00:00:00.000Z,1.4,35.42,4.32,3.14,9.84,7.522,719
2019-09-18T00:00:00.000Z,2.85,39.67,5.75,4.51,8.26,3.972,718
2019-09-19T00:00:00.000Z,0.79,21.86,4.97,4.03,7,3.749,714
2019-09-20T00:00:00.000Z,3.39,33.19,8.18,6.37,12.85,5.02,711
2019-09-21T00:00:00.000Z,5.98,116.22,13.88,11.68,16.97,6.98,717
2019-09-22T00:00:00.000Z,16.26,44.17,22.97,20.49,30.03,5.875,715
2019-09-23T00:00:00.000Z,16.8,56.24,23.35,21.51,27.38,4.177,714
2019-09-24T00:00:00.000Z,1.84,85.88,5.82,4.28,9.51,7.181,715
2019-09-25T00:00:00.000Z,2.59,170.39,6.42,4.95,8.68,7.45,715
2019-09-26T00:00:00.000Z,8.46,37.45,16.39,14.26,19,4.059,715
2019-09-27T00:00:00.000Z,3.19,83.72,11.16,8.31,13.17,5.027,695
2019-09-28T00:00:00.000Z,4.7,39.97,7.66,6.47,12.23,6.002,706
2019-09-29T00:00:00.000Z,1.99,41.16,12.03,5.55,22.95,9.397,719
2019-09-30T00:00:00.000Z,1.43,58.85,5.18,3.15,7.42,4.522,714
2019-10-01T00:00:00.000Z,1.49,57.24,6.22,3.61,11.15,5.706,719
2019-10-02T00:00:00.000Z,9.35,32.77,16.47,13.19,20.87,5.779,713
2019-10-03T00:00:00.000Z,1.59,35.33,6.19,4.38,8.6,4.515,714
2019-10-04T00:00:00.000Z,0.11,525.16,6.13,2.27,10.77,30.16,715
2019-10-05T00:00:00.000Z,1.66,64.33,5.3,3.44,9.19,6.041,717
2019-10-06T00:00:00.000Z,0.41,36.86,5.38,2.54,8.22,4.356,715
2019-10-07T00:00:00.000Z,0.52,31.82,3.73,2.13,6.07,4.448,718
2019-10-08T00:00:00.000Z,0.34,44.75,5.21,2.64,6.51,4.132,714
2019-10-09T00:00:00.000Z,3.53,31.06,7.72,5.08,9.98,3.851,713
2019-10-10T00:00:00.000Z,2.29,45.04,5.07,4.13,8.41,4.821,712
2019-10-11T00:00:00.000Z,0.77,34.18,3.53,2.18,5.83,4.223,714
2019-10-12T00:00:00.000Z,0.3,136.54,4.92,1.75,8.97,9.573,718
2019-10-13T00:00:00.000Z,3.91,42.71,7.74,5.63,11.74,5.414,698
2019-10-14T00:00:00.000Z,3.6,61.4,12.69,9.71,16.88,6.23,713
2019-10-15T00:00:00.000Z,3.82,34.25,7.86,6.45,10.37,3.473,703
2019-10-16T00:00:00.000Z,6.83,60.04,13.13,10.08,19.2,7.406,713
2019-10-17T00:00:00.000Z,0,42.45,1.19,0.52,2.64,6.179,712
2019-10-18T00:00:00.000Z,0,300.93,1.46,0.78,3.04,14.803,713
2019-10-19T00:00:00.000Z,2.7,138.31,9.11,4.88,11.86,11.17,716
2019-10-20T00:00:00.000Z,13.41,116.05,26.64,21.97,28.94,7.146,712
2019-10-21T00:00:00.000Z,6.63,42.38,12.11,9.48,15.18,4.73,713
2019-10-22T00:00:00.000Z,2.04,110.87,12.93,7.62,21.86,10.091,712
2019-10-23T00:00:00.000Z,0,1177.8,4.49,2.27,7.57,65.072,685
2019-10-24T00:00:00.000Z,2.62,36.7,5.95,4.18,9.66,4.62,608
2019-10-25T00:00:00.000Z,5.05,64.16,17.38,9.07,29.55,10.796,718
2019-10-26T00:00:00.000Z,4.61,65.66,14.27,9.14,19.02,6.619,717
2019-10-27T00:00:00.000Z,3.88,52.57,9.5,7.26,13.79,5.863,747
2019-10-28T00:00:00.000Z,0.57,54.06,4.91,2.99,8.81,6.389,710
2019-10-29T00:00:00.000Z,1.09,29.15,9.86,4.09,13.5,5.527,718
2019-10-30T00:00:00.000Z,5.75,553.84,15.97,11.88,19.47,27.83,719
2019-10-31T00:00:00.000Z,5.09,35.69,12.07,10.43,15.87,6.086,715
2019-11-01T00:00:00.000Z,0.18,39.9,2.77,1.59,6.69,4.752,716
2019-11-02T00:00:00.000Z,3.57,70.87,8.28,5.72,12.77,6.847,720
2019-11-03T00:00:00.000Z,5.21,42.7,14.52,10.27,17.8,5.104,718
2019-11-04T00:00:00.000Z,4.23,30.31,8.48,6.9,11.14,3.983,716
2019-11-05T00:00:00.000Z,4.04,50.38,12.11,6.3,15.74,5.957,717
2019-11-06T00:00:00.000Z,3.66,27.48,12.05,9.72,15.42,4.504,718
2019-11-07T00:00:00.000Z,13.73,34.56,20.73,18.43,23.9,3.847,719
2019-11-08T00:00:00.000Z,0.09,32.04,2.46,1.44,4.58,6.06,720
2019-11-09T00:00:00.000Z,0.99,73.7,5.46,3.01,8.5,6.05,717
2019-11-10T00:00:00.000Z,3.7,34.85,10.55,6.22,19.94,7.632,719
2019-11-11T00:00:00.000Z,24.23,54.28,33.15,29.91,37.76,4.799,719
2019-11-12T00:00:00.000Z,0.5,49.63,17.73,4.78,21.7,10.636,720
2019-11-13T00:00:00.000Z,0.44,45.59,2.75,1.86,4.16,3.424,718
2019-11-14T00:00:00.000Z,2.16,603.33,10.23,5.99,13.85,35.34,678
2019-11-15T00:00:00.000Z,10.36,43.16,23.13,17.07,26.87,5.665,718
2019-11-16T00:00:00.000Z,0.95,42.58,7.8,3.28,21.98,10.174,719
2019-11-17T00:00:00.000Z,1.61,85.98,5.94,3.64,9.49,6.199,718
2019-11-18T00:00:00.000Z,3.9,33.43,9,6.13,12.58,4.58,719
2019-11-19T00:00:00.000Z,0.9,40.1,14.56,8.64,17.2,6.458,713
2019-11-20T00:00:00.000Z,2.59,31.37,11.26,7.35,15.22,5.017,717
2019-11-21T00:00:00.000Z,7.68,59.46,12.79,10.18,15.39,4.744,719
2019-11-22T00:00:00.000Z,0.93,59.73,27.54,21.99,31.01,9.895,718
2019-11-23T00:00:00.000Z,1.41,46.84,7,4.86,12.12,6.28,718
2019-11-24T00:00:00.000Z,0.87,103.83,9.52,5.05,17.77,8.61,721
2019-11-25T00:00:00.000Z,14.96,165.97,30.19,28.48,32.44,7.249,720
2019-11-26T00:00:00.000Z,15.77,46.14,31.26,28.89,34.78,4.524,589
2019-11-27T00:00:00.000Z,14.54,43.33,24.82,22.03,28.5,4.446,729
2019-11-28T00:00:00.000Z,0,36.69,0.71,0,3.22,10.239,714
2019-11-29T00:00:00.000Z,0.38,42.42,2.38,1.49,3.56,3.803,715
2019-11-30T00:00:00.000Z,1.34,60.61,4.08,3.01,8.59,6.927,716
2019-12-01T00:00:00.000Z,4.3,78.61,9.19,6.38,16.89,7.452,717
2019-12-02T00:00:00.000Z,1.74,34.5,7.17,4.87,9.73,5.395,708
2019-12-03T00:00:00.000Z,0,26.76,4.46,1.53,8.4,4.116,716
2019-12-04T00:00:00.000Z,4.8,48.98,19.98,11.29,34.11,11.497,717
2019-12-05T00:00:00.000Z,0.88,45.51,17.69,4.45,33.79,14.025,717
2019-12-06T00:00:00.000Z,3.35,45.84,8.44,5.09,13.77,5.107,717
2019-12-07T00:00:00.000Z,1.56,54.87,4.76,3.49,10.36,8.002,716
2019-12-08T00:00:00.000Z,4.86,60.86,9.82,8.03,11.97,4.711,722
2019-12-09T00:00:00.000Z,4.01,71.02,16.8,11.56,21.3,7.23,666
2019-12-10T00:00:00.000Z,5.94,35.72,19.73,13.93,24.2,6.264,716
2019-12-11T00:00:00.000Z,0.84,56.53,8.65,6.44,14.43,5.71,711
2019-12-12T00:00:00.000Z,5.16,37.47,11.65,9.88,13.34,3.984,698
2019-12-13T00:00:00.000Z,7.77,58.99,17.72,11.78,25.85,8.512,712
2019-12-14T00:00:00.000Z,1.76,76.95,17.36,10.62,25.56,11.636,722
2019-12-15T00:00:00.000Z,0.3,78.34,8.41,4.29,17.12,10.582,711
2019-12-16T00:00:00.000Z,3.15,34.13,8.84,4.99,13.35,5.554,710
2019-12-17T00:00:00.000Z,3.64,47.81,15.49,10.61,20.39,6.034,668
2019-12-18T00:00:00.000Z,2.8,40.86,16.09,7.59,20.41,8.066,594
2019-12-19T00:00:00.000Z,0.91,36.11,7.49,3.61,10.09,5.398,708
2019-12-20T00:00:00.000Z,4.49,58.03,11.48,8.86,13.36,5.18,711
2019-12-21T00:00:00.000Z,4.82,61.96,15.8,9.02,25.4,10.498,694
2019-12-22T00:00:00.000Z,24.65,72.91,44.38,34.77,51.79,9.557,709
2019-12-23T00:00:00.000Z,14.94,143.32,42.04,37.34,44.88,9.725,707
2019-12-24T00:00:00.000Z,2.36,42.46,22.56,6.64,31.66,12.418,703
2019-12-25T00:00:00.000Z,4.63,42.68,12.03,7.26,18.29,5.946,700
2019-12-26T00:00:00.000Z,19.1,61.36,33.76,28.58,41.33,7.506,700
2019-12-27T00:00:00.000Z,5.98,59.63,13.24,8.94,21.29,7.903,710
2019-12-28T00:00:00.000Z,17.75,76.56,35.25,26.32,41.11,8.988,715
2019-12-29T00:00:00.000Z,20.59,86.04,29.79,28.15,31.99,4.825,716
2019-12-30T00:00:00.000Z,1.23,41.81,7.2,3.72,15.03,11.352,719
2019-12-31T00:00:00.000Z,1.28,49.69,11.61,4.9,15.78,7.999,714
2020-01-01T00:00:00.000Z,0.72,41.28,2.5,1.73,4.32,8.698,715
2020-01-02T00:00:00.000Z,6.16,43.09,15.18,11.97,23.51,7.524,709
2020-01-03T00:00:00.000Z,10.02,120.48,21.7,16.05,34.97,11.277,709
2020-01-04T00:00:00.000Z,17.39,57.12,30.68,26.45,38.28,7.041,663
2020-01-05T00:00:00.000Z,0,35.22,2.21,0.83,5.25,5.441,657
2020-01-06T00:00:00.000Z,2.23,33.52,13.4,7.74,21.28,7.959,682
2020-01-07T00:00:00.000Z,5.65,55.19,12.04,9.38,16.66,5.473,663
2020-01-08T00:00:00.000Z,1.76,82.21,19.3,8.83,27.93,11.214,633
2020-01-09T00:00:00.000Z,1,19.88,2.93,2.13,4.42,2.166,542
2020-01-10T00:00:00.000Z,3.96,57.72,9.81,6.85,14.41,6.032,525
2020-01-11T00:00:00.000Z,1.96,41.6,7.19,4.51,12.06,6.003,683
2020-01-12T00:00:00.000Z,0,33.59,3.78,1.36,7.79,4.998,697
2020-01-13T00:00:00.000Z,1.41,77.15,7.48,4.65,13.92,7.609,657
2020-01-14T00:00:00.000Z,12.16,44.33,23.46,18.14,28.48,6.059,601
2020-01-15T00:00:00.000Z,15.78,58.03,29.37,22.36,35.58,7.414,599
2020-01-16T00:00:00.000Z,0.56,63.3,31.64,4.26,37.61,15.822,655
2020-01-17T00:00:00.000Z,0.19,26.94,2.6,1.77,3.85,3.621,660
2020-01-18T00:00:00.000Z,1.61,67.47,7.57,3.5,12.67,8.022,689
2020-01-19T00:00:00.000Z,3.29,60.09,12.3,7.35,21.73,8.783,704
2020-01-20T00:00:00.000Z,0.28,26.06,3.39,1.97,5.92,4.445,676
2020-01-21T00:00:00.000Z,1.2,84.98,5.57,3.35,8.07,5.219,623
2020-01-22T00:00:00.000Z,5.84,28.1,9.11,7.69,12.14,5.418,36
2020-01-23T00:00:00.000Z,31.51,115.88,39.65,38.21,41.05,10.022,128
2020-01-24T00:00:00.000Z,22.79,87.51,39.61,34.31,43.6,8.058,410
2020-01-25T00:00:00.000Z,5.37,43.34,19.77,11.06,31.55,10.157,449
2020-01-26T00:00:00.000Z,3.74,43.38,10.31,7.76,13.84,5.072,477
2020-01-27T00:00:00.000Z,4.09,54.27,10.89,9.33,12.3,4.422,379
2020-01-28T00:00:00.000Z,0.34,153.66,2.45,1.48,4.99,9.326,412
2020-01-29T00:00:00.000Z,0,22.81,2.72,0.66,5.05,3.713,459
2020-01-30T00:00:00.000Z,2.72,191.37,9.15,5.71,12.04,10.07,438
2020-01-31T00:00:00.000Z,5.49,31.97,11.01,8.98,14.85,4.907,429
2020-02-01T00:00:00.000Z,10.19,86.85,35.35,23.19,39.65,10.012,484
2020-02-02T00:00:00.000Z,10.45,66.37,33.31,19.48,37.6,9.998,490
2020-02-03T00:00:00.000Z,3.59,39.57,26.79,13.44,29.72,9.366,476
2020-02-04T00:00:00.000Z,10.71,38.06,21.46,16.62,26.84,6.471,393
2020-02-05T00:00:00.000Z,3.06,36.11,9.92,6.68,20.11,7.603,386
2020-02-06T00:00:00.000Z,5.39,101.89,14.13,10.6,21.48,8.502,354
2020-02-07T00:00:00.000Z,0,63.34,17.95,6.18,30.66,12.229,332
2020-02-08T00:00:00.000Z,1.4,96.65,4.42,3.18,11.36,8.748,398
2020-02-09T00:00:00.000Z,13.91,73.06,21.57,18.47,26.76,6.8,518
2020-02-10T00:00:00.000Z,7.54,39.94,15.67,12.05,23.55,7.234,556
2020-02-11T00:00:00.000Z,11.49,45,27.82,19.05,34.11,8.29,535
2020-02-12T00:00:00.000Z,7.1,41.03,15.34,11.42,18.62,5.023,558
2020-02-13T00:00:00.000Z,9.94,41.32,23.44,17.84,27.53,7.083,528
2020-02-14T00:00:00.000Z,2.27,67.98,5.97,4.9,7.93,5.393,508
2020-02-15T00:00:00.000Z,3.15,51.65,7.94,5.52,10.57,4.875,438
2020-02-16T00:00:00.000Z,7.18,89.7,14,10.02,22.45,8.841,510
2020-02-17T00:00:00.000Z,9.57,66.68,19.66,16.64,23.32,6.288,481
2020-02-18T00:00:00.000Z,7.78,88.1,18.01,13.77,21.51,7.992,430
2020-02-19T00:00:00.000Z,2.43,46.77,9,5.16,29.61,13.678,602
2020-02-20T00:00:00.000Z,2.94,34.01,6.05,4.83,8.24,3.631,656
2020-02-21T00:00:00.000Z,2.06,33.18,4.92,3.66,6.72,3.985,662
2020-02-22T00:00:00.000Z,8.9,41.49,13.6,11.84,16.03,3.418,654
2020-02-23T00:00:00.000Z,11.12,102.78,15.78,14.49,18.73,5.572,669
2020-02-24T00:00:00.000Z,9.61,98.65,28.06,20.3,33.27,8.932,691
2020-02-25T00:00:00.000Z,9.4,45.6,26.13,17.6,33.7,8.991,623
2020-02-26T00:00:00.000Z,8.31,52.94,18.97,16.48,25.66,6.568,540
2020-02-27T00:00:00.000Z,0,30.63,3.36,1.9,12.19,7.072,706
2020-02-28T00:00:00.000Z,2.09,28,11.82,7.5,15.09,4.695,725
2020-02-29T00:00:00.000Z,2.42,29.72,6.95,5.78,9.77,3.678,720
2020-03-01T00:00:00.000Z,2.96,32.13,7.79,6.2,9.36,4.135,720
2020-03-02T00:00:00.000Z,8.61,34.08,16.61,13.15,20.05,5.011,709
2020-03-03T00:00:00.000Z,11.45,46.35,22.73,17.98,29.17,6.518,721
2020-03-04T00:00:00.000Z,0.61,44.44,5.57,3.7,10,11.974,718
2020-03-05T00:00:00.000Z,3.43,23.63,6.87,5.36,8.34,3.363,719
2020-03-06T00:00:00.000Z,4.84,36.63,18.14,11.87,24.99,7.764,717
2020-03-07T00:00:00.000Z,0.61,65.84,6.96,3.64,10.01,7.311,717
2020-03-08T00:00:00.000Z,2.5,54.55,6.16,4.34,9.82,5.998,712
2020-03-09T00:00:00.000Z,5.71,54.64,13.25,10.64,17.35,4.961,721
2020-03-10T00:00:00.000Z,8.14,27.74,13.53,11.39,18.3,4.313,720
2020-03-11T00:00:00.000Z,0.64,33.64,7.55,4.28,10.88,4.783,719
2020-03-12T00:00:00.000Z,6.12,56,14.09,10.09,18.3,5.313,719
2020-03-13T00:00:00.000Z,1.84,32.86,14.78,9.48,20.53,7.379,721
2020-03-14T00:00:00.000Z,1,13.09,3.46,2.76,4.2,1.383,717
2020-03-15T00:00:00.000Z,2.23,18.05,4.05,3.53,4.8,1.891,718
2020-03-16T00:00:00.000Z,1.93,19.23,4.65,3.68,6.8,2.387,719
2020-03-17T00:00:00.000Z,2.64,32.61,9.31,4.84,15.11,7.268,717
2020-03-18T00:00:00.000Z,4.01,26.46,12.95,9.66,16.75,4.911,723
2020-03-19T00:00:00.000Z,3.8,40.04,8.82,7.07,15.27,7.229,718
2020-03-20T00:00:00.000Z,5.89,39,27.13,23.89,30.02,6.152,717
2020-03-21T00:00:00.000Z,0.63,24.04,3.24,2.54,3.84,1.515,720
2020-03-22T00:00:00.000Z,2.31,21.84,6.02,4.3,7,1.885,718
2020-03-23T00:00:00.000Z,1.74,15.2,5.68,4.86,7.13,1.898,719
2020-03-24T00:00:00.000Z,0.32,24.5,2.93,1.69,4.47,2.214,718
2020-03-25T00:00:00.000Z,3.82,17.18,6.82,5.77,9.24,2.436,718
2020-03-26T00:00:00.000Z,5.62,27.68,9.53,8.55,11.51,2.594,720
2020-03-27T00:00:00.000Z,0.97,21.86,13.01,3.27,15.07,6.053,718
2020-03-28T00:00:00.000Z,1.96,32.38,5.42,4.01,8.94,3.681,723
2020-03-29T00:00:00.000Z,0.93,17.82,3.78,2.72,7.48,3.441,690
2020-03-30T00:00:00.000Z,1.86,38,9.24,5.32,26.48,11.302,718
2020-03-31T00:00:00.000Z,0.16,36.9,7.58,3.98,15.91,10.202,723
2020-04-01T00:00:00.000Z,2.43,14.58,6.23,4.19,7.88,2.109,702
2020-04-02T00:00:00.000Z,0,12.3,4.5,1.36,5.59,2.293,720
2020-04-03T00:00:00.000Z,0,6.82,0.81,0.16,1.15,0.729,722
2020-04-04T00:00:00.000Z,0,10.28,1.02,0.35,2.12,1.486,721
2020-04-05T00:00:00.000Z,3.04,34.26,13.89,6.58,22.63,8.779,720
2020-04-06T00:00:00.000Z,0.86,35.11,10.7,2.79,17.29,9.105,667
2020-04-07T00:00:00.000Z,1.3,16.8,3.56,2.66,4.76,1.936,614
2020-04-08T00:00:00.000Z,2.52,42.58,17.41,9.16,27.51,10.849,716
2020-04-09T00:00:00.000Z,0.22,33.49,11.63,7.29,15.23,5.352,721
2020-04-10T00:00:00.000Z,0,10.02,2.78,1.86,4.13,1.69,717
2020-04-11T00:00:00.000Z,0.95,15.62,3.66,2.62,4.61,1.631,723
2020-04-12T00:00:00.000Z,3.38,32.22,7.61,6.15,10.18,3.878,723
2020-04-13T00:00:00.000Z,2.09,30.98,8.31,6.58,10.36,3.073,720
2020-04-14T00:00:00.000Z,0.2,11.51,2.66,1.84,4.13,1.526,704
2020-04-15T00:00:00.000Z,4.95,16.07,7,6.49,7.7,1.656,213
2020-04-16T00:00:00.000Z,2.95,23.73,8.69,6.09,12.27,3.599,720
2020-04-17T00:00:00.000Z,2.8,31.38,10.13,5.68,12.28,5.253,716
2020-04-18T00:00:00.000Z,0.96,38.79,18.13,4.78,29.35,11.268,719
2020-04-19T00:00:00.000Z,4.61,23.32,13.18,10.44,14.58,3.237,719
2020-04-20T00:00:00.000Z,0.6,46.6,7.78,2.71,9.78,4.313,719
2020-04-21T00:00:00.000Z,1.08,22.39,7.79,5.2,13.71,4.904,723
2020-04-22T00:00:00.000Z,0.95,16.23,3.93,3.05,5.55,2.269,720
2020-04-23T00:00:00.000Z,4.05,39.04,10.02,6,16.61,6.539,718
2020-04-24T00:00:00.000Z,5.07,75.36,12.75,9.8,16.77,5.074,719
2020-04-25T00:00:00.000Z,3.86,41.65,14.91,11.22,18.41,6.08,720
2020-04-26T00:00:00.000Z,1.46,14.95,7.04,5.47,8.36,2.304,723
2020-04-27T00:00:00.000Z,0,6.29,0.78,0.26,1.87,1.19,722
2020-04-28T00:00:00.000Z,0.4,9.86,2.62,2.02,3.42,1.358,718
2020-04-29T00:00:00.000Z,5.04,21.76,12.36,8.09,14.38,3.674,727
2020-04-30T00:00:00.000Z,4.53,21.59,8.61,7.05,10.66,3.018,722
2020-05-01T00:00:00.000Z,0,21.78,9.44,7.93,11.36,4.188,715
2020-05-02T00:00:00.000Z,0.44,14.64,3.07,1.79,3.88,1.571,723
2020-05-03T00:00:00.000Z,4.48,23.6,8.73,7.59,10.44,2.059,719
2020-05-04T00:00:00.000Z,0.07,22.22,6.34,3.19,10.86,5.275,721
2020-05-05T00:00:00.000Z,0.09,9.85,3.02,2.15,3.62,1.216,724
2020-05-06T00:00:00.000Z,1.82,50.67,5.77,4.19,7.58,5.467,727
2020-05-07T00:00:00.000Z,1.88,14.47,5.18,3.47,9.81,3.373,548
2020-05-08T00:00:00.000Z,1.28,20.84,4.36,3.28,9.34,4.717,520
2020-05-09T00:00:00.000Z,0,26.37,1.52,1.07,2.43,6.83,474
2020-05-10T00:00:00.000Z,0.51,8.52,2.38,1.55,3.42,1.461,353
2020-05-11T00:00:00.000Z,0.78,12.21,5.54,4.9,6.81,2.148,481
2020-05-12T00:00:00.000Z,0,12.44,2.93,1.27,3.68,1.669,696
2020-05-13T00:00:00.000Z,2.18,28.54,4,3.44,4.53,1.444,718
2020-05-14T00:00:00.000Z,2.67,14.88,5.92,4.58,7.56,1.868,717
2020-05-15T00:00:00.000Z,8.94,30,14.64,12.2,21.9,6.061,721
2020-05-16T00:00:00.000Z,0.18,33.72,2.59,1.31,13.76,6.849,720
2020-05-17T00:00:00.000Z,0.55,8.81,2.63,1.76,4.74,1.886,725
2020-05-18T00:00:00.000Z,0.26,8.24,1.96,1.41,3.53,1.426,705
2020-05-19T00:00:00.000Z,2.5,50.83,4.26,3.74,5.19,3.566,718
2020-05-20T00:00:00.000Z,0.89,22.36,3.26,2.6,3.9,1.448,720
2020-05-21T00:00:00.000Z,1.02,15.49,4.47,2.96,6.02,2.178,714
2020-05-22T00:00:00.000Z,1.5,15.43,5.21,3.65,6.82,2.021,720
2020-05-23T00:00:00.000Z,0.77,27.83,9.38,7.28,12.69,4.374,718
2020-05-24T00:00:00.000Z,2.38,14.39,5.32,4.62,6.35,1.612,717
2020-05-25T00:00:00.000Z,1.62,19.78,7.02,5.91,8.46,2.593,719
2020-05-26T00:00:00.000Z,0.34,40.94,18.69,6.56,27.74,11.828,716
2020-05-27T00:00:00.000Z,0.78,22.12,4.67,2.41,11.09,5.235,714
2020-05-28T00:00:00.000Z,2.36,13.71,7.46,5.5,8.63,2.115,717
2020-05-29T00:00:00.000Z,6.09,17.25,9.78,8.78,10.97,2.113,717
2020-05-30T00:00:00.000Z,1.39,14.85,5.7,3.49,7.87,3.078,721
2020-05-31T00:00:00.000Z,0,38.09,1,0.5,5.38,2.953,720
2020-06-01T00:00:00.000Z,0.53,77.2,1.86,1.41,2.34,3.093,657
2020-06-02T00:00:00.000Z,1.8,15.36,5.19,4.36,6.34,1.611,719
2020-06-03T00:00:00.000Z,3.25,25.81,12.95,6.39,17.34,5.994,717
2020-06-04T00:00:00.000Z,2.54,29.51,11.67,7.86,13.91,4.019,715
2020-06-05T00:00:00.000Z,9.1,27.34,17.8,14.83,20.81,4.174,720
2020-06-06T00:00:00.000Z,5,34.83,16.04,10.23,21.16,6.48,718
2020-06-07T00:00:00.000Z,0.86,132.34,2.89,2.02,4,5.571,718
2020-06-08T00:00:00.000Z,1.35,192.66,3.03,2.5,3.49,8.989,718
2020-06-09T00:00:00.000Z,2.72,33.58,7.65,5.47,8.57,2.262,716
2020-06-10T00:00:00.000Z,10.11,353.03,17.27,14.07,20.91,18.663,718
2020-06-11T00:00:00.000Z,7.6,21.52,11.12,9.84,14.5,3.04,717
2020-06-12T00:00:00.000Z,1.31,30.42,6.98,3.11,19.96,8.975,714
2020-06-13T00:00:00.000Z,0.07,28.61,1.95,0.82,4.24,2.463,718
2020-06-14T00:00:00.000Z,0,282.7,1.66,0.8,3.96,11.606,716
2020-06-15T00:00:00.000Z,2.25,266.41,4.19,3.51,5.04,10.97,717
2020-06-16T00:00:00.000Z,2.66,12.54,4.88,3.92,7.5,2.489,716
2020-06-17T00:00:00.000Z,0.25,61.37,5.09,4.17,6.26,3.879,718
2020-06-18T00:00:00.000Z,2,25.28,7.82,4.01,10.8,4.684,717
2020-06-19T00:00:00.000Z,2.48,20.98,11.79,6.72,13.76,4.382,717
2020-06-20T00:00:00.000Z,3.19,25.29,14.99,10.72,17.6,5.207,718
2020-06-21T00:00:00.000Z,3.05,21.28,11.47,6.63,14.36,4.234,717
2020-06-22T00:00:00.000Z,3.02,14.24,7.54,6.29,9.36,1.96,716
2020-06-23T00:00:00.000Z,5.67,26.13,15.89,9.75,18.68,5.111,649
2020-06-24T00:00:00.000Z,2.24,37.61,16.1,4.73,31.1,12.551,645
2020-06-25T00:00:00.000Z,4.58,13.3,7.67,6.59,8.86,1.49,644
2020-06-26T00:00:00.000Z,4.25,30.03,11.04,6.41,19.8,7.237,642
2020-06-27T00:00:00.000Z,4,31.19,16.64,12.66,19.95,6.082,599
2020-06-28T00:00:00.000Z,5.31,33.2,17.77,14.93,20.47,3.821,574
2020-06-29T00:00:00.000Z,3.47,24.83,13.17,11.24,14.83,2.585,544
2020-06-30T00:00:00.000Z,3.17,21.3,7.31,6.02,9.25,2.407,544
2020-07-01T00:00:00.000Z,1.58,37.52,9.48,5.82,12.63,6.486,531
2020-07-02T00:00:00.000Z,3.71,35.93,12.67,8.13,18.6,5.753,534
2020-07-03T00:00:00.000Z,17.52,40.96,26.17,24.66,27.64,2.82,530
2020-07-04T00:00:00.000Z,3.84,36.02,14.94,12.34,21.58,7.187,579
2020-07-05T00:00:00.000Z,9.49,92.27,29.96,25.12,33.76,14.412,543
2020-07-06T00:00:00.000Z,14.14,40.74,27.42,22.73,30.12,5.336,345
2020-07-07T00:00:00.000Z,11.48,31.98,18.54,17.35,20.39,2.616,536
2020-07-08T00:00:00.000Z,11.54,57.55,19.55,17.46,22.7,4.277,534
2020-07-09T00:00:00.000Z,3.92,39.79,20.02,15.12,22.38,7.731,570
2020-07-10T00:00:00.000Z,1.64,63.13,6.66,5.52,8.63,3.238,553
2020-07-11T00:00:00.000Z,0.04,45.36,5.22,2.54,18.2,8.403,569
2020-07-12T00:00:00.000Z,4.53,49.25,9.98,8,11.04,3.286,565
2020-07-13T00:00:00.000Z,6.1,21,9.81,8.61,12.09,2.881,563
2020-07-14T00:00:00.000Z,2.93,83.5,6.43,5.12,7.79,4.155,552
2020-07-15T00:00:00.000Z,4.68,15.07,7.95,6.86,11.03,2.494,551
2020-07-16T00:00:00.000Z,1.96,19.23,4.26,3.4,6,1.927,551
2020-07-17T00:00:00.000Z,1.96,30.13,4.61,3.1,17.77,7.8,560
2020-07-18T00:00:00.000Z,6.05,30.22,17.02,12.59,22.7,5.971,569
2020-07-19T00:00:00.000Z,13.3,33.22,23.92,21.62,27.09,4.139,591
2020-07-20T00:00:00.000Z,7.93,40.82,26.35,12.91,31.21,8.464,548
2020-07-21T00:00:00.000Z,7.48,16.76,9.85,9.07,11.53,1.946,539
2020-07-22T00:00:00.000Z,8.36,33.7,19.7,12.51,25.04,6.729,534
2020-07-23T00:00:00.000Z,2.89,59.98,15.09,5.93,17.47,6.599,539
2020-07-24T00:00:00.000Z,1.73,27.31,12.83,9.61,14.3,4.101,543
2020-07-25T00:00:00.000Z,6.29,36.35,17.25,12.58,29.19,8.805,565
2020-07-26T00:00:00.000Z,8.35,31.88,14.07,12.09,15.9,2.986,506
2020-07-27T00:00:00.000Z,9.09,21.29,16.05,14.05,18.05,2.555,517
2020-07-28T00:00:00.000Z,6.77,84.21,20.07,11.13,28.44,8.734,485
2020-07-29T00:00:00.000Z,6.49,23.46,12.82,9.28,15.2,3.534,495
2020-07-30T00:00:00.000Z,9.36,74.68,15.66,12.98,17.47,5.237,494
2020-07-31T00:00:00.000Z,4.33,154.78,13.53,9.17,15.8,7.621,511
2020-08-01T00:00:00.000Z,7.51,31.09,15.18,11.46,22.45,6.135,500
2020-08-02T00:00:00.000Z,7.11,21.74,11.47,9.07,13.83,2.911,483
2020-08-03T00:00:00.000Z,4.13,36.58,7.72,5.83,16.37,5.585,479
2020-08-04T00:00:00.000Z,0,249.29,7.09,4.51,9.24,12.35,551
2020-08-05T00:00:00.000Z,0.93,15.89,8.97,6.04,11.05,3.435,618
2020-08-06T00:00:00.000Z,10.53,31.61,16.41,14.72,19.09,3.795,634
2020-08-07T00:00:00.000Z,10.71,35.97,17.73,14.68,20.79,4.124,637
2020-08-08T00:00:00.000Z,7.02,38.36,14.79,11.88,18.6,6.274,638
2020-08-09T00:00:00.000Z,2.72,29.67,13.77,7.12,19.45,7.307,626
2020-08-10T00:00:00.000Z,12.56,35.51,25.57,23.31,28.65,4.069,622
2020-08-11T00:00:00.000Z,7.72,125.17,24.75,20.74,27.09,6.704,639
2020-08-12T00:00:00.000Z,13.17,99.13,30.08,24.45,33.17,6.862,626
2020-08-13T00:00:00.000Z,9.3,29.18,18.73,15.82,21,4.042,630
2020-08-14T00:00:00.000Z,11.04,36.38,20.87,17.12,27.41,5.713,632
2020-08-15T00:00:00.000Z,10.64,34.54,16.78,13,18.78,3.611,643
2020-08-16T00:00:00.000Z,8.55,56.51,14.81,11.81,18.38,4.531,640
2020-08-17T00:00:00.000Z,7.07,23.88,12.09,10.03,13.72,2.277,605
2020-08-18T00:00:00.000Z,2.2,18.45,6.3,4.96,9.68,3.619,624
2020-08-19T00:00:00.000Z,5.4,32.17,10.09,8.34,12.64,3.716,584
2020-08-20T00:00:00.000Z,1.36,26.78,4.76,3.17,6.48,6.736,575
2020-08-21T00:00:00.000Z,4.63,19.05,11.02,7.12,12.64,3.208,578
2020-08-22T00:00:00.000Z,11.88,28.17,18.53,17.17,21.77,3.45,527
2020-08-23T00:00:00.000Z,6.87,32.59,16.8,14.09,19.82,4.667,524
2020-08-24T00:00:00.000Z,5.84,28.15,10.33,8.97,11.75,2.14,481
2020-08-25T00:00:00.000Z,8.28,50.67,14.34,11.4,20.16,5.486,490
2020-08-26T00:00:00.000Z,0.6,27.76,3.36,2.23,4.95,4.873,511
2020-08-27T00:00:00.000Z,2.35,29.95,7.46,3.83,21.46,9.129,554
2020-08-28T00:00:00.000Z,5.61,29.66,15.58,10.68,17.98,5.049,518
2020-08-29T00:00:00.000Z,3.43,31.59,9.13,7.07,11.26,6.313,505
2020-08-30T00:00:00.000Z,0.28,72.16,3.68,1.77,5.44,4.291,513
2020-08-31T00:00:00.000Z,0.56,36.11,2.63,1.73,3.46,2.37,506
2020-09-01T00:00:00.000Z,0.84,21.7,2.98,2.22,4.08,1.743,528
2020-09-02T00:00:00.000Z,1.98,13.67,5.27,4.5,7.09,1.867,513
2020-09-03T00:00:00.000Z,2.59,17.75,9.52,5.05,14.18,4.55,497
2020-09-04T00:00:00.000Z,3.56,33.15,14.66,9.16,16.72,6.586,512
2020-09-05T00:00:00.000Z,0.66,28.17,2.52,2.02,4.03,2.553,499
2020-09-06T00:00:00.000Z,3.38,17.93,7.74,5.93,9.14,2.1,497
2020-09-07T00:00:00.000Z,0.8,11.23,6.13,2.36,7.31,2.66,480
2020-09-08T00:00:00.000Z,0.95,205.29,4.21,2.19,8.16,12.206,413
2020-09-09T00:00:00.000Z,4.83,29.47,9.02,7.88,12.13,3.138,384
2020-09-10T00:00:00.000Z,0.14,112.95,6.71,3.54,10.26,7.424,397
2020-09-11T00:00:00.000Z,1.35,27.56,6.35,4.55,15.11,7.371,350
2020-09-12T00:00:00.000Z,1.36,25.14,3.86,3.04,4.84,2.827,323
2020-09-13T00:00:00.000Z,1.68,14.36,3.69,3.08,4.26,1.079,381
2020-09-14T00:00:00.000Z,2.18,75.63,4.21,3.47,6.14,4.605,343
2020-09-15T00:00:00.000Z,0.1,15.51,1.46,0.83,2.68,1.797,331
2020-09-16T00:00:00.000Z,1,314.35,4.37,2.91,6.44,15.514,422
2020-09-17T00:00:00.000Z,1.09,14.42,6.69,3.67,9.66,3.205,360
2020-09-18T00:00:00.000Z,4.93,28.22,10.82,9.72,11.97,2.24,354
2020-09-19T00:00:00.000Z,0.07,231.15,1.05,0.75,1.9,12.471,437
2020-09-20T00:00:00.000Z,0.46,18.46,1.73,1.35,2.74,2.185,417
2020-09-21T00:00:00.000Z,0.51,31.17,3.12,2.16,4.63,2.981,399
2020-09-22T00:00:00.000Z,1.47,17.68,3.8,2.95,5.16,2.115,423
2020-09-23T00:00:00.000Z,2.63,105.89,6.31,3.91,10.21,7.328,462
2020-09-24T00:00:00.000Z,12.59,34.83,19.34,17.3,21.16,2.976,457
2020-09-25T00:00:00.000Z,18.48,47.02,34.32,29.66,38.29,6.634,469
2020-09-26T00:00:00.000Z,4.76,93.65,27.76,10.54,31.05,11.743,484
2020-09-27T00:00:00.000Z,2.6,184.22,11.67,8.18,17.48,10.94,496
2020-09-28T00:00:00.000Z,0.85,27.11,10.07,6.12,12.94,4.489,457
2020-09-29T00:00:00.000Z,6.45,18.7,11.67,8.91,14.05,2.924,445
2020-09-30T00:00:00.000Z,0,30.64,2.98,0.65,7.61,5.772,401
2020-10-01T00:00:00.000Z,2.73,17.25,7.63,6.71,8.47,2.208,322
2020-10-02T00:00:00.000Z,1.19,83.33,4.78,3.5,6.71,5.104,290
2020-10-03T00:00:00.000Z,1.21,23.79,4.53,3.54,5.38,2.281,294
2020-10-04T00:00:00.000Z,2.64,60.24,5.59,4.09,7.34,6.329,308
2020-10-05T00:00:00.000Z,2.95,42.24,6.71,5.52,8.09,2.772,315
2020-10-06T00:00:00.000Z,3,81.58,9.93,8.32,16.88,8.394,344
2020-10-07T00:00:00.000Z,6.29,30.41,13.45,10.74,22.27,7.216,328
2020-10-08T00:00:00.000Z,0.67,12.54,1.82,1.46,2.34,1.488,322
2020-10-09T00:00:00.000Z,1.39,17.04,3.58,2.78,4.58,2.113,370
2020-10-10T00:00:00.000Z,3.34,86.21,7.75,5.17,17.48,9.465,401
2020-10-11T00:00:00.000Z,8.85,112.65,18.38,12.75,23.14,8.093,422
2020-10-12T00:00:00.000Z,0.4,37.63,2.87,2.13,3.93,3.701,381
2020-10-13T00:00:00.000Z,0.05,135.04,2.22,1.46,3.36,7.977,411
2020-10-14T00:00:00.000Z,1.97,23.21,5,3.69,7.26,2.73,413
2020-10-15T00:00:00.000Z,3.24,16,8.19,6.96,9.03,2.043,395
2020-10-16T00:00:00.000Z,0.84,13.8,3.34,2.59,4.65,1.812,395
2020-10-17T00:00:00.000Z,0.98,14.92,3.61,2.54,4.47,2.464,432
2020-10-18T00:00:00.000Z,1.22,119.43,18.36,4.86,25.07,11.606,392
2020-10-19T00:00:00.000Z,2.39,37.85,5.32,4.47,6.8,3.017,415
2020-10-20T00:00:00.000Z,2.85,19.32,7.75,4.74,10.88,3.701,407
2020-10-21T00:00:00.000Z,5.93,213.36,14.32,12.11,17.73,12.495,380
2020-10-22T00:00:00.000Z,14.71,46.64,27.23,20.86,32.19,6.671,389
2020-10-23T00:00:00.000Z,7.34,43.77,17.85,14.91,30.15,10.075,374
2020-10-24T00:00:00.000Z,0.77,22.03,10.11,5.69,14.84,5.38,399
2020-10-25T00:00:00.000Z,0.27,41.21,3.12,1.9,5.13,4.153,483
2020-10-26T00:00:00.000Z,2.48,33.67,13.1,4.58,17.76,7.639,459
2020-10-27T00:00:00.000Z,2.38,33.51,8.98,4.71,28.27,11.382,405
2020-10-28T00:00:00.000Z,2.2,36.65,9.82,4.47,14.8,6.56,427
2020-10-29T00:00:00.000Z,1.27,26.25,6.21,4.15,8.83,3.452,423
2020-10-30T00:00:00.000Z,0,43.93,1.82,0.53,3.68,5.206,449
2020-10-31T00:00:00.000Z,7.14,27.56,15.18,11.21,17.29,3.619,429
2020-11-01T00:00:00.000Z,4.53,17.21,8.83,7.16,10.42,2.422,460
2020-11-02T00:00:00.000Z,0,11.63,1.12,0.63,2.13,1.759,425
2020-11-03T00:00:00.000Z,1.58,20.83,5.7,4.54,7.38,2.281,450
2020-11-04T00:00:00.000Z,3.21,36.04,7.7,5.54,11.33,5.07,317
2020-11-05T00:00:00.000Z,5.68,32.95,11.32,8.46,16.36,7.493,308
2020-11-06T00:00:00.000Z,8.38,50.05,13.11,11.61,16.77,4.221,309
2020-11-07T00:00:00.000Z,15.61,35.65,21.54,18.66,26.77,5.155,366
2020-11-08T00:00:00.000Z,19.39,118.07,31.73,28.82,36.58,8.516,305
2020-11-09T00:00:00.000Z,14.42,85.3,43.71,40.47,45.88,10.054,259
2020-11-10T00:00:00.000Z,5.05,130.91,29.66,15.89,35.67,12.443,288
2020-11-11T00:00:00.000Z,1.93,20.28,6.83,3.93,8.74,3.812,309
2020-11-12T00:00:00.000Z,1.43,25.67,7.04,5.57,8.96,3.188,297
2020-11-13T00:00:00.000Z,1.67,27.17,5.75,4.13,7.44,2.944,270
2020-11-14T00:00:00.000Z,5.07,27.2,12.11,8.83,15,3.833,276
2020-11-15T00:00:00.000Z,5.41,35.97,11.84,9.78,14.56,5.289,242
2020-11-16T00:00:00.000Z,0.62,15,2.64,1.86,3.49,2.404,250
2020-11-17T00:00:00.000Z,3.53,38.46,6.54,5.2,8.73,4.696,246
2020-11-20T00:00:00.000Z,10.42,15.48,12.34,11.58,12.76,0.954,37
2020-11-21T00:00:00.000Z,10.32,29.78,19.3,17.12,20.8,2.873,272
2020-11-22T00:00:00.000Z,1.29,34.76,5.98,3.56,9.22,4.39,273
2020-11-23T00:00:00.000Z,0.03,23.71,5.11,2.36,14.04,6.575,248
2020-11-24T00:00:00.000Z,2.91,17.39,6.75,4.57,8.78,2.504,243
2020-11-25T00:00:00.000Z,4.16,23.85,9.05,6.71,10.61,2.598,271
2020-11-26T00:00:00.000Z,3.12,19.04,6.98,5.59,9.86,3.538,271
2020-11-27T00:00:00.000Z,2.85,55.64,10.77,5.35,13.29,5.887,257
2020-11-28T00:00:00.000Z,2.41,42.21,6.79,5.07,11.36,6.274,255
2020-11-29T00:00:00.000Z,8.52,85.38,13.27,12.1,15.33,9.142,267
2020-11-30T00:00:00.000Z,4.59,24.56,10.96,9.26,13.4,3.434,246
2020-12-01T00:00:00.000Z,2.86,80.55,5.97,4.48,9.75,6.833,233
2020-12-02T00:00:00.000Z,2,14.84,3.52,3.09,4.63,1.749,251
2020-12-03T00:00:00.000Z,4.46,24.91,11.47,5.5,14.85,5.657,196
2020-12-04T00:00:00.000Z,3.76,18.23,11.09,7.45,13.02,3.401,252
2020-12-05T00:00:00.000Z,3.41,32.43,13.72,6.95,17.96,7.494,231
2020-12-06T00:00:00.000Z,0,18.3,1.74,0.66,7.6,4.212,292
2020-12-07T00:00:00.000Z,1.64,15.16,3.54,2.88,5.09,1.757,230
2020-12-08T00:00:00.000Z,1.48,15.97,4.25,3.24,5.44,1.947,208
2021-04-10T00:00:00.000Z,4.2,23,9.65,7.7,11.1,3.529,234
2021-04-11T00:00:00.000Z,4.9,41.8,17.5,12.8,26,8.423,387
2021-04-12T00:00:00.000Z,1.4,22.1,5.2,3.6,7.25,2.886,361
2021-04-13T00:00:00.000Z,0.8,28,3.7,2.29,5.7,5.617,374
2021-04-14T00:00:00.000Z,2.2,37.8,6.6,4.8,10.75,5.24,373
2021-04-15T00:00:00.000Z,2.4,36.9,19.3,14.7,22.2,6.977,388
2021-04-16T00:00:00.000Z,0,30.9,2.2,0.9,7.75,4.739,360
2021-04-17T00:00:00.000Z,0,17.1,0.9,0.35,2.4,1.911,369
2021-04-18T00:00:00.000Z,1.3,266.2,4.9,3.6,6.1,18.64,381
2021-04-19T00:00:00.000Z,5,19.5,9.1,7.35,11.05,2.844,381
2021-04-20T00:00:00.000Z,6.7,25.1,11.4,8.9,16.1,4.315,375
2021-04-21T00:00:00.000Z,0.2,117.9,8.7,6.3,10.4,8.292,379
2021-04-22T00:00:00.000Z,0.6,10.1,2.9,1.9,4.5,2.112,359
2021-04-23T00:00:00.000Z,1.4,16.6,4.3,3.2,6.4,2.113,358
2021-04-24T00:00:00.000Z,7.2,123.6,14.1,13.3,15.1,5.976,388
2021-04-25T00:00:00.000Z,8.3,46.1,23.3,18.1,27,7.711,407
2021-04-26T00:00:00.000Z,1.5,19.4,4.2,2.4,9.8,3.915,363
2021-04-27T00:00:00.000Z,2,311,4.2,3.2,7.3,15.988,377
2021-04-28T00:00:00.000Z,10.7,38.9,18,14.7,26.2,6.435,407
2021-04-29T00:00:00.000Z,13.3,45.8,30.8,26.45,36.45,7.244,393
2021-04-30T00:00:00.000Z,0,25.3,2.3,0.9,10.6,6.545,331
2021-05-01T00:00:00.000Z,0,8.7,1.6,0.6,2.4,1.359,332
2021-05-02T00:00:00.000Z,2.4,22.4,5.8,5.09,7,1.986,378
2021-05-03T00:00:00.000Z,3.7,30.6,8.6,6.7,9.69,2.45,375
2021-05-04T00:00:00.000Z,4.4,202.5,11.15,9.4,14.15,12.182,372
2021-05-05T00:00:00.000Z,5.2,86.4,18.5,14,24.1,8.08,382
2021-05-06T00:00:00.000Z,0,22,1.8,0.8,2.5,2.394,345
2021-05-07T00:00:00.000Z,0.3,17.7,2.29,1.2,4.59,2.263,363
2021-05-08T00:00:00.000Z,0.7,20.5,3.7,2.1,5.9,2.889,384
2021-05-09T00:00:00.000Z,2.1,27.3,5.85,4.8,9.4,4.181,378
2021-05-10T00:00:00.000Z,0,29.3,3.3,1.1,10.2,7.929,374
2021-05-11T00:00:00.000Z,1.2,252.9,2.7,2.2,3.5,13.785,341
2021-05-12T00:00:00.000Z,0.1,58.8,1.5,1.1,2.4,3.226,365
2021-05-13T00:00:00.000Z,0.7,43.3,2.6,1.8,4.1,3.291,354
2021-05-14T00:00:00.000Z,2.4,51.2,4.5,3.4,5.9,6.536,371
2021-05-15T00:00:00.000Z,4.1,17.8,6.6,5.9,8,1.878,366
2021-05-16T00:00:00.000Z,4.6,18.3,8.75,6.8,10.3,2.629,390
2021-05-17T00:00:00.000Z,6.1,27.7,11.3,9.5,13.05,2.701,361
2021-05-18T00:00:00.000Z,6.5,18.2,10.5,9.3,12.55,2.426,300
2021-05-20T00:00:00.000Z,2.9,9.6,4.6,4,5.3,1.22,65
2021-05-21T00:00:00.000Z,4.9,9,6.9,6.35,7.5,0.84,161
2021-05-22T00:00:00.000Z,6.8,28.8,16.3,12.9,18.7,3.475,363
2021-05-23T00:00:00.000Z,5.9,28.4,13,9.3,14.8,3.775,375
2021-05-24T00:00:00.000Z,1.1,34.4,2.8,2.1,3.5,3.669,370
2021-05-25T00:00:00.000Z,1.3,42.2,7.1,3.6,10.19,5.745,389
2021-05-26T00:00:00.000Z,8.1,32.5,20.5,12.85,28.3,8.003,384
2021-05-27T00:00:00.000Z,2.2,31.7,8.4,4.2,12.05,4.828,369
2021-05-28T00:00:00.000Z,0.9,31.7,3.2,2,4.3,2.437,373
2021-05-29T00:00:00.000Z,0,10.9,2.1,0.6,3.8,2.447,315
2021-05-30T00:00:00.000Z,1,22.3,3.4,2.7,4.2,2.039,373
2021-05-31T00:00:00.000Z,0,26.5,0.7,0.2,2,2.538,331
2021-06-01T00:00:00.000Z,3.8,40.2,13.2,9.1,17.3,5.85,395
2021-06-02T00:00:00.000Z,7.9,28.1,13.5,10.8,16.64,3.867,381
2021-06-03T00:00:00.000Z,4,29.8,14.05,9.2,21.45,7.291,392
2021-06-04T00:00:00.000Z,1.5,41.5,12,9.1,15.4,5.051,392
2021-06-05T00:00:00.000Z,8.8,24.2,14.65,12.4,16.7,3.275,386
2021-06-06T00:00:00.000Z,11.6,32.7,20.2,18.4,22.4,3.141,392
2021-06-07T00:00:00.000Z,21.2,39.9,30.3,27.1,33.79,4.494,462
2021-06-08T00:00:00.000Z,2,32.9,19.1,14.85,25.05,6.993,445
2021-06-09T00:00:00.000Z,6.1,20.8,10.7,9.1,13.5,2.957,440
2021-06-10T00:00:00.000Z,2.9,20.2,8.5,6.9,12.2,3.351,400
2021-06-11T00:00:00.000Z,3.1,18.6,6,4.8,9.6,2.773,522
2021-06-12T00:00:00.000Z,1.3,40.5,5.2,3.1,8,4.19,589
2021-06-13T00:00:00.000Z,3.1,15.2,7.3,6.2,8.19,1.886,567
2021-06-14T00:00:00.000Z,2,14.7,4.9,3.55,6.5,1.824,589
2021-06-15T00:00:00.000Z,2.9,16.4,8.6,6.1,11.3,3.12,569
2021-06-16T00:00:00.000Z,1.6,20.9,6,3.6,7.1,2.672,579
2021-06-17T00:00:00.000Z,1.2,54.9,2.6,2.2,3.2,4.622,568
2021-06-18T00:00:00.000Z,2.8,16.1,6.3,5.4,7.2,1.634,585
2021-06-19T00:00:00.000Z,7.5,33.1,13.7,9.4,18.95,5.635,565
2021-06-20T00:00:00.000Z,6.3,32.8,10.8,8.05,15.35,5.712,565
2021-06-21T00:00:00.000Z,10.4,39.5,18.9,14.8,26.3,6.715,591
2021-06-22T00:00:00.000Z,2,18.6,8.5,4.9,12.3,4.056,583
2021-06-23T00:00:00.000Z,0.6,31.4,2.1,1.6,3.55,2.738,576
2021-06-24T00:00:00.000Z,1.6,80.9,4.6,3.3,7.5,5.421,592
2021-06-25T00:00:00.000Z,1.7,30.4,4.5,3.7,5.75,2.027,560
2021-06-26T00:00:00.000Z,4.3,15.8,6.9,6,8.19,1.719,587
2021-06-27T00:00:00.000Z,6.2,89.2,10.4,8,12.1,4.956,571
2021-06-28T00:00:00.000Z,6.7,38.2,10.2,8.5,12.2,2.969,573
2021-06-29T00:00:00.000Z,4.1,86.7,11.5,6.7,14.1,5.394,562
2021-06-30T00:00:00.000Z,8.1,32.3,12.6,11.05,14.3,2.638,589
2021-07-01T00:00:00.000Z,4.1,457.2,13.7,9.4,18,25.277,573
2021-07-02T00:00:00.000Z,4.8,33.6,10.4,8.4,19.2,6.587,577
2021-07-03T00:00:00.000Z,0,37.7,1.5,0.3,3.2,6.411,525
2021-07-04T00:00:00.000Z,1.4,28.9,6.4,4.7,8.8,3.56,600
2021-07-05T00:00:00.000Z,9.9,520.4,41.2,17.2,53.95,61.709,573
2021-07-06T00:00:00.000Z,3.9,58.6,22.6,21,35.5,7.851,577
2021-07-07T00:00:00.000Z,11.3,42.9,29.95,24.4,34.4,6.779,564
2021-07-08T00:00:00.000Z,9,81.8,31.4,26.15,38.79,9.483,568
2021-07-09T00:00:00.000Z,0.2,35.4,5.5,1.5,17.5,9.151,576
2021-07-10T00:00:00.000Z,7.2,22.7,11.9,9.9,15.3,3.32,578
2021-07-11T00:00:00.000Z,10.5,31.4,19.39,17.6,21.7,3.413,602
2021-07-12T00:00:00.000Z,1.6,43.4,18.89,14.35,25.4,9.011,585
2021-07-13T00:00:00.000Z,3.6,48.9,13.05,6.8,19.6,6.759,562
2021-07-14T00:00:00.000Z,6.5,29,16.6,13.4,20.4,4.921,587
2021-07-15T00:00:00.000Z,6.7,27.9,12.7,10.9,15.4,4.165,572
2021-07-16T00:00:00.000Z,16.5,138.6,21.8,20,24,5.574,599
2021-07-17T00:00:00.000Z,12.1,48,21.3,18.6,28.9,5.953,590
2021-07-18T00:00:00.000Z,2.6,30.1,9,6.3,11.8,4.898,558
2021-07-19T00:00:00.000Z,0.8,58.1,5.3,2.8,7.7,4.354,566
2021-07-20T00:00:00.000Z,9.8,143,51.5,23.55,75.8,26.545,561
2021-07-21T00:00:00.000Z,30.7,103.9,42.5,38.6,80.3,22.298,555
2021-07-22T00:00:00.000Z,6.6,42.7,13.8,11.9,14.7,6.699,551
2021-07-23T00:00:00.000Z,5,47.6,10.4,7.9,12.4,4.883,561
2021-07-24T00:00:00.000Z,11.6,599.9,16.4,14.5,20,30.974,548
2021-07-25T00:00:00.000Z,14.9,37.3,22.6,20,25.7,4.294,551
2021-07-26T00:00:00.000Z,10.9,53.6,34.15,28.85,39,8.822,552
2021-07-27T00:00:00.000Z,31.3,58.1,43.7,40.9,51.6,6.48,550
2021-07-28T00:00:00.000Z,14,33.1,24.1,22.6,26,3.27,546
2021-07-29T00:00:00.000Z,18.2,33.2,22.4,21.2,24.3,2.849,551
2021-07-30T00:00:00.000Z,7.1,41.3,18,13.9,31.9,9.498,547
2021-07-31T00:00:00.000Z,0.9,26.7,2.7,2,3.8,2.549,535
2021-08-01T00:00:00.000Z,4.6,56.9,7.4,6.3,8.5,4.057,553
2021-08-02T00:00:00.000Z,3.7,28.4,8.5,6.2,13.4,5.084,563
2021-08-03T00:00:00.000Z,3.4,24.4,5.8,5,6.8,2.189,551
2021-08-04T00:00:00.000Z,8.1,21.6,12,10.7,13.75,2.429,541
2021-08-05T00:00:00.000Z,5.9,36.4,10.2,9.4,11.3,3.079,574
2021-08-06T00:00:00.000Z,14.2,36,20.4,18.9,21.6,2.3,532
2021-08-07T00:00:00.000Z,10.4,32.7,20.2,18.2,21.5,3.128,519
2021-08-08T00:00:00.000Z,6.2,30,12.9,10.3,15,2.993,519
2021-08-09T00:00:00.000Z,5,26.6,14,10.7,15.7,3.752,531
2021-08-10T00:00:00.000Z,2.4,29.9,15.6,7.5,19.39,6.673,515
2021-08-11T00:00:00.000Z,4.7,28.3,20.6,17.9,22.8,3.879,535
2021-08-12T00:00:00.000Z,5.7,32.9,11.3,8.8,13.7,4.491,535
2021-08-13T00:00:00.000Z,7.6,22.2,11.3,9.5,14.15,3.184,536
2021-08-14T00:00:00.000Z,8.1,23.5,12.8,11.1,14.2,2.149,503
2021-08-15T00:00:00.000Z,3.4,15.8,5.9,5.2,7.45,1.836,504
2021-08-16T00:00:00.000Z,4.5,42.4,7.8,6.1,9.19,3.557,465
2021-08-17T00:00:00.000Z,4.1,18.4,6.1,5.5,7.2,1.918,501
2021-08-18T00:00:00.000Z,4.3,28,7.5,5.8,9.19,2.284,495
2021-08-19T00:00:00.000Z,0.6,27.7,5.1,3,6.6,3.178,482
2021-08-20T00:00:00.000Z,0.2,14.4,2.9,1.6,3.7,1.98,499
2021-08-21T00:00:00.000Z,3.9,25.7,10.7,9,13.15,3.575,540
2021-08-22T00:00:00.000Z,0.9,44.8,5.9,5.25,7.8,3.483,381
2021-08-23T00:00:00.000Z,0.1,26.9,12.1,7.1,17.1,6.899,447
2021-08-24T00:00:00.000Z,0,42,10.5,2.9,12.8,5.621,504
2021-08-25T00:00:00.000Z,12.2,189.9,16.1,14.7,19,12.736,517
2021-08-26T00:00:00.000Z,20.9,34.9,29.9,27.5,31.3,2.734,513
2021-08-27T00:00:00.000Z,11.5,41.1,26.7,23,28.4,3.859,523
2021-08-28T00:00:00.000Z,3.5,30.5,17.25,8.4,21,6.875,462
2021-08-29T00:00:00.000Z,0.7,22.7,5.5,1.85,9.7,4.318,469
2021-08-30T00:00:00.000Z,7,24,15.6,9.7,18.8,4.972,503
2021-08-31T00:00:00.000Z,8.1,21.8,12.6,11,13.8,2.588,522
2021-09-01T00:00:00.000Z,10.6,25.2,15.4,14.2,17.2,2.256,536
2021-09-02T00:00:00.000Z,0,15.8,3.5,1.4,5.4,2.751,490
2021-09-03T00:00:00.000Z,0.1,24.7,2.2,1.1,3.2,2.55,509
2021-09-04T00:00:00.000Z,0.5,11.5,2,1.4,2.9,1.398,509
2021-09-05T00:00:00.000Z,3.8,29.6,7.4,5.9,11.05,3.14,449
2021-09-06T00:00:00.000Z,4,29.1,18.2,6.8,21.2,7.627,452
2021-09-07T00:00:00.000Z,1.1,12.7,4.9,3.3,6.5,1.887,459
2021-09-08T00:00:00.000Z,5.3,17.7,12.3,11.2,13.3,1.781,574
2021-09-09T00:00:00.000Z,3.3,33.1,12.4,9.9,15.2,4.632,566
2021-09-10T00:00:00.000Z,0.7,18.9,4.05,2.5,9.5,4.71,578
2021-09-11T00:00:00.000Z,3.2,15.6,6.3,5.5,7.1,1.682,618
2021-09-12T00:00:00.000Z,4.3,24.5,10.19,9.5,11.3,2.36,614
2021-09-13T00:00:00.000Z,9.3,21.9,14.6,11.3,16.2,2.83,565
2021-09-14T00:00:00.000Z,6.8,22.3,10.8,9.4,11.9,2.058,590
2021-09-15T00:00:00.000Z,11.8,36.3,31,22.9,33.5,6.269,597
2021-09-16T00:00:00.000Z,2,21.7,6.7,5.1,11.45,3.883,588
2021-09-17T00:00:00.000Z,7,35,13.2,10.2,16.45,4.49,612
2021-09-18T00:00:00.000Z,6.7,47,10.7,9.2,13.05,4.145,601
2021-09-19T00:00:00.000Z,2.3,43.3,7.5,4.2,15.8,6.541,595
2021-09-20T00:00:00.000Z,2.8,24.6,7.2,5.8,8.9,2.529,605
2021-09-21T00:00:00.000Z,1,13.2,2.8,2.2,3.8,1.479,594
2021-09-22T00:00:00.000Z,2.5,23.9,5.3,4.3,6.3,2.027,572
2021-09-23T00:00:00.000Z,2.4,15.1,4.9,3.6,6.1,1.642,576
2021-09-24T00:00:00.000Z,0.8,20.9,3.3,2.1,4.5,1.926,531
2021-09-25T00:00:00.000Z,2,32.1,7.3,5.1,9.3,3.096,589
2021-09-26T00:00:00.000Z,0.9,38.9,6.8,2.8,13.6,5.978,571
2021-09-27T00:00:00.000Z,2.3,20.4,3.7,3.2,4.2,1.158,576
2021-09-28T00:00:00.000Z,3.7,22.2,7.8,5.7,11.2,3.916,568
2021-09-29T00:00:00.000Z,0.7,26.8,1.8,1.3,3.2,3.884,531
2021-09-30T00:00:00.000Z,0.1,24.2,2.3,1.4,3.3,2.149,520
2021-10-01T00:00:00.000Z,0.4,36.6,1.9,1.2,3.35,2.93,553
2021-10-02T00:00:00.000Z,2.5,18.3,5.2,4.2,6.7,2.233,551
2021-10-03T00:00:00.000Z,6.4,38,16,13.05,20.14,5.634,605
2021-10-04T00:00:00.000Z,3.3,42.2,25.2,15.2,31.1,9.24,587
2021-10-05T00:00:00.000Z,0,33.7,3.2,1.2,5.6,4.339,542
2021-10-06T00:00:00.000Z,3.5,63.9,8.5,7.1,9.9,4.256,567
2021-10-07T00:00:00.000Z,6.3,42.9,9.6,8.6,12.4,4.143,588
2021-10-08T00:00:00.000Z,6.1,45.3,21.5,14.7,28.1,8.456,586
2021-10-09T00:00:00.000Z,5.5,38.8,12.95,10.3,14.8,6.174,582
2021-10-10T00:00:00.000Z,2.4,51.1,5.2,3.7,7.9,4.159,567
2021-10-11T00:00:00.000Z,3,17.2,5,4,6.7,2.04,569
2021-10-12T00:00:00.000Z,3.5,32.8,8.1,6.6,12.4,4.077,560
2021-10-13T00:00:00.000Z,3.1,28.2,12.35,6.7,16.1,5.249,572
2021-10-14T00:00:00.000Z,4.3,74.9,22.3,8.75,24.7,8.553,569
2021-10-15T00:00:00.000Z,3.2,67,10.25,7.8,14,4.93,570
2021-10-16T00:00:00.000Z,2.8,45.9,13.8,11.65,17.45,5.122,525
2021-10-17T00:00:00.000Z,0.6,27.3,3.8,2.6,5.55,3.306,569
2021-10-18T00:00:00.000Z,0.1,16.1,2.1,1.5,2.9,1.319,563
2021-10-19T00:00:00.000Z,0.1,14.4,1.5,1,2.3,1.423,554
2021-10-20T00:00:00.000Z,2.3,35.5,4.1,3.4,5.4,2.51,574
2021-10-21T00:00:00.000Z,5.3,88.9,8.3,7.1,10.7,4.463,588
2021-10-22T00:00:00.000Z,2.4,22.9,12.1,4.7,16.4,5.544,593
2021-10-23T00:00:00.000Z,2.1,12.5,4.9,3.3,6.1,1.749,610
2021-10-24T00:00:00.000Z,2.7,52.9,8.8,7.3,10.8,3.941,523
2021-10-25T00:00:00.000Z,7.5,27.6,12.7,9.69,15.1,3.112,603
2021-10-26T00:00:00.000Z,0,26.2,3.7,1.75,6.8,5.409,565
2021-10-27T00:00:00.000Z,0,12.5,2.9,0.8,4.65,2.714,536
2021-10-28T00:00:00.000Z,2.9,89.3,6.1,5.5,7.3,4.668,594
2021-10-29T00:00:00.000Z,3,38.2,5.8,4.7,7.4,3.7,606
2021-10-30T00:00:00.000Z,1.6,28.8,6.2,5,8.1,3.366,577
2021-10-31T00:00:00.000Z,2.1,39.9,10.4,6.3,15.5,6.543,620
2021-11-01T00:00:00.000Z,0.1,13.6,2.6,1.4,5.2,2.859,570
2021-11-02T00:00:00.000Z,0.9,33.3,3.8,2.7,6,3.45,566
2021-11-03T00:00:00.000Z,1.6,17.8,5.95,3.85,9.8,3.462,580
2021-11-04T00:00:00.000Z,0.7,13.3,3.1,2.1,4.2,1.738,558
2021-11-05T00:00:00.000Z,1.6,24.3,5.5,3.7,7.3,3.091,578
2021-11-06T00:00:00.000Z,5.1,33.7,11,9.5,14,3.852,583
2021-11-07T00:00:00.000Z,9.3,73.9,23.95,15.8,29.7,8.612,582
2021-11-08T00:00:00.000Z,6.5,27.1,12.5,10.1,15.1,3.724,475
2021-11-09T00:00:00.000Z,10.5,38.3,21.7,18,24.65,5.228,596
2021-11-10T00:00:00.000Z,1.2,35.9,23.7,5.2,28.1,11.454,580
2021-11-11T00:00:00.000Z,1.2,19.4,4.5,2.6,7.45,3.274,536
2021-11-12T00:00:00.000Z,0.2,26,6.6,5.09,8.8,4.257,570
2021-11-13T00:00:00.000Z,0.2,26.7,5.6,4.2,7.9,3.523,567
2021-11-14T00:00:00.000Z,1.9,19.4,8,6.35,10,2.8,577
2021-11-15T00:00:00.000Z,0.3,22.4,8.8,2.75,10.4,4.128,560
2021-11-16T00:00:00.000Z,0.5,9.1,3.3,2.1,5.1,1.933,564
2021-11-17T00:00:00.000Z,6.3,29.6,10.4,8.8,12.4,3.023,615
2021-11-18T00:00:00.000Z,12.2,37.4,21.3,18.3,26.4,6.299,595
2021-11-19T00:00:00.000Z,0.1,40.2,2.6,1.8,3.6,6.189,564
2021-11-20T00:00:00.000Z,0.3,22,5.2,2.2,7.2,3.124,555
2021-11-21T00:00:00.000Z,1.8,33.9,8.7,6.5,11.8,4.029,593
2021-11-22T00:00:00.000Z,1.6,23.3,10.7,5.6,14.7,5.524,587
2021-11-23T00:00:00.000Z,0,23.2,1.7,1.2,2.4,1.631,544
2021-11-24T00:00:00.000Z,0.3,25,1.6,1.2,2.6,2.534,568
2021-11-25T00:00:00.000Z,9.7,33.8,17,13.7,19.8,3.924,596
2021-11-26T00:00:00.000Z,0,49.2,26,1.4,33,14.234,579
2021-11-27T00:00:00.000Z,0.7,30.4,2.2,1.6,2.9,1.907,566
2021-11-28T00:00:00.000Z,2.7,93.8,10.25,5.6,23.6,10.475,600
2021-11-29T00:00:00.000Z,1.9,31.4,18.89,8,25.6,9.141,583
2021-11-30T00:00:00.000Z,2.4,26.7,6.75,5.1,12.4,4.196,592
2021-12-01T00:00:00.000Z,4.9,26.9,14.6,12.2,17.89,4.331,579
2021-12-02T00:00:00.000Z,7.7,32.7,20.9,15.6,23.7,5.621,583
2021-12-03T00:00:00.000Z,0.1,29.6,2.2,1,19.8,9.363,239
2021-12-04T00:00:00.000Z,3.4,31.9,9.6,5.9,11.9,4.429,584
2021-12-05T00:00:00.000Z,2.7,59.7,9.9,6,18.45,7.825,561
2021-12-06T00:00:00.000Z,5.6,33.2,19.05,11.8,27.1,8.079,552
2021-12-07T00:00:00.000Z,1,33.3,4.3,3,6.3,7.021,563
2021-12-08T00:00:00.000Z,8.2,23.5,12.2,11.2,13.4,1.987,583
2021-12-09T00:00:00.000Z,7.2,32.8,15.6,13,19.8,5.648,570
2021-12-10T00:00:00.000Z,11.9,36.6,22.8,19,26.4,4.911,605
2021-12-11T00:00:00.000Z,11.7,100.2,21.6,17.7,31.55,8.435,612
2021-12-12T00:00:00.000Z,0,47.2,1.6,0.6,4.09,6.67,562
2021-12-13T00:00:00.000Z,2.6,21.8,5.15,4.5,6,1.465,592
2021-12-14T00:00:00.000Z,1,25.5,5.2,3.7,7.1,2.477,562
2021-12-15T00:00:00.000Z,1.8,20.8,4.2,3.6,5.3,2.166,590
2021-12-16T00:00:00.000Z,2.6,24.6,9.3,7.7,10.4,2.996,603
2021-12-17T00:00:00.000Z,0.5,37.8,5.2,2,10,4.68,589
2021-12-18T00:00:00.000Z,3.4,40.7,8.75,6,15.3,8.992,600
2021-12-19T00:00:00.000Z,0,39.7,5.09,2,27.2,13.031,550
2021-12-20T00:00:00.000Z,0.6,11.3,3.1,1.5,5.7,2.383,554
2021-12-21T00:00:00.000Z,3.8,35.4,11.75,9.1,22.8,7.776,626
2021-12-22T00:00:00.000Z,4.8,39.8,22.6,13,27.6,8.592,590
2021-12-23T00:00:00.000Z,1.3,29.4,3.5,2.7,4.9,2.749,534
2021-12-24T00:00:00.000Z,7.9,40.3,17.3,11.7,24.5,6.495,582
2021-12-25T00:00:00.000Z,26.9,57,34.9,33,37.4,2.905,555
2021-12-26T00:00:00.000Z,0.2,38.7,5.09,2.04,20.5,12.88,572
2021-12-27T00:00:00.000Z,1.4,17.4,4.45,2.9,7.6,2.907,572
2021-12-28T00:00:00.000Z,7.8,31.1,16.95,13.15,22.4,5.345,592
2021-12-29T00:00:00.000Z,8,36.8,21.55,13.75,25.5,7.528,600
2021-12-30T00:00:00.000Z,20.4,48.9,31.2,27.6,35.9,4.893,567
2021-12-31T00:00:00.000Z,14.7,42,29.5,24.9,33.9,6.442,598
2022-01-01T00:00:00.000Z,3.5,67.8,16.2,12.4,21.5,8.257,613
2022-01-02T00:00:00.000Z,1.1,34.5,9.6,6.7,12.9,5.718,582
2022-01-03T00:00:00.000Z,0.2,5.7,1.6,1.1,2.29,0.939,550
2022-01-04T00:00:00.000Z,0.8,13.6,3.7,1.9,5.5,2.223,566
2022-01-05T00:00:00.000Z,3.8,18.8,9.8,8,12.3,3.166,587
2022-01-06T00:00:00.000Z,8.7,23.8,13.3,11.4,18.6,4.089,588
2022-01-07T00:00:00.000Z,5,37.4,12.4,9.3,16.6,4.709,601
2022-01-08T00:00:00.000Z,0.9,21,3.15,2.3,4.09,2.117,552
2022-01-09T00:00:00.000Z,5.1,36.2,9.65,7.9,13.65,5.08,564
2022-01-10T00:00:00.000Z,1,39.8,3.4,2.2,24.8,11.234,546
2022-01-11T00:00:00.000Z,0.7,9.7,2.6,1.7,5.3,2.055,590
2022-01-12T00:00:00.000Z,2.3,21.2,5.9,4.5,11.9,4.385,587
2022-01-13T00:00:00.000Z,13.2,48.3,26.5,18.25,37.45,10.107,589
2022-01-14T00:00:00.000Z,10.4,36.5,20.8,17.1,24.75,4.981,589
2022-01-15T00:00:00.000Z,2.3,96,4.8,3.8,8.69,8.115,600
2022-01-16T00:00:00.000Z,3.9,22.3,10.4,7.9,12.9,3.241,577
2022-01-17T00:00:00.000Z,0.4,28.7,6.6,4.3,11.2,4.984,595
2022-01-18T00:00:00.000Z,0.2,13.3,2.3,1.4,3.9,1.674,558
2022-01-19T00:00:00.000Z,2.3,17.6,10.2,5.2,12,4.048,603
2022-01-20T00:00:00.000Z,0.9,25.9,11.9,9.15,14.9,5.822,592
2022-01-21T00:00:00.000Z,0.6,24,3.1,1.95,4.2,2.181,576
2022-01-22T00:00:00.000Z,3.7,29.8,7.6,5.8,9.9,4.066,616
2022-01-23T00:00:00.000Z,6.6,56.5,16.3,13.4,20,4.893,574
2022-01-24T00:00:00.000Z,5.3,50.9,28.2,21.4,35.7,11.142,610
2022-01-25T00:00:00.000Z,11.2,102.1,29.3,18.9,36.6,16.407,619
2022-01-26T00:00:00.000Z,1.5,22.6,3.8,2.8,5.4,4.35,590
2022-01-27T00:00:00.000Z,2.2,14.4,5.4,4.1,6.5,1.895,588
2022-01-28T00:00:00.000Z,9.1,54.3,28.1,18.8,45.3,13.625,594
2022-01-29T00:00:00.000Z,2.2,53.4,11.9,6.5,38.04,16.224,600
2022-01-30T00:00:00.000Z,1.1,14.1,4.2,2.5,5.09,2.364,576
2022-01-31T00:00:00.000Z,4.7,26.4,9.5,7.8,11,3.225,609
2022-02-01T00:00:00.000Z,7.9,32.1,14.1,12.5,15.8,3.038,567
2022-02-02T00:00:00.000Z,5.8,34.2,15.5,11.1,21.3,6.692,615
2022-02-03T00:00:00.000Z,5.5,39.6,16.75,11.1,23.1,7.245,610
2022-02-04T00:00:00.000Z,0.3,40.2,4.8,2.3,8.94,7.55,612
2022-02-05T00:00:00.000Z,1.8,23.6,5.5,4,9.8,4.112,594
2022-02-06T00:00:00.000Z,1.2,29.1,4.09,3.1,5.4,2.479,611
2022-02-07T00:00:00.000Z,6.6,45.1,18.7,14.4,24.25,7.341,584
2022-02-08T00:00:00.000Z,8,36.5,20.9,15.1,24.5,6.5,595
2022-02-09T00:00:00.000Z,10.6,34.3,22.4,19.3,25.7,4.968,600
2022-02-10T00:00:00.000Z,1.9,31.1,11.4,5.3,15.8,5.975,603
2022-02-11T00:00:00.000Z,1.5,16,5.7,4,8.8,2.88,582
2022-02-12T00:00:00.000Z,0.7,19.9,5.4,3.1,9.5,4.504,582
2022-02-13T00:00:00.000Z,1.8,22,7.4,5,12.95,4.56,585
2022-02-14T00:00:00.000Z,1.4,18.3,4.9,3.2,8.05,3.44,596
2022-02-15T00:00:00.000Z,2.1,16.4,5,4,6.2,1.91,599
2022-02-16T00:00:00.000Z,9.8,27.6,13.3,12.25,15.8,3.226,609
2022-02-17T00:00:00.000Z,2.3,16.8,4.8,3.3,6.3,2.407,581
2022-02-18T00:00:00.000Z,0,14.3,2.5,1.1,4,2.178,545
2022-02-19T00:00:00.000Z,1.7,15,5.6,4.09,8.6,2.608,607
2022-02-20T00:00:00.000Z,0.6,15,2.9,1.5,5.7,2.979,599
2022-02-21T00:00:00.000Z,3.8,159.8,10.19,6.45,17.1,12.098,592
2022-02-22T00:00:00.000Z,4.7,33,21.6,15.9,27.7,7.632,602
2022-02-23T00:00:00.000Z,2.5,16.5,5.9,4.4,7.6,2.278,567
2022-02-24T00:00:00.000Z,1.9,17.4,4.4,3.6,5.4,1.745,593
2022-02-25T00:00:00.000Z,1.9,22.8,7,5.09,9.4,4.295,611
2022-02-26T00:00:00.000Z,1.5,12.9,4.7,3.8,6.5,1.97,602
2022-02-27T00:00:00.000Z,5.6,27.7,13.05,9.9,19.1,5.189,610
2022-02-28T00:00:00.000Z,0.2,17.3,2.4,1.7,4.8,3.383,598
2022-03-01T00:00:00.000Z,1.8,55,4.8,3.8,6.35,4.324,572
2022-03-02T00:00:00.000Z,7.7,38.1,17.6,14.6,23.4,6.863,598
2022-03-03T00:00:00.000Z,0.6,41.2,12.95,2.2,29.2,13.163,584
2022-03-04T00:00:00.000Z,1.2,13.5,3.9,2.5,6.3,2.293,599
2022-03-05T00:00:00.000Z,6.7,35.8,17.6,13.3,21.3,6.402,597
2022-03-06T00:00:00.000Z,9.2,81.9,24.7,16.1,33,10.836,602
2022-03-07T00:00:00.000Z,6.7,36.5,16.5,12.7,20.6,5.071,551
2022-03-08T00:00:00.000Z,0,24.7,1.3,0.6,3.7,3.927,558
2022-03-09T00:00:00.000Z,1.1,26.7,6.8,2.8,9.8,4.699,588
2022-03-10T00:00:00.000Z,7.4,117.5,23.95,17,33.15,13.889,612
2022-03-11T00:00:00.000Z,5.4,35.2,19.6,15.75,23.8,6.592,608
2022-03-12T00:00:00.000Z,0.4,38.6,10.19,3.5,13.7,6.222,612
2022-03-13T00:00:00.000Z,0.7,40.2,3.7,1.9,8.19,4.686,597
2022-03-14T00:00:00.000Z,5.8,45.9,11.6,9.69,13.5,3.524,580
2022-03-15T00:00:00.000Z,4.5,29.7,9.9,6.1,16.2,5.537,579
2022-03-16T00:00:00.000Z,3.8,35.1,17.1,7.1,25.7,9.332,603
2022-03-17T00:00:00.000Z,12.7,118.8,28.65,24.85,30.9,6.864,600
2022-03-18T00:00:00.000Z,13.2,43.6,26.6,22.2,31.7,6.243,547
2022-03-19T00:00:00.000Z,6.2,116.6,20.39,16.7,26.6,8.018,588
2022-03-20T00:00:00.000Z,0.1,41.4,2.7,1.5,5.6,4.741,573
2022-03-21T00:00:00.000Z,0,8.6,1.1,0.8,1.6,1.13,533
2022-03-22T00:00:00.000Z,0.1,11.1,1.3,0.8,2.1,1.398,549
2022-03-23T00:00:00.000Z,0.3,17.9,2.2,1.2,3.4,2.076,564
2022-03-24T00:00:00.000Z,1.4,18.5,4.8,3.4,6.5,2.906,587
2022-03-25T00:00:00.000Z,0,29.8,6.1,4.2,7.7,5.09,577
2022-03-26T00:00:00.000Z,1.4,11.4,6.1,5.4,7.1,1.514,568
2022-03-27T00:00:00.000Z,0,53,1.9,1,3.4,3.651,571
2022-03-28T00:00:00.000Z,0,9.6,0.7,0.45,1.1,0.951,540
2022-03-29T00:00:00.000Z,0.9,16.6,2.29,1.9,2.7,1.279,572
2022-03-30T00:00:00.000Z,0.7,46.5,2.9,1.9,5.7,3.63,574
2022-03-31T00:00:00.000Z,5.4,291.6,16.5,10.3,22.45,14.484,604
2022-04-01T00:00:00.000Z,0,28.5,4.25,2.1,9.4,4.977,566
2022-04-02T00:00:00.000Z,0,16.4,1.5,0.9,2.5,2.575,521
2022-04-03T00:00:00.000Z,7.5,61.3,15.4,11.9,18,4.655,602
2022-04-04T00:00:00.000Z,0.3,16.3,2.2,1.7,3.4,2.209,570
2022-04-05T00:00:00.000Z,2.5,26.9,10,4.3,16.5,6.129,580
2022-04-06T00:00:00.000Z,2.1,25.7,8.85,5.4,14.2,5.347,602
2022-04-07T00:00:00.000Z,4.1,22.9,9,7.3,11.9,3.617,599
2022-04-08T00:00:00.000Z,0,32.4,3.4,1.9,9.2,5.26,541
2022-04-09T00:00:00.000Z,0.5,18.2,5.6,3.9,8.1,3.32,573
2022-04-10T00:00:00.000Z,0.4,59,3.5,2.2,4.8,5.12,587
2022-04-11T00:00:00.000Z,0.1,20.7,1.7,1,3.4,2.827,560
2022-04-12T00:00:00.000Z,0.6,54.6,4.5,2.7,7.75,4.16,581
2022-04-13T00:00:00.000Z,3.8,44.2,14.2,9.69,19.64,8.157,612
2022-04-14T00:00:00.000Z,1.6,44.7,18.7,16.35,29.05,8.861,605
2022-04-15T00:00:00.000Z,0.1,19.5,1.3,0.7,3.1,2.473,560
2022-04-16T00:00:00.000Z,0.6,18.8,3.1,1.6,5.7,3.57,585
2022-04-17T00:00:00.000Z,0,14.9,2.6,1.3,4.4,2.53,603
2022-04-18T00:00:00.000Z,0,10.2,1.6,0.9,2.5,1.364,554
2022-04-19T00:00:00.000Z,0,8.3,1.8,0.9,2.5,1.513,502
2022-04-20T00:00:00.000Z,0.4,27.9,1.8,1.3,2.4,2.405,557
2022-04-21T00:00:00.000Z,3.2,26.9,8.4,6.7,10.5,3.433,601
2022-04-22T00:00:00.000Z,0.6,50.3,5.6,3.4,8.8,4.935,599
2022-04-23T00:00:00.000Z,1.1,15.9,3.5,2.2,5.5,2.561,567
2022-04-24T00:00:00.000Z,1.6,15.9,5.2,4.2,7,2.398,593
2022-04-25T00:00:00.000Z,1.1,13.5,3.15,2.5,4.5,1.722,586
2022-04-26T00:00:00.000Z,1.1,32.4,7.8,2.7,14.5,6.129,588
2022-04-27T00:00:00.000Z,0.1,319.4,3.9,1.6,8.6,16.97,594
2022-04-28T00:00:00.000Z,0.3,11.2,1.8,1.1,2.6,1.412,573
2022-04-29T00:00:00.000Z,1.4,277.3,2.7,2.2,3.4,16.17,574
2022-04-30T00:00:00.000Z,0.8,18.9,2.4,2,3.5,2.632,583
2022-05-01T00:00:00.000Z,1.7,93.5,7.5,5.7,9.8,5.529,604
2022-05-02T00:00:00.000Z,5.7,31.7,15.1,10.3,18.3,5.751,604
2022-05-03T00:00:00.000Z,3.7,38.7,7.7,6.5,9.1,3.479,589
2022-05-04T00:00:00.000Z,1.4,62,10.8,6.1,21.1,11.249,598
2022-05-05T00:00:00.000Z,0.5,82.5,3.9,2.7,11.3,7.159,595
2022-05-06T00:00:00.000Z,3.6,28.8,11.6,6,16,5.754,603
2022-05-07T00:00:00.000Z,3.1,41.8,8.2,5,11.9,6.237,602
2022-05-08T00:00:00.000Z,1.9,54.3,4.7,3.4,7.3,5.169,603
2022-05-09T00:00:00.000Z,1.6,22.9,3.7,2.6,5,2.338,568
2022-05-10T00:00:00.000Z,2.2,25.6,4.3,3.4,5.2,2.243,574
2022-05-11T00:00:00.000Z,2.1,40.4,7.1,4.8,17.4,8.199,602
2022-05-12T00:00:00.000Z,1.7,33.9,8.3,3.5,12.7,6.183,579
2022-05-13T00:00:00.000Z,2.7,41.8,7.9,5.6,11.7,5.021,589
2022-05-14T00:00:00.000Z,2.9,334.6,15.8,9,20.4,18.134,611
2022-05-15T00:00:00.000Z,4,196.1,12.4,9.9,15.9,9.792,595
2022-05-16T00:00:00.000Z,3.2,28.6,15.4,13.3,19,4.795,599
2022-05-17T00:00:00.000Z,0,28,4.4,2.5,6.5,3.049,551
2022-05-18T00:00:00.000Z,0.5,14.3,1.9,1.4,2.5,1.652,580
2022-05-19T00:00:00.000Z,2.7,30.3,10.6,7.5,21.3,7.932,606
2022-05-20T00:00:00.000Z,14.5,62.8,27.7,24.3,33.6,7.284,613
2022-05-21T00:00:00.000Z,14.7,64.3,30.5,25.8,35.04,7.468,608
2022-05-22T00:00:00.000Z,14.3,49.2,25.9,20.6,27.25,5.308,588
2022-05-23T00:00:00.000Z,0.2,21.1,1.1,0.8,2.4,4.287,510
2022-05-24T00:00:00.000Z,0.3,28.3,2.7,1.7,4,2.669,559
2022-05-25T00:00:00.000Z,1.2,35.4,3.4,2.1,4.9,2.75,565
2022-05-26T00:00:00.000Z,0.8,20.9,3.3,2.3,4.9,2.363,583
2022-05-27T00:00:00.000Z,4.6,15.2,7.7,6.6,8.4,1.756,86
2022-05-28T00:00:00.000Z,0.8,27,6.2,4.5,8,2.936,469
2022-05-29T00:00:00.000Z,2.8,28.6,5.6,4.8,6.9,2.65,642
2022-05-30T00:00:00.000Z,6.2,27.1,14.7,11.7,16,3.371,621
2022-05-31T00:00:00.000Z,9.7,31.5,16,11.6,18.1,4.84,639
2022-06-01T00:00:00.000Z,2.8,22.1,8.5,6.4,11.05,3.512,645
2022-06-02T00:00:00.000Z,1.3,34.3,12.4,8.2,17.8,6.155,635
2022-06-03T00:00:00.000Z,10.3,69.7,19.4,16.6,23.7,6.293,653
2022-06-04T00:00:00.000Z,2.1,42.7,5.8,4.7,8.5,5.016,618
2022-06-05T00:00:00.000Z,0.4,79.2,2.9,1.2,5.4,5.918,615
2022-06-06T00:00:00.000Z,1.3,9.8,4.2,3.4,5.6,1.755,621
2022-06-07T00:00:00.000Z,1.4,22.8,2.9,2.4,3.9,1.962,618
2022-06-08T00:00:00.000Z,2.3,32.7,5.3,4.1,10,3.837,613
2022-06-09T00:00:00.000Z,0.3,29.3,7.2,3.4,13.35,7.67,636
2022-06-10T00:00:00.000Z,0.5,104.2,3.5,2.7,4.9,4.496,611
2022-06-11T00:00:00.000Z,2.4,59.1,7.25,5.5,9.5,5.915,634
2022-06-12T00:00:00.000Z,3.5,35.7,11.4,9.7,13.5,3.023,649
2022-06-13T00:00:00.000Z,8.1,48.4,17.3,12.65,20,4.516,636
2022-06-14T00:00:00.000Z,3,38.9,4.9,4.2,6.2,2.957,618
2022-06-15T00:00:00.000Z,3.1,23,7.05,6.1,8.2,2.254,638
2022-06-16T00:00:00.000Z,0.1,35,3.8,1.9,6.2,3.099,629
2022-06-17T00:00:00.000Z,3,33.6,7.4,5.6,13.4,6.436,564
2022-06-18T00:00:00.000Z,0,64.5,3,0.7,4.4,4.697,583
2022-06-19T00:00:00.000Z,0.7,19.4,2.4,1.9,3.2,1.48,603
2022-06-20T00:00:00.000Z,2.1,25.9,4.3,3.3,6.4,2.667,628
2022-06-21T00:00:00.000Z,7.2,41.4,13.6,12.3,16,5.312,640
2022-06-22T00:00:00.000Z,6.6,37.4,15,12.5,19.1,5.606,634
2022-06-23T00:00:00.000Z,2.5,39.3,6.5,4.8,13.4,5.712,611
2022-06-24T00:00:00.000Z,4.8,33.7,8.8,7.6,14.15,4.238,621
2022-06-25T00:00:00.000Z,6.1,34.1,14.6,9.7,16.6,4.439,643
2022-06-26T00:00:00.000Z,6.5,38.1,19.7,11.9,22.6,5.971,655
2022-06-27T00:00:00.000Z,3.3,42.6,10.4,7.2,16.7,7.004,635
2022-06-28T00:00:00.000Z,0,57.9,1.8,1.1,7,5.021,599
2022-06-29T00:00:00.000Z,0.8,17.5,7.2,4.9,8.8,2.626,623
2022-06-30T00:00:00.000Z,5.9,37.2,10,8.3,12.2,2.958,636
2022-07-01T00:00:00.000Z,11.8,37.4,22,18.6,29.1,5.874,646
2022-07-02T00:00:00.000Z,7.3,64.4,12.2,10.2,14.3,4.608,631
2022-07-03T00:00:00.000Z,3,68.4,9.2,6.4,11,4.869,635
2022-07-04T00:00:00.000Z,0.9,18.8,3.3,2.6,4.34,2.054,617
2022-07-05T00:00:00.000Z,5.8,81.5,15.3,11.3,18.45,7.112,625
2022-07-06T00:00:00.000Z,1.2,40.2,11.2,3.9,17,8.378,634
2022-07-07T00:00:00.000Z,2.7,13,3.8,3.4,4.5,1.415,413
2022-07-08T00:00:00.000Z,2.6,24.9,8,4.3,11.4,5.134,607
2022-07-09T00:00:00.000Z,5.9,53.2,11.6,9.9,13.6,3.227,647
2022-07-10T00:00:00.000Z,1.3,27.8,8.1,4.5,12.7,4.874,619
2022-07-11T00:00:00.000Z,2.9,29,6.4,4.9,8.69,2.667,619
2022-07-12T00:00:00.000Z,3,49.5,10.7,5.1,15.6,5.539,625
2022-07-13T00:00:00.000Z,6.9,46.3,11.1,9.1,14.4,3.409,625
2022-07-14T00:00:00.000Z,5.5,39.5,11.2,9.7,15.9,4.315,618
2022-07-15T00:00:00.000Z,5.6,43.5,7.9,7.2,9.35,3.848,621
2022-07-16T00:00:00.000Z,7.6,33.4,15.3,13.9,17.5,3.609,660
2022-07-17T00:00:00.000Z,10,44.3,15.7,13.6,17.1,3.189,652
2022-07-18T00:00:00.000Z,2.7,32.7,20.1,14.6,21.8,5.628,634
2022-07-19T00:00:00.000Z,4.9,24.8,11.4,6.9,14.7,4.492,632
2022-07-20T00:00:00.000Z,16.1,34,22.4,20.3,24.65,3.191,640
2022-07-21T00:00:00.000Z,6.6,38,21.3,19.9,23.8,4.742,663
2022-07-22T00:00:00.000Z,11.2,22.9,14.8,13.8,16.39,2.001,639
2022-07-23T00:00:00.000Z,8.3,59.1,16.6,12.6,21,5.383,641
2022-07-24T00:00:00.000Z,4,32.7,16.7,9.3,21,7.458,609
2022-07-25T00:00:00.000Z,6.5,31.9,17.7,15.7,20.1,4.493,649
2022-07-26T00:00:00.000Z,2.3,30.6,5.1,4,13.5,5.776,644
2022-07-27T00:00:00.000Z,2.2,34.4,6,4.8,8.7,4.277,630
2022-07-28T00:00:00.000Z,6.4,34.4,20.9,18,23.1,5.546,634
2022-07-29T00:00:00.000Z,7.2,20.5,11.1,9.3,12.6,2.276,633
2022-07-30T00:00:00.000Z,0.9,33.3,6.7,2.7,12.9,6.358,630
2022-07-31T00:00:00.000Z,2.4,25.2,5,4.2,6.2,2.737,627
2022-08-01T00:00:00.000Z,7.8,31.6,11.2,10.4,12.4,5.283,572
2022-08-02T00:00:00.000Z,8.4,31.2,17.4,14.6,21.9,5.2,613
2022-08-03T00:00:00.000Z,4.2,28.8,8.3,6.7,11.1,3.182,640
2022-08-04T00:00:00.000Z,11.4,38.6,16.6,14.9,18.9,3.245,642
2022-08-05T00:00:00.000Z,5.4,31.7,12.7,11.1,14.5,3.609,647
2022-08-06T00:00:00.000Z,3.1,103.2,6.8,5.7,8.7,5.53,638
2022-08-07T00:00:00.000Z,3.4,21,6.5,5.5,7.5,1.806,645
2022-08-08T00:00:00.000Z,1.5,46.7,5.9,3.2,9.3,3.745,631
2022-08-09T00:00:00.000Z,3.8,17.7,11.1,9.7,12.2,2.142,629
2022-08-10T00:00:00.000Z,1.4,52.2,4.9,2.9,6.7,4.847,646
2022-08-11T00:00:00.000Z,3.2,30,11.35,8,14.6,4.439,662
2022-08-12T00:00:00.000Z,1.1,37.6,4,2.6,4.8,4.705,623
2022-08-13T00:00:00.000Z,0.4,15.4,1.8,1.4,2.5,2.174,627
2022-08-14T00:00:00.000Z,1.9,12.2,4.2,3.4,5.4,1.728,642
2022-08-15T00:00:00.000Z,1.7,25.6,4,3.2,5,1.872,633
2022-08-16T00:00:00.000Z,2.7,23,5.1,3.85,6.1,2.499,624
2022-08-17T00:00:00.000Z,3,45.5,7.2,4.59,9.4,3.92,617
2022-08-18T00:00:00.000Z,4.4,33.7,7.8,6.3,8.8,2.586,607
2022-08-19T00:00:00.000Z,6.8,21.2,9.9,8.9,11,2.12,644
2022-08-20T00:00:00.000Z,12,24.5,14.8,13.7,17,2.205,619
2022-08-21T00:00:00.000Z,4.9,40.5,10.2,7.55,12,3.896,649
2022-08-22T00:00:00.000Z,2.6,14.7,7.4,6.3,9.2,2.228,642
2022-08-23T00:00:00.000Z,4.7,32.3,12.8,9.1,22,7.819,646
2022-08-24T00:00:00.000Z,3.1,30,7.8,5.3,9.8,2.886,627
2022-08-25T00:00:00.000Z,8.5,20,11.3,10.5,12.2,1.555,631
2022-08-26T00:00:00.000Z,11.3,31.3,22.7,19,25.6,4.628,665
2022-08-27T00:00:00.000Z,8.5,30.2,18.8,15.8,22.8,4.835,648
2022-08-28T00:00:00.000Z,11.7,30.6,18,14,23.2,5.13,670
2022-08-29T00:00:00.000Z,9.3,22.3,13.5,11.75,16.2,2.626,641
2022-08-30T00:00:00.000Z,1.6,15.6,8.4,6.4,10.6,3.11,611
2022-08-31T00:00:00.000Z,2.1,31.3,6.9,4.4,9.9,3.367,641
2022-09-01T00:00:00.000Z,2.4,13.7,5.7,4.8,7.4,1.794,603
2022-09-02T00:00:00.000Z,0,17.7,1.9,1.2,2.9,1.902,614
2022-09-03T00:00:00.000Z,1.2,27.4,4.1,2.5,5.8,2.889,640
2022-09-04T00:00:00.000Z,1.9,35.9,7.7,4,12.3,4.731,596
2022-09-05T00:00:00.000Z,8.5,28.6,15.2,12.6,18.4,3.435,631
2022-09-06T00:00:00.000Z,6,26.6,11.2,9.1,14.4,3.679,631
2022-09-07T00:00:00.000Z,2.4,40.2,5.6,3.9,7.7,4.548,622
2022-09-08T00:00:00.000Z,2,25.9,4.9,3.9,6.2,2.77,570
2022-09-09T00:00:00.000Z,2.2,29.6,5.4,4.4,8.2,3.852,600
2022-09-10T00:00:00.000Z,5.2,39.1,8.6,7.3,10.6,3.401,601
2022-09-11T00:00:00.000Z,5.3,71.1,9.7,8.5,13,5.439,600
2022-09-12T00:00:00.000Z,3.4,378.1,8.3,6.7,15,17.706,581
2022-09-13T00:00:00.000Z,3.2,140.2,11.2,8,16.3,10.499,608
2022-09-14T00:00:00.000Z,2.3,18.2,5.1,4.3,5.95,2.485,632
2022-09-15T00:00:00.000Z,0.6,23.3,6.4,3.6,10.19,3.913,628
2022-09-16T00:00:00.000Z,0.1,21,1.6,1,2.9,2.362,615
2022-09-17T00:00:00.000Z,1.2,102.5,3.7,2.6,5.3,6.408,617
2022-09-18T00:00:00.000Z,5.8,36.1,12.1,9.1,15.2,4.097,638
2022-09-19T00:00:00.000Z,9.2,24.7,16,13.5,17.5,2.716,654
2022-09-20T00:00:00.000Z,2.8,22.5,13.3,5.65,17.5,5.904,641
2022-09-21T00:00:00.000Z,1.8,140.1,4.8,3.3,8.5,7.115,621
2022-09-22T00:00:00.000Z,0.2,29.8,12.4,4.4,18.3,7.758,640
2022-09-23T00:00:00.000Z,0,12.3,0.4,0.1,1.1,1.537,527
2022-09-24T00:00:00.000Z,0.5,59.5,1.6,1.1,2.6,5.106,621
2022-09-25T00:00:00.000Z,4.1,14.9,7.7,6.2,8.9,1.931,630
2022-09-26T00:00:00.000Z,2.5,22.4,6.5,4.3,7.8,2.527,606
2022-09-27T00:00:00.000Z,1.5,24.1,3.6,3,4.5,2.947,625
2022-09-28T00:00:00.000Z,0.3,26.2,3.1,2.1,4.4,2.691,640
2022-09-29T00:00:00.000Z,0.5,20.7,2.3,1.8,2.8,2.247,612
2022-09-30T00:00:00.000Z,1.3,63.3,3.7,2.5,5.5,5.337,627
2022-10-01T00:00:00.000Z,3.3,43.5,6.1,5.1,7.4,2.666,643
2022-10-02T00:00:00.000Z,0.7,43.7,4,2.5,5.6,6.162,648
2022-10-03T00:00:00.000Z,0,15.4,1.4,0.8,2.4,1.625,613
2022-10-04T00:00:00.000Z,0.6,14.9,2.9,1.6,4,1.965,477
2022-10-05T00:00:00.000Z,0,18.2,2.4,1.4,4,2.883,611
2022-10-06T00:00:00.000Z,1.9,32.5,3.8,3,4.8,3.958,628
2022-10-07T00:00:00.000Z,4.7,32.3,10.5,8.6,12.7,3.577,634
2022-10-08T00:00:00.000Z,0,79,2.8,0.7,4.8,7.535,616
2022-10-09T00:00:00.000Z,1.6,56.7,6.1,4.95,7.2,4.553,640
2022-10-10T00:00:00.000Z,2.4,16.9,6.1,4.8,8,2.572,638
2022-10-11T00:00:00.000Z,5.4,40.5,9.5,7.5,11.8,4.348,639
2022-10-12T00:00:00.000Z,5.5,28.6,10.3,8.6,12.9,3.051,646
2022-10-13T00:00:00.000Z,4.8,35,7.5,6.3,9.3,2.455,627
2022-10-14T00:00:00.000Z,2.1,22.4,4.7,3.6,6.6,2.446,626
2022-10-15T00:00:00.000Z,5.8,40.9,13.1,10.1,16.7,5.848,633
2022-10-16T00:00:00.000Z,5.4,35.8,11.6,8.2,13.7,3.972,647
2022-10-17T00:00:00.000Z,5.7,22.4,8.94,7.9,10.5,1.977,630
2022-10-18T00:00:00.000Z,0.9,23.9,4.3,2.2,14.6,6.89,450
2022-10-21T00:00:00.000Z,4.3,35.1,9.19,6.7,12.2,3.998,629
2022-10-22T00:00:00.000Z,8,60.8,15.35,13.1,20.1,5.549,638
2022-10-23T00:00:00.000Z,5.4,33.6,14.7,9.5,20,6.242,663
2022-10-24T00:00:00.000Z,4.1,40.8,10.4,8.5,12.4,3.739,655
2022-10-25T00:00:00.000Z,2.1,43,12.15,9.9,16.89,5.754,646
2022-10-26T00:00:00.000Z,3,33.6,9.1,6.9,17.25,7.281,641
2022-10-27T00:00:00.000Z,0,25.4,6.3,0.8,11.45,5.258,628
2022-10-28T00:00:00.000Z,0.5,32.1,2.7,1.6,4.4,3.241,633
2022-10-29T00:00:00.000Z,1.8,61.9,5.3,4,8.1,6.436,627
2022-10-30T00:00:00.000Z,8.6,54.1,19.39,16.85,24.4,6.259,649
2022-10-31T00:00:00.000Z,5.2,36.2,18,12,22.1,7.464,675
2022-11-01T00:00:00.000Z,6.7,34.2,14.6,12.2,17.2,5.495,677
2022-11-02T00:00:00.000Z,6.2,36.5,10.9,9.4,12.2,3.184,665
2022-11-03T00:00:00.000Z,6,77.7,18.39,14.8,21.6,6.797,618
2022-11-04T00:00:00.000Z,2.5,41.3,10.8,8.5,16.4,9.424,655
2022-11-05T00:00:00.000Z,1.6,295.2,4.65,2.8,6.8,15.836,642
2022-11-06T00:00:00.000Z,1.1,22.1,4.05,2.5,8,3.441,614
2022-11-07T00:00:00.000Z,1,19.5,3,2.2,4.6,2.965,593
2022-11-08T00:00:00.000Z,0.3,12.1,2.1,1.5,2.6,1.276,615
2022-11-09T00:00:00.000Z,0.3,16.7,3.35,1.6,5.6,2.792,632
2022-11-10T00:00:00.000Z,2.9,63.9,6.2,5,8.8,4.774,655
2022-11-11T00:00:00.000Z,3.6,21.3,8.5,7,11.7,3.32,646
2022-11-12T00:00:00.000Z,0,26.2,6.8,5.4,8.5,3.604,616
2022-11-13T00:00:00.000Z,0.1,36.9,4.5,2.7,14.2,6.132,630
2022-11-14T00:00:00.000Z,0.2,5.9,2.2,1.3,2.8,1.018,575
2022-11-15T00:00:00.000Z,0.8,18.5,3.3,2.3,5.8,2.874,621
2022-11-16T00:00:00.000Z,0.1,27.6,3.7,2.3,8.9,4.474,609
2022-11-17T00:00:00.000Z,4.2,18.6,12.5,8.7,13.9,3.116,620
2022-11-18T00:00:00.000Z,4.8,30.4,12.75,9.1,17.7,4.741,670
2022-11-19T00:00:00.000Z,5.4,29.8,11.7,8.6,15.7,4.348,653
2022-11-20T00:00:00.000Z,1,30.8,6.2,3.8,14.5,5.89,655
2022-11-21T00:00:00.000Z,0.8,89.9,6.6,2.5,8.5,11.242,645
2022-11-22T00:00:00.000Z,6.1,53.5,12.8,11,16.9,4.769,646
2022-11-23T00:00:00.000Z,12.9,33.3,17.5,15.3,19.8,2.917,653
2022-11-24T00:00:00.000Z,4.9,27.3,15.35,9.35,19.3,5.583,664
2022-11-25T00:00:00.000Z,3.3,36.6,15.3,13.5,23.6,8.478,663
2022-11-26T00:00:00.000Z,0.2,111.5,2.1,1.2,4.1,6.566,641
2022-11-27T00:00:00.000Z,5.3,37.8,13.6,10.9,17.4,4.875,662
2022-11-28T00:00:00.000Z,0,16.9,2.35,1.3,4.3,2.86,630
2022-11-29T00:00:00.000Z,0.1,31,3.9,1.8,10.9,6.533,635
2022-11-30T00:00:00.000Z,1.1,33.2,8.6,6.2,13.3,5.757,643
2022-12-01T00:00:00.000Z,1.4,24.8,5,3.9,6.9,2.683,593
2022-12-02T00:00:00.000Z,3.4,67.4,8,5.6,13.1,7.557,650
2022-12-03T00:00:00.000Z,3.3,27.6,7.8,6,12.45,4.604,640
2022-12-04T00:00:00.000Z,1.2,108.9,5.3,3,7,5.474,659
2022-12-05T00:00:00.000Z,8.1,27.3,14.6,13,18,3.354,667
2022-12-06T00:00:00.000Z,4.5,35.5,21.1,10.5,24.6,7.724,671
2022-12-07T00:00:00.000Z,2.2,32.1,10.95,5.3,14.9,7.758,630
2022-12-08T00:00:00.000Z,0.4,219.5,2.9,1.6,9.35,15.1,613
2022-12-09T00:00:00.000Z,1.8,22,4.4,3.7,5.4,1.932,656
2022-12-10T00:00:00.000Z,1.5,32.9,4.4,2.6,6.6,3.76,649
2022-12-11T00:00:00.000Z,3.6,61.9,8.5,5.7,11.9,5.629,651
2022-12-12T00:00:00.000Z,4.7,34.2,8.4,6.9,10.55,5.288,649
2022-12-13T00:00:00.000Z,1.4,35.4,8.2,6.8,9.9,3.785,675
2022-12-14T00:00:00.000Z,0,34.7,3.7,1.5,5.2,4.643,639
2022-12-15T00:00:00.000Z,1.2,15.2,4.6,2.4,7.3,2.92,626
2022-12-16T00:00:00.000Z,0,27,2,1,4.3,3.656,642
2022-12-17T00:00:00.000Z,2.4,21.8,7.7,6,9.4,2.44,642
2022-12-18T00:00:00.000Z,5.7,33.2,10.3,9.2,11.7,2.406,652
2022-12-19T00:00:00.000Z,4.8,17.8,9.1,7,10.4,2.154,647
2022-12-20T00:00:00.000Z,0.9,18.7,3.8,2.4,5.5,2.215,619
2022-12-21T00:00:00.000Z,4.2,107.6,7.9,5.7,10.3,6.782,640
2022-12-22T00:00:00.000Z,6.5,29.3,14.7,11.5,19.6,4.648,628
2022-12-23T00:00:00.000Z,0.8,27.3,6.5,4.6,9.2,4.141,591
2022-12-24T00:00:00.000Z,1.9,66.9,4.3,3.2,5.3,4.938,619
2022-12-25T00:00:00.000Z,4.3,11.5,7.45,6,8.9,1.648,632
2022-12-26T00:00:00.000Z,3.7,18.5,6.7,5.3,9.5,2.949,601
2022-12-27T00:00:00.000Z,7,25.1,11.9,10.1,14.6,3.234,623
2022-12-28T00:00:00.000Z,16,38.1,24.7,21.4,28.6,4.816,639
2022-12-29T00:00:00.000Z,15.5,173.1,23.05,19.4,32.15,9.7,628
2022-12-30T00:00:00.000Z,25.9,45.2,34,31.9,36.6,3.549,634
2022-12-31T00:00:00.000Z,5.9,49.3,28.1,13.9,38.79,12.702,646
2023-01-01T00:00:00.000Z,0.8,45.4,11,3.7,15.2,9.064,617
2023-01-02T00:00:00.000Z,6,28.8,11,9.9,12.4,2.218,630
2023-01-03T00:00:00.000Z,13.8,41.6,30.5,20.75,33.8,6.995,629
2023-01-04T00:00:00.000Z,15.6,53.2,26.4,22.15,29.9,6.109,653
2023-01-05T00:00:00.000Z,4.7,394.1,14,10.6,19.6,24.654,647
2023-01-06T00:00:00.000Z,2.8,49.4,16.95,11.85,23.2,7.986,656
2023-01-07T00:00:00.000Z,1.7,19.5,5.5,4.2,6.9,2.368,659
2023-01-08T00:00:00.000Z,1.5,62,6.5,4,10.8,5.907,675
2023-01-09T00:00:00.000Z,7.1,28.2,13.9,11.6,19.89,5.393,654
2023-01-10T00:00:00.000Z,7.6,54.7,17.6,10.9,25.6,7.643,651
2023-01-11T00:00:00.000Z,3.2,28.5,8.6,6.2,11.1,3.745,614
2023-01-12T00:00:00.000Z,4.9,32.4,10.8,7.5,13.4,4.694,626
2023-01-13T00:00:00.000Z,0.2,37.9,9.6,5.4,16.3,6.603,619
2023-01-14T00:00:00.000Z,1.5,18.8,4,3.2,5,1.867,633
2023-01-15T00:00:00.000Z,1.5,19.6,3.7,2.8,5.35,2.843,628
2023-01-16T00:00:00.000Z,2.1,15.3,4.59,3.7,5.6,1.649,614
2023-01-17T00:00:00.000Z,1.1,20.6,4,2.2,8.65,4.043,621
2023-01-18T00:00:00.000Z,0.3,33.8,20.45,2.2,28.2,12.029,624
2023-01-19T00:00:00.000Z,1,24.7,3.9,2.6,11,5.334,635
2023-01-20T00:00:00.000Z,0.1,35.2,8.5,4.9,13.25,5.592,633
2023-01-21T00:00:00.000Z,0,12.4,2.5,1.25,3.6,2.017,621
2023-01-22T00:00:00.000Z,3.1,40,12.7,8.9,16.89,5.953,674
2023-01-23T00:00:00.000Z,0,53.3,4,1.9,12.5,9.711,638
2023-01-24T00:00:00.000Z,0.9,24.7,5.8,3.5,9.4,3.998,634
2023-01-25T00:00:00.000Z,8.2,33.6,13,11.15,16.8,4.415,652
2023-01-26T00:00:00.000Z,0,27.1,3.6,2.8,4.7,4.9,636
2023-01-27T00:00:00.000Z,3.3,64,10,8.1,12.55,4.116,620
2023-01-28T00:00:00.000Z,3.2,33.2,9,6.1,13.9,5.133,631
2023-01-29T00:00:00.000Z,4.9,45.5,11.3,9.5,13.2,4.133,659
2023-01-30T00:00:00.000Z,9.2,31.6,18.8,15.1,21.9,4.556,665
2023-01-31T00:00:00.000Z,3.2,27.9,11.8,7.3,16.7,5.286,629
2023-02-01T00:00:00.000Z,3.1,13.5,7.1,5.5,8.4,2.055,632
2023-02-02T00:00:00.000Z,5.4,94.6,11.7,8.5,14.9,6.129,637
2023-02-03T00:00:00.000Z,0.2,33.8,2.2,1,26.1,12.409,623
2023-02-04T00:00:00.000Z,0,26.2,1.3,0.6,2.9,2.652,617
2023-02-05T00:00:00.000Z,2.8,98.4,6.6,4.8,13.2,9.58,646
2023-02-06T00:00:00.000Z,8.9,32.6,15.2,13.5,20.1,4.057,678
2023-02-07T00:00:00.000Z,8.2,28.7,15.5,13.6,18.7,3.26,635
2023-02-08T00:00:00.000Z,6.1,47.7,23.3,12.05,32.3,10.173,644
2023-02-09T00:00:00.000Z,9.3,41.2,18.1,13.5,27.1,8.048,639
2023-02-10T00:00:00.000Z,0,41.2,12.9,1.8,17,8.966,630
2023-02-11T00:00:00.000Z,0.3,42.5,2.3,1.3,4.8,3.869,632
2023-02-12T00:00:00.000Z,3.9,29.2,11.3,9.1,17.7,5.455,654
2023-02-13T00:00:00.000Z,2,31.2,7.9,5.4,15.85,6.795,633
2023-02-14T00:00:00.000Z,1.8,35.6,5.7,4.1,7.5,3.423,634
2023-02-15T00:00:00.000Z,2.1,19.8,7,5.2,10,3.226,627
2023-02-16T00:00:00.000Z,6,29.3,9.8,8.6,15.6,5.242,655
2023-02-17T00:00:00.000Z,0.3,36.8,20.9,12.8,29.3,11.253,643
2023-02-18T00:00:00.000Z,0,15.5,2.5,1,6.3,3.311,626
2023-02-19T00:00:00.000Z,6.5,95.1,17.1,13.5,19,6.612,658
2023-02-20T00:00:00.000Z,3.2,27.8,11.3,8.19,16.6,5.677,634
2023-02-21T00:00:00.000Z,7.5,44.7,14.35,10.8,33.5,12.001,632
2023-02-22T00:00:00.000Z,5.2,33.3,11.1,8.44,15.15,5.364,664
2023-02-23T00:00:00.000Z,6.7,42,15.5,11.2,24.2,7.836,649
2023-02-24T00:00:00.000Z,0.7,34.3,14.9,2.2,22.8,10.241,645
2023-02-25T00:00:00.000Z,1.6,50.6,5,3.4,7.6,3.873,653
2023-02-26T00:00:00.000Z,6.9,46.8,19.45,15.8,34.2,10.499,670
2023-02-27T00:00:00.000Z,6.4,31.4,12.5,9.6,16.3,4.954,651
2023-02-28T00:00:00.000Z,0.1,25.3,10.19,5.45,13.8,5.551,645
2023-03-01T00:00:00.000Z,6.4,38.6,12.7,10.3,18.55,5.034,657
2023-03-02T00:00:00.000Z,5.2,38.1,22.15,13.2,26.1,8.442,656
2023-03-03T00:00:00.000Z,1.4,34,6.9,4.59,8.9,3.986,637
2023-03-04T00:00:00.000Z,0.1,39.2,3,1.7,7.7,5.46,593
2023-03-05T00:00:00.000Z,2.3,25.1,5.5,4.4,7.8,2.719,649
2023-03-06T00:00:00.000Z,1.8,21,6.9,3.8,8.8,2.999,631
2023-03-07T00:00:00.000Z,0.3,11.8,1.8,1.2,2.8,1.429,623
2023-03-08T00:00:00.000Z,0,11.4,0.95,0.6,1.6,1.527,578
2023-03-09T00:00:00.000Z,0.6,22.1,3.2,2.1,4.2,2.128,621
2023-03-10T00:00:00.000Z,2.1,28.5,7.3,4.2,10.85,4.014,621
2023-03-11T00:00:00.000Z,1.7,61.3,6.9,4.7,20,9.626,631
2023-03-12T00:00:00.000Z,0.9,28.4,8.19,5.7,11.9,4.457,632
2023-03-13T00:00:00.000Z,1.1,16.1,6.5,3.9,7.75,2.526,656
2023-03-14T00:00:00.000Z,0,17.5,2.5,1.6,4.59,2.837,555
2023-03-15T00:00:00.000Z,0,11.6,1,0.4,1.7,1.298,546
2023-03-16T00:00:00.000Z,0.2,18.6,3.3,1.8,6.2,2.669,614
2023-03-17T00:00:00.000Z,6.6,39.5,16.1,11.6,25.35,7.842,657
2023-03-18T00:00:00.000Z,0.6,41.1,5.55,3.8,34,14.669,642
2023-03-19T00:00:00.000Z,1.7,30.2,3.7,3,5.7,2.313,626
2023-03-20T00:00:00.000Z,3.1,35.4,10.6,6.5,14.1,4.699,662
2023-03-21T00:00:00.000Z,5.3,23.2,14.1,10.3,15.5,3.255,648
2023-03-22T00:00:00.000Z,4.9,18.4,9.2,7.6,12.1,2.88,653
2023-03-23T00:00:00.000Z,7.1,41.2,22.7,15.9,36.7,10.38,669
2023-03-24T00:00:00.000Z,0,43.2,10,7.3,12.9,12.429,643
2023-03-25T00:00:00.000Z,4.8,27.1,9.7,7.4,13.5,4.291,661
2023-03-26T00:00:00.000Z,0.8,93.8,13.2,2.7,21.9,12.431,650
2023-03-27T00:00:00.000Z,1.7,17.9,4.7,3.6,6.3,2.987,622
2023-03-28T00:00:00.000Z,2.1,23.5,8.5,5.35,12.5,4.234,661
2023-03-29T00:00:00.000Z,1.9,19.6,4.59,3.65,6.6,3.446,652
2023-03-30T00:00:00.000Z,0.2,25.3,2.7,2.1,5.5,4.302,623
2023-03-31T00:00:00.000Z,2.5,38.3,9.1,6.5,12.7,4.733,656
2023-04-01T00:00:00.000Z,3.9,30.4,10.75,8.8,15.4,5.666,684
2023-04-02T00:00:00.000Z,0,23.4,1.8,0.9,4.1,2.836,597
2023-04-03T00:00:00.000Z,1.3,21,4.9,2.6,6.5,2.597,603
2023-04-04T00:00:00.000Z,3.5,50.6,11.2,7.1,18.5,6.733,675
2023-04-05T00:00:00.000Z,5.7,99.7,14.3,11.7,17.45,6.706,644
2023-04-06T00:00:00.000Z,4.2,42.1,26.55,23,31,7.73,660
2023-04-07T00:00:00.000Z,0.5,21.3,2.29,1.65,3.2,2.335,625
2023-04-08T00:00:00.000Z,0.9,47.2,3,2.1,4.75,4.574,641
2023-04-09T00:00:00.000Z,2.6,23.7,7.6,5.9,9.8,2.92,667
2023-04-10T00:00:00.000Z,2.8,27,7.1,5.9,8.8,2.61,656
2023-04-11T00:00:00.000Z,5.1,20.2,10.2,9,12,2.418,647
2023-04-12T00:00:00.000Z,4.2,37,7.9,6.7,8.6,2.568,658
2023-04-13T00:00:00.000Z,8.5,32.7,11.8,10.7,13.1,2.489,666
2023-04-14T00:00:00.000Z,8.3,33.3,14.9,11.1,21.55,6.537,649
2023-04-15T00:00:00.000Z,2.7,33.6,9,6.9,12.6,5.125,669
2023-04-16T00:00:00.000Z,6.6,39.3,21.7,16.9,27.35,6.477,685
2023-04-17T00:00:00.000Z,2.7,37.5,17.9,6.4,22.4,7.914,659
2023-04-18T00:00:00.000Z,0.6,13.9,3.2,1.6,5,2.171,626
2023-04-19T00:00:00.000Z,0.8,29.1,4.1,2.3,5.6,3.1,639
2023-04-20T00:00:00.000Z,3.3,30.3,11.4,6.6,17,5.705,632
2023-04-21T00:00:00.000Z,3.4,75.7,10.9,8.5,14.8,5.128,666
2023-04-22T00:00:00.000Z,5.2,45.7,14.9,12.1,17.9,4.888,667
2023-04-23T00:00:00.000Z,0.8,34.4,5.7,2.8,12,7.374,636
2023-04-24T00:00:00.000Z,1.9,36.4,4.8,3.6,7.6,2.877,658
2023-04-25T00:00:00.000Z,2.6,20.8,5.4,4.2,7.4,2.322,647
2023-04-26T00:00:00.000Z,3.8,30.6,8.3,5.6,13.4,4.908,656
2023-04-27T00:00:00.000Z,11.6,203.3,18.7,17.1,20.2,14.081,660
2023-04-28T00:00:00.000Z,9.1,38.2,16.35,12.7,19.8,4.585,640
2023-04-29T00:00:00.000Z,3.5,47.5,9.1,6.8,16.14,6.473,672
2023-04-30T00:00:00.000Z,3.7,34.7,8.1,6.5,11.4,4.435,658
2023-05-01T00:00:00.000Z,0,36,2.9,1.6,5.5,6.597,620
2023-05-02T00:00:00.000Z,0.2,10.8,2.1,1.2,3.3,1.493,596
2023-05-03T00:00:00.000Z,0,17.1,2.6,1.4,3.75,1.763,625
2023-05-04T00:00:00.000Z,0,23.6,5.7,1.6,8.6,5.494,627
2023-05-05T00:00:00.000Z,0.4,32.4,11.8,4.8,16.8,7.684,642
2023-05-06T00:00:00.000Z,0.1,28.4,7.1,1.8,11.3,5.257,673
2023-05-07T00:00:00.000Z,1.1,32,4,2.8,7.85,4.518,649
2023-05-08T00:00:00.000Z,1.7,18.6,6.9,4.6,9.69,3.512,454
2023-05-09T00:00:00.000Z,2.3,14.8,4.7,3.8,6.05,1.863,213
2023-05-10T00:00:00.000Z,1.7,43.1,5.1,3.2,7.95,3.525,620
2023-05-11T00:00:00.000Z,4.1,29.1,8.1,5.8,20.39,7.359,647
2023-05-12T00:00:00.000Z,6.5,36.8,27.6,11.4,29.9,9.227,634
2023-05-13T00:00:00.000Z,5.7,27,17.6,11.7,19.89,4.933,643
2023-05-14T00:00:00.000Z,5.3,33.2,8.6,7.4,10.7,2.828,649
2023-05-15T00:00:00.000Z,1.8,17.4,3.4,2.9,4.7,2.247,619
2023-05-16T00:00:00.000Z,2,34,6.2,4.8,8.4,3.098,609
2023-05-17T00:00:00.000Z,1.7,24.7,4.4,3.2,7.95,3.774,625
2023-05-18T00:00:00.000Z,0.8,14.8,2.6,1.8,4.09,1.975,630
2023-05-19T00:00:00.000Z,2.3,25.4,4.4,3.6,5.6,2.336,666
2023-05-20T00:00:00.000Z,3.2,27.5,10.6,6.6,12.7,4.048,634
2023-05-21T00:00:00.000Z,6,29.9,15.1,11.3,20.95,5.441,653
2023-05-22T00:00:00.000Z,13.2,43.2,25.6,20.1,29.1,5.258,636
2023-05-23T00:00:00.000Z,4.8,24.8,12.4,9.9,15.05,3.647,640
2023-05-24T00:00:00.000Z,2.8,35.3,9.1,5.9,13.3,4.868,637
2023-05-25T00:00:00.000Z,0.8,29.6,3.2,2.1,5.09,4.124,636
2023-05-26T00:00:00.000Z,1.6,26.7,3.2,2.6,4.2,2.908,652
2023-05-27T00:00:00.000Z,3.1,28,6.6,5.6,8.69,3.134,621
2023-05-28T00:00:00.000Z,2.9,31.9,5.7,4.8,7.25,2.825,648
2023-05-29T00:00:00.000Z,5.7,175.5,9.9,8.3,11.9,8.776,643
2023-05-30T00:00:00.000Z,2.1,49.2,6,4.5,17.4,13.785,638
2023-05-31T00:00:00.000Z,0.6,181.2,6.2,2.7,18.4,12.979,638
2023-06-01T00:00:00.000Z,10.5,30.5,21.85,18.7,24.8,3.98,668
2023-06-02T00:00:00.000Z,11.6,33.9,21.3,17.1,24.4,4.633,650
2023-06-03T00:00:00.000Z,8.7,43.2,21.1,14.5,29.8,9.548,630
2023-06-04T00:00:00.000Z,0.5,57.2,5.9,1.9,7.5,5.865,638
2023-06-05T00:00:00.000Z,0.6,22.2,3.2,2.2,5.05,3.018,628
2023-06-06T00:00:00.000Z,9.1,202.6,62.5,53.45,70,32.002,637
2023-06-07T00:00:00.000Z,71.3,353.5,138.19,88.3,224.6,84.467,647
2023-06-08T00:00:00.000Z,47.2,245.3,136.55,63.5,169.7,63.116,660
2023-06-09T00:00:00.000Z,3.1,61.4,18.7,9,24.05,13.345,633
2023-06-10T00:00:00.000Z,4.3,35.6,9.19,6.65,20.2,9.296,640
2023-06-11T00:00:00.000Z,27.4,49.4,39.1,35.9,41.8,4.288,657
2023-06-12T00:00:00.000Z,26.9,79.4,37.6,35.5,40,4.484,588
2023-06-13T00:00:00.000Z,0.9,35.7,9,2.25,20.25,10.597,365
2023-07-06T00:00:00.000Z,8.2,62.8,16.6,12.5,24.7,6.966,322
2023-07-07T00:00:00.000Z,12.6,56.1,19.7,16.3,22.1,4.28,668
2023-07-08T00:00:00.000Z,14.5,88.6,22.3,20.6,26.4,4.624,657
2023-07-09T00:00:00.000Z,4.3,28.3,18,11.6,19.9,5.204,635
2023-07-10T00:00:00.000Z,0.6,35.4,4,2.29,7.1,3.623,612
2023-07-11T00:00:00.000Z,4.3,28.4,12.1,8.69,17.4,4.887,636
2023-07-12T00:00:00.000Z,13,48,19,17.5,20.6,2.945,657
2023-07-13T00:00:00.000Z,16.2,34.2,25.6,23.3,27.7,3.483,638
2023-07-14T00:00:00.000Z,4,49.2,18.4,8.5,24.6,8.745,585
2023-07-15T00:00:00.000Z,4,68.2,17.9,10.9,23.5,7.226,605
2023-07-16T00:00:00.000Z,1.9,32.5,9.6,6.85,11.5,5.922,420
2023-08-27T00:00:00.000Z,2.4,14.2,3.8,3.5,4.7,2.1,135
2023-08-28T00:00:00.000Z,4.7,29.9,14.5,12.5,18.1,5.253,654
2023-08-29T00:00:00.000Z,6,40.4,9.6,8.1,15.5,4.651,627
2023-08-30T00:00:00.000Z,1.1,35.2,8.85,6.2,12.6,4.865,598
2023-08-31T00:00:00.000Z,0.6,21.6,3.8,2.45,5.4,2.211,628
2023-09-01T00:00:00.000Z,1,22.1,3.1,2.29,4.59,3.179,603
2023-09-02T00:00:00.000Z,3.9,25.7,6.4,5.4,8.65,2.783,637
2023-09-03T00:00:00.000Z,7,28,11.2,10.19,13.1,2.476,633
2023-09-04T00:00:00.000Z,14,33.1,19.5,18,21.3,2.516,635
2023-09-05T00:00:00.000Z,18.3,34.7,24.3,22.5,25.4,2.541,664
2023-09-06T00:00:00.000Z,15.2,65.8,26.4,20.3,28.5,4.966,628
2023-09-07T00:00:00.000Z,15.4,35,20.2,18.89,25,3.888,631
2023-09-08T00:00:00.000Z,4.9,39.7,14.15,8.25,24.2,10.329,648
2023-09-09T00:00:00.000Z,10,43.8,25.8,21.4,30.6,5.77,656
2023-09-10T00:00:00.000Z,3.2,42.9,21.3,9,24.1,8.633,666
2023-09-11T00:00:00.000Z,3.4,62.4,12.1,10,14.4,5.526,629
2023-09-12T00:00:00.000Z,4.1,28.5,7.5,6.5,10.1,4.118,646
2023-09-13T00:00:00.000Z,6,27.8,8.6,7.6,10.4,3.032,641
2023-09-14T00:00:00.000Z,2,22.3,4.6,3.9,8,3.264,621
2023-09-15T00:00:00.000Z,1.8,69.9,4.5,3.1,5.9,3.632,624
2023-09-16T00:00:00.000Z,4.4,21.4,6.8,6.2,8,2.298,633
2023-09-17T00:00:00.000Z,5.5,29,9.3,8.2,11.3,2.641,616
2023-09-18T00:00:00.000Z,2.1,29.3,12.4,5.5,14.8,5.161,617
2023-09-19T00:00:00.000Z,3.8,159.8,8.9,6.8,11.9,10.009,653
2023-09-20T00:00:00.000Z,4,24.1,7.5,5.8,9.69,3.241,596
2023-09-21T00:00:00.000Z,3.6,27.9,6.4,5.3,9,3.377,656
2023-09-22T00:00:00.000Z,6.8,37,9.6,8.6,11.95,3.961,620
2023-09-23T00:00:00.000Z,2.1,36.4,5,3.6,7.4,3.769,631
2023-09-24T00:00:00.000Z,0,26.6,3.7,1.8,7.1,4.288,639
2023-09-25T00:00:00.000Z,0,45.8,3.6,0.7,9.15,5.843,585
2023-09-26T00:00:00.000Z,15.9,43.2,23.1,21.4,25,2.899,543
2023-09-27T00:00:00.000Z,4.6,44.1,9.69,8.1,14.1,6.264,570
2023-09-28T00:00:00.000Z,7.6,46.3,13.85,10.5,16.39,6.782,644
2023-09-29T00:00:00.000Z,0.5,44.3,6.9,3.3,16.2,8.954,610
2023-09-30T00:00:00.000Z,3.3,25.7,11,7.8,13.7,4.121,660
2023-10-01T00:00:00.000Z,9.4,64.8,16.8,14.3,20.1,4.733,664
2023-10-02T00:00:00.000Z,7.9,40.7,15.2,14,16.7,4.873,630
2023-10-03T00:00:00.000Z,11,49.7,20.39,16.39,27.5,7.075,646
2023-10-04T00:00:00.000Z,11.5,40.5,23.55,19.8,29.2,5.889,658
2023-10-05T00:00:00.000Z,4.9,37.1,18.55,9.65,22.2,7.115,624
2023-10-06T00:00:00.000Z,8.1,32.6,18.2,16,21.3,4.374,657
2023-10-07T00:00:00.000Z,1.6,44.7,7.9,5.4,11.7,5.076,635
2023-10-08T00:00:00.000Z,0.5,16.4,2.9,2,3.8,1.403,620
2023-10-09T00:00:00.000Z,0.9,28.9,3.6,2.8,5,2.964,642
2023-10-10T00:00:00.000Z,4,26.5,8.2,6.7,12.2,4.144,615
2023-10-11T00:00:00.000Z,3.2,25.7,12.6,7.55,16.5,5.51,640
2023-10-12T00:00:00.000Z,3.2,38.2,15.5,9.4,21.55,8.07,657
2023-10-13T00:00:00.000Z,0.2,23.5,4.1,2,8.4,4.698,618
2023-10-14T00:00:00.000Z,1.6,44.8,4.8,2.8,7.8,3.826,602
2023-10-15T00:00:00.000Z,0.4,60.8,4.9,3.4,9.1,5.784,648
2023-10-16T00:00:00.000Z,0,22.3,1.3,0.6,3.1,3.175,582
2023-10-17T00:00:00.000Z,1.6,13.6,3.9,3,5.4,1.908,595
2023-10-18T00:00:00.000Z,4.5,44.7,10.9,7.9,14.3,5.114,611
2023-10-19T00:00:00.000Z,4.2,27.3,13,11.1,16.2,3.814,631
2023-10-20T00:00:00.000Z,3.2,25.4,9,7.4,10.19,3.911,539
2023-10-21T00:00:00.000Z,1.3,30.6,9.3,4.1,17.5,7.301,436
2023-10-22T00:00:00.000Z,0,21.9,1.9,1.1,2.85,2.351,576
2023-10-23T00:00:00.000Z,0,10.8,1.1,0.4,2.3,1.677,464
2023-10-24T00:00:00.000Z,1.7,27.5,5.3,3.7,9.2,4.433,606
2023-10-25T00:00:00.000Z,5.7,30.4,11.6,9.3,14.9,4.12,630
2023-10-26T00:00:00.000Z,8,35.4,15.4,12.2,21.4,5.951,638
2023-10-27T00:00:00.000Z,11.2,41.2,18.2,15.6,24.3,5.079,637
2023-10-28T00:00:00.000Z,7.7,39.7,13.7,10.7,16.2,5.126,646
2023-10-29T00:00:00.000Z,0.1,24.6,2.8,1.4,5.9,4.785,587
2023-10-30T00:00:00.000Z,0,30.4,5.4,2.7,15.2,8.803,573
2023-10-31T00:00:00.000Z,0,15.8,1.2,0.6,4.2,2.8,574
2023-11-01T00:00:00.000Z,1.6,21.6,8.8,5.7,10.7,3.365,635
2023-11-02T00:00:00.000Z,2.3,18.9,4.4,3.4,6.2,2.259,637
2023-11-03T00:00:00.000Z,6.6,27.5,11.1,9.75,13.1,2.81,648
2023-11-04T00:00:00.000Z,6.9,36.4,14.9,10.4,23.15,7.142,625
2023-11-05T00:00:00.000Z,12.5,39.1,29.2,23.2,32.9,6.961,658
2023-11-06T00:00:00.000Z,3.9,34.3,12.5,6.6,16.7,5.691,618
2023-11-07T00:00:00.000Z,15.1,36.7,29.05,20.2,32.79,6.311,606
2023-11-08T00:00:00.000Z,0,45.2,1.8,1.2,3.3,5.797,594
2023-11-09T00:00:00.000Z,0.9,26.3,8.65,3.4,13.7,5.849,610
2023-11-10T00:00:00.000Z,2.5,38.9,5.5,4.5,8.3,7.2,583
2023-11-11T00:00:00.000Z,1,29.9,10.6,4.6,14.55,5.391,653
2023-11-12T00:00:00.000Z,1.6,29.8,5.3,2.8,7,3.402,382
2023-11-13T00:00:00.000Z,3.2,29.9,11.9,6.8,15.1,5.118,631
2023-11-14T00:00:00.000Z,0,29.1,13.2,2.5,22.2,9.671,615
2023-11-15T00:00:00.000Z,1.2,26.8,7.7,3.7,11.3,4.782,636
2023-11-16T00:00:00.000Z,7.2,36.6,18.7,14.5,27.6,7.395,645
2023-11-17T00:00:00.000Z,4,41.7,22,8.6,31,10.733,644
2023-11-18T00:00:00.000Z,0,33.5,5.95,1.5,7.7,4.265,622
2023-11-19T00:00:00.000Z,2.7,41.2,6.75,5.5,9.2,3.391,660
2023-11-20T00:00:00.000Z,1.1,19.3,2.7,2,4.1,3.094,628
2023-11-21T00:00:00.000Z,2.6,43.3,6,4.7,7.8,3.22,655
2023-11-22T00:00:00.000Z,0.3,23.7,2.9,2,5.3,3.157,636
2023-11-23T00:00:00.000Z,0,23,4.1,2.29,7.4,3.94,633
2023-11-24T00:00:00.000Z,1.1,31.5,11.5,6.2,12.9,4.661,654
2023-11-25T00:00:00.000Z,0.7,28.5,3.8,2.15,5.8,3.498,649
2023-11-26T00:00:00.000Z,3.8,44.9,14.5,11.2,18,5.122,676
2023-11-27T00:00:00.000Z,0,30.4,6.4,3.6,12.85,7.204,641
2023-11-28T00:00:00.000Z,1.8,15.4,6.1,4.8,7.3,1.98,627
2023-11-29T00:00:00.000Z,0.5,50.6,6,1.5,9.5,5.033,631
2023-11-30T00:00:00.000Z,9.9,27.2,15.9,14.7,19.5,3.033,655
2023-12-01T00:00:00.000Z,9.9,41.7,27,15.55,30.55,8.225,645
2023-12-02T00:00:00.000Z,23.4,44.6,36.9,32.5,39.4,4.667,671
2023-12-03T00:00:00.000Z,4.1,105.2,20.7,9.19,40.79,15.801,651
2023-12-04T00:00:00.000Z,0.8,29,8.2,2.95,12.5,5.768,608
2023-12-05T00:00:00.000Z,2.1,26.1,4.2,3.65,5.5,2.218,625
2023-12-06T00:00:00.000Z,0.9,17.8,4.9,3,7.4,3.019,617
2023-12-07T00:00:00.000Z,1.3,33.5,6.9,2.8,18.2,9.888,646
2023-12-08T00:00:00.000Z,17.8,40.1,27.8,25.4,32.15,4.602,637
2023-12-09T00:00:00.000Z,16,44.4,28.5,22.8,32.7,6.123,655
2023-12-10T00:00:00.000Z,6.6,52.5,28.2,17.1,37.2,10.632,672
2023-12-11T00:00:00.000Z,0,26.2,1.7,0.7,2.8,3.363,595
2023-12-12T00:00:00.000Z,0.2,30.9,4.2,1.4,11.6,5.574,600
2023-12-13T00:00:00.000Z,2.2,23.7,11.3,9.75,13.8,3.975,673
2023-12-14T00:00:00.000Z,0.2,36.2,2.8,2.1,4.4,3.104,628
2023-12-15T00:00:00.000Z,5.7,24.2,16.2,12.4,19.1,4.681,649
2023-12-16T00:00:00.000Z,6.4,37.2,16.3,10.6,20.3,6.758,660
2023-12-17T00:00:00.000Z,7.2,43.6,12.9,10.3,24.2,9.033,656
2023-12-18T00:00:00.000Z,0,41.5,3.9,2.15,7.9,8.368,640
2023-12-19T00:00:00.000Z,0,15.2,2.6,1.4,4.4,2.36,625
2023-12-20T00:00:00.000Z,1.8,40.6,4.6,3.4,6.15,2.738,645
2023-12-21T00:00:00.000Z,2.3,20.6,11,6.95,14.5,4.372,661
2023-12-22T00:00:00.000Z,0.6,34.1,5.4,2.9,8.8,4.199,647
2023-12-23T00:00:00.000Z,7.7,33.9,16.3,12.2,20,5.073,674
2023-12-24T00:00:00.000Z,19,41.5,30.4,28.6,32.29,3.631,674
2023-12-25T00:00:00.000Z,18.1,47.9,36.1,31.7,39.1,5.533,630
2023-12-26T00:00:00.000Z,26,108.3,39.5,35.54,42.35,5.935,648
2023-12-27T00:00:00.000Z,11,66.3,31.7,24.75,36.29,8.487,644
2023-12-28T00:00:00.000Z,0.2,49,6.3,3.5,10.05,7.113,629
2023-12-29T00:00:00.000Z,2.7,26.1,9.2,6.5,12.7,4.868,625
2023-12-30T00:00:00.000Z,3.2,21,9.3,7.8,11.75,2.884,644
2023-12-31T00:00:00.000Z,2,19.5,4.6,3.7,6.15,2.356,640
2024-01-01T00:00:00.000Z,7.6,81.4,18.6,14.7,22.8,5.619,673
2024-01-02T00:00:00.000Z,1.9,21.4,6.5,4.8,8.4,3.149,625
2024-01-03T00:00:00.000Z,6.5,18.4,10.4,9.25,12,2.174,645
2024-01-04T00:00:00.000Z,0,26.8,16.25,5.8,21.8,8.457,654
2024-01-05T00:00:00.000Z,0.5,13.6,2.7,1.4,6.55,2.991,633
2024-01-06T00:00:00.000Z,9.2,46.6,22.4,20.2,24.8,5.142,664
2024-01-07T00:00:00.000Z,0.9,31.9,5.3,2.8,12.6,7.231,659
2024-01-08T00:00:00.000Z,1.9,190.9,6.2,4.5,8.1,11.389,643
2024-01-09T00:00:00.000Z,5,20.1,10.8,9,13.6,2.774,656
2024-01-10T00:00:00.000Z,0,19.7,1.4,0.5,4.2,3.839,589
2024-01-11T00:00:00.000Z,0.4,24.2,2.8,1.1,8.6,4.683,636
2024-01-12T00:00:00.000Z,6.4,33.1,10.3,8.6,13,3.477,635
2024-01-13T00:00:00.000Z,0.3,47.8,5.6,1.6,12.3,6.92,606
2024-01-14T00:00:00.000Z,1.2,29,4.45,3.1,5.8,2.528,652
2024-01-15T00:00:00.000Z,1.2,13.2,3.5,2.2,5.3,2.108,658
2024-01-16T00:00:00.000Z,7.2,27.5,18.8,12.5,22.1,5.216,681
2024-01-17T00:00:00.000Z,3.4,21.1,6.6,5.4,9.5,3.263,633
2024-01-18T00:00:00.000Z,2.6,19.7,7.4,5.9,11.4,3.615,645
2024-01-19T00:00:00.000Z,9.1,36.9,19.6,16.4,21.8,4.264,666
2024-01-20T00:00:00.000Z,0.9,34.1,2.7,1.9,5.5,5.954,647
2024-01-21T00:00:00.000Z,0.2,37.9,2.2,1.3,3.7,2.683,642
2024-01-22T00:00:00.000Z,1.3,26.4,4.9,3,8.7,4.616,655
2024-01-23T00:00:00.000Z,14.7,32.3,20.6,18.5,23.3,3.714,669
2024-01-24T00:00:00.000Z,22.1,51.5,30.5,28.6,35,4.282,662
2024-01-25T00:00:00.000Z,12,52.5,29,25,33.3,6.177,674
2024-01-26T00:00:00.000Z,2.2,51,11.55,7.4,19.4,9.066,638
2024-01-27T00:00:00.000Z,1.8,46.4,12.6,6.4,24.9,10.659,657
2024-01-28T00:00:00.000Z,1.3,58.9,7.55,3.6,14.5,8.696,668
2024-01-29T00:00:00.000Z,0.1,47.7,7.1,2.29,17.5,11.829,659
2024-01-30T00:00:00.000Z,2.2,23.4,7.2,5.4,9.9,3.278,654
2024-01-31T00:00:00.000Z,1.3,25.1,5.1,3.1,7.1,2.893,641
2024-02-01T00:00:00.000Z,7,36.5,23.2,14.65,29.2,8.087,649
2024-02-02T00:00:00.000Z,7.8,42.9,25.8,20.6,29.8,6.951,573
2024-02-03T00:00:00.000Z,2.8,34.6,7.9,6.2,11,4.157,566
2024-02-04T00:00:00.000Z,1.4,29.8,7,4.4,10.7,4.698,669
2024-02-05T00:00:00.000Z,1.4,35.4,5.4,3.9,8,4.157,670
2024-02-06T00:00:00.000Z,0.4,17.5,3.3,2.3,4.95,2.575,629
2024-02-07T00:00:00.000Z,1.3,37.9,6,4.6,8.3,3.523,624
2024-02-08T00:00:00.000Z,5,52.6,16.1,13.2,21.8,6.206,671
2024-02-09T00:00:00.000Z,5.5,34.7,11.9,10,18.75,7.531,641
2024-02-10T00:00:00.000Z,14.3,54.6,30.45,27,35.9,5.843,672
2024-02-11T00:00:00.000Z,5.2,42.1,13.7,9.6,27.85,10.399,648
2024-02-12T00:00:00.000Z,6.1,79,9.4,8.1,14.3,5.105,646
2024-02-13T00:00:00.000Z,2.8,23,8.1,5.8,13.1,4.319,636
2024-02-14T00:00:00.000Z,0.1,15.9,1.9,1,4.7,2.52,615
2024-02-15T00:00:00.000Z,1.5,26.8,5.5,4.2,8,3.43,659
2024-02-16T00:00:00.000Z,0,19.9,3,1.4,11,5.4,659
2024-02-17T00:00:00.000Z,0.8,31.4,7.9,4.8,13.8,5.891,667
2024-02-18T00:00:00.000Z,1.9,17,6.7,4.9,9.8,3.405,663
2024-02-19T00:00:00.000Z,0.3,292.8,6.2,2.1,8.5,12.353,658
2024-02-20T00:00:00.000Z,0,16.4,2.4,1.4,4.09,2.608,611
2024-02-21T00:00:00.000Z,1.2,19.4,6.65,3.9,9,3.49,642
2024-02-22T00:00:00.000Z,0.6,19.2,4.9,2.8,6.5,2.937,645
2024-02-23T00:00:00.000Z,6.9,55.2,16.6,11.6,25.45,8.583,596
2024-02-24T00:00:00.000Z,0.8,31.3,17.2,3.1,22.1,9.221,493
2024-02-25T00:00:00.000Z,0.3,307.1,2.54,1.3,4.4,16.036,580
2024-02-26T00:00:00.000Z,1.8,25.1,8.8,3.9,14.4,5.532,605
2024-02-27T00:00:00.000Z,10.1,35.2,19.1,15.8,24.25,4.892,628
2024-02-28T00:00:00.000Z,10.7,32,18,14.05,21,4.502,580
2024-02-29T00:00:00.000Z,0,22.7,1.2,0.4,2.29,4.561,511
2024-03-01T00:00:00.000Z,1.3,22.6,5.3,2.8,9.1,3.527,630
2024-03-02T00:00:00.000Z,3.6,30.4,9.1,6.45,14.1,4.377,653
2024-03-03T00:00:00.000Z,0,40.8,3.3,1.1,11.6,8.65,603
2024-03-04T00:00:00.000Z,2.2,31.8,5.4,3.7,8.6,3.522,598
2024-03-05T00:00:00.000Z,1,34.1,6.5,4.59,11.4,6.209,595
2024-03-06T00:00:00.000Z,5.4,39.2,22.2,17.2,29.1,8.141,657
2024-03-07T00:00:00.000Z,0,25.1,4.65,2.25,10.55,5.221,628
2024-03-08T00:00:00.000Z,1,20.6,4.2,2.8,7.1,3.327,623
2024-03-09T00:00:00.000Z,1.1,29.3,5.5,2.7,9.5,4.272,646
2024-03-10T00:00:00.000Z,0,58,1.8,0.7,8.8,8.217,601
2024-03-11T00:00:00.000Z,0,137.4,0.4,0.2,0.8,8.98,535
2024-03-12T00:00:00.000Z,0,27.1,3.9,1.2,5.8,3.035,606
2024-03-13T00:00:00.000Z,4.4,38.5,9.94,7.7,16,7.777,662
2024-03-14T00:00:00.000Z,12.4,44.1,25.2,21.6,28.1,6.055,663
2024-03-15T00:00:00.000Z,0.7,42.9,16.2,4.9,33.9,13.432,659
2024-03-16T00:00:00.000Z,1.4,445.4,6.2,4,9.4,21.047,655
2024-03-17T00:00:00.000Z,0.9,27.6,6.7,3.2,9.44,4.842,648
2024-03-18T00:00:00.000Z,0.5,9.4,1.8,1.4,2.7,1.449,617
2024-03-19T00:00:00.000Z,0.1,12.8,1.4,0.8,2.5,1.947,556
2024-03-20T00:00:00.000Z,1.7,21,10.7,7.7,12.85,3.594,433
2024-03-21T00:00:00.000Z,0,8.8,0.9,0.4,1.8,1.32,437
2024-03-22T00:00:00.000Z,0.9,18.9,4.8,2.8,9.3,4.169,596
2024-03-23T00:00:00.000Z,0.8,28.4,10.9,7.5,13.7,5.07,467
2024-03-24T00:00:00.000Z,1,893.8,3.3,2.4,6.5,38.426,556
2024-03-25T00:00:00.000Z,2.4,626.3,4.59,3.6,5.9,35.929,570
2024-03-26T00:00:00.000Z,0.9,25.9,4.8,2.5,6.9,3.466,627
2024-03-27T00:00:00.000Z,4.7,43,23.9,14.1,32.4,10.994,627
2024-03-28T00:00:00.000Z,4,435.7,15.5,12.4,30.45,20.277,649
2024-03-29T00:00:00.000Z,2.2,21.6,8.25,4.25,13.9,5.064,416
2024-03-30T00:00:00.000Z,0.5,22.1,2.9,1.6,5,2.292,651
2024-03-31T00:00:00.000Z,1.2,29.8,5.5,3.7,8.4,3.443,598
2024-04-01T00:00:00.000Z,2.9,139.5,7.2,4.8,11.6,8.9,648
2024-04-02T00:00:00.000Z,7.9,31,17,12.8,21.8,5.592,666
2024-04-03T00:00:00.000Z,3.1,21.4,6.2,4.4,8,2.698,653
2024-04-04T00:00:00.000Z,0,18.2,1.4,0.7,2.85,2.647,585
2024-04-05T00:00:00.000Z,0,34.5,1.5,0.9,3,3.664,628
2024-04-06T00:00:00.000Z,0,18.6,1.2,0.6,2,1.909,561
2024-04-07T00:00:00.000Z,0.2,24.9,1.8,1.2,2.8,2.2,610
2024-04-08T00:00:00.000Z,1,19.2,4.8,3.4,6.4,2.735,607
2024-04-09T00:00:00.000Z,2.8,159.8,9.6,6.1,14,9.273,623
2024-04-10T00:00:00.000Z,7.6,26.7,14,10.8,17.2,4.37,638
2024-04-11T00:00:00.000Z,9.7,34.7,16.8,14,22.4,6.443,672
2024-04-12T00:00:00.000Z,0.4,24.8,8.8,4.1,12.4,6.123,676
2024-04-13T00:00:00.000Z,0,9.4,1.4,0.6,2.8,1.715,469
2024-04-14T00:00:00.000Z,0.6,37.9,2,1.4,4.2,2.901,610
2024-04-15T00:00:00.000Z,1.5,139.4,5.2,3.8,6.9,8.582,639
2024-04-16T00:00:00.000Z,0.5,14.2,3,1.9,3.7,2.093,571
2024-04-17T00:00:00.000Z,2.6,30.4,6.4,5.2,8.9,3.91,631
2024-04-18T00:00:00.000Z,0.9,18.3,4.9,3.2,8.8,3.786,639
2024-04-19T00:00:00.000Z,2.6,185.6,6.4,5.15,8.94,10.097,624
2024-04-20T00:00:00.000Z,2.3,28.3,11.45,8.69,16.39,5.656,650
2024-04-21T00:00:00.000Z,1.2,23.3,3.5,2.4,5.4,2.81,636
2024-04-22T00:00:00.000Z,1.1,15.7,3.8,2.54,5.2,2.526,633
2024-04-23T00:00:00.000Z,3.5,27.7,8.4,6.2,10.5,2.917,623
2024-04-24T00:00:00.000Z,0.4,13.5,3.7,2.9,6.3,2.813,621
2024-04-25T00:00:00.000Z,0.4,12.9,3,2,5.1,2.044,615
2024-04-26T00:00:00.000Z,3.5,19.9,7.5,6.2,9.4,2.35,646
2024-04-27T00:00:00.000Z,1.1,31.2,3.9,2.5,6.1,3.029,640
2024-04-28T00:00:00.000Z,2.6,100.5,9.15,4.9,13.7,6.955,652
2024-04-29T00:00:00.000Z,15,35,22.9,20.7,25.3,3.321,665
2024-04-30T00:00:00.000Z,9,39.8,17.8,15.4,32.3,9.434,663
2024-05-01T00:00:00.000Z,3.2,37.4,15,12.7,20.15,7.207,660
2024-05-02T00:00:00.000Z,12.2,36.1,18.9,16.2,22.4,4.989,668
2024-05-03T00:00:00.000Z,0.6,31,6.1,3.95,8.5,3.688,637
