date,min,max,pm25,q1,q3,stdev,count
2020-11-10T00:00:00.000Z,4.09,5.9,5.03,4.65,5.59,0.519,29
2020-11-12T00:00:00.000Z,11.65,33.43,20.04,15.47,24.03,5.071,158
2020-11-13T00:00:00.000Z,11.9,32,20.3,17.67,25.02,4.371,219
2020-11-14T00:00:00.000Z,10,97.78,21.99,19.39,23.98,6.83,338
2020-11-15T00:00:00.000Z,9.97,36.53,19.23,16.87,22.37,4.7,292
2020-11-16T00:00:00.000Z,4.43,47.17,21.17,12.4,27.92,10.463,283
2020-11-17T00:00:00.000Z,1.4,58.43,5.89,2.8,10.57,6.622,310
2020-11-18T00:00:00.000Z,2.8,27.67,5.92,4.3,12.97,5.301,210
2020-11-19T00:00:00.000Z,0.2,36.07,5.43,3.73,14.48,8.048,370
2020-11-20T00:00:00.000Z,0.2,25.67,0.8,0.4,1.6,2.317,362
2020-11-21T00:00:00.000Z,0.5,37.75,4.42,1.5,8.5,4.72,310
2020-11-22T00:00:00.000Z,2.6,29.5,7.7,4.65,11.92,5.562,305
2020-11-23T00:00:00.000Z,3.23,23.4,10.55,5.6,15.75,5.598,276
2020-11-24T00:00:00.000Z,4.37,31.1,9.94,7.19,14.09,4.508,289
2020-11-25T00:00:00.000Z,3.47,30.23,9.23,5.85,12.6,4.999,297
2020-11-26T00:00:00.000Z,3.9,27.8,8.93,5.97,13.25,4.618,288
2020-11-27T00:00:00.000Z,4.67,31.4,12.17,7.1,16.91,5.803,265
2020-11-28T00:00:00.000Z,6.35,32.47,12.7,8.19,18.95,6.284,282
2020-11-29T00:00:00.000Z,5.82,27.8,11.13,8.91,14.3,4.117,281
2020-11-30T00:00:00.000Z,4.33,33.5,9.05,7.3,16.77,5.419,254
2020-12-01T00:00:00.000Z,15.6,45.3,21.98,19.63,29.63,6.802,221
2020-12-02T00:00:00.000Z,8.93,33.03,20.52,17.64,24.07,4.643,223
2020-12-03T00:00:00.000Z,10.6,44.92,22.99,15.5,29.91,8.43,236
2020-12-04T00:00:00.000Z,3.27,59.1,14.6,10.9,18.32,7.307,266
2020-12-05T00:00:00.000Z,0.7,32.9,6.1,3.83,10.57,5.937,255
2020-12-06T00:00:00.000Z,1.05,33.79,6.35,3.29,16.34,8.128,341
2020-12-07T00:00:00.000Z,1.3,22.4,4.44,2.6,8.47,4.002,294
2020-12-08T00:00:00.000Z,3.45,65.03,21.83,6.75,31.4,13.389,283
2020-12-09T00:00:00.000Z,5.8,48.67,15.62,13.37,19.38,6.173,256
2020-12-10T00:00:00.000Z,4,70.59,19.27,12.2,27.13,11.13,263
2020-12-11T00:00:00.000Z,7.05,49.28,15.43,11.59,18.14,5.612,300
2020-12-12T00:00:00.000Z,10.4,95.97,15.07,13.5,18.95,7.14,311
2020-12-13T00:00:00.000Z,4.63,47.9,10.15,7.05,15.34,6.403,296
2020-12-14T00:00:00.000Z,1.85,67.5,11.27,5.5,16.17,8.505,287
2020-12-15T00:00:00.000Z,4,47.22,15.68,8.1,24.67,10.583,279
2021-01-01T00:00:00.000Z,20.2,36.07,26.22,23.8,30.18,3.995,44
2021-01-02T00:00:00.000Z,11.83,60.2,26.27,21.03,33.72,10.134,262
2021-01-03T00:00:00.000Z,3.6,48.83,19,14.4,23.48,7.01,250
2021-01-04T00:00:00.000Z,4.07,49.27,18.69,9.68,24.67,8.616,240
2021-01-05T00:00:00.000Z,2.5,60.6,22.84,14.27,30.64,11.673,256
2021-01-06T00:00:00.000Z,6.03,73.13,20.53,17.09,26.74,7.902,245
2021-01-07T00:00:00.000Z,2,34.97,13.24,8.83,17.39,6.056,262
2021-01-08T00:00:00.000Z,1.6,26.97,11.63,6.38,15.93,5.528,283
2021-01-09T00:00:00.000Z,2.23,128.66,14.23,6.53,21.13,12.547,287
2021-01-10T00:00:00.000Z,5.03,31.97,15.2,8.97,21.67,7.125,274
2021-01-11T00:00:00.000Z,3.42,56.9,12.3,7.84,18.27,7.838,253
2021-01-12T00:00:00.000Z,3.5,50.93,15.3,7.47,27.02,11.487,271
2021-01-13T00:00:00.000Z,4.43,61.33,19.6,11.53,26.1,9.862,255
2021-01-14T00:00:00.000Z,12.7,12.7,12.7,12.7,12.7,0,1
2021-01-15T00:00:00.000Z,6.93,63.03,18.05,14.7,22.6,6.98,180
2021-01-16T00:00:00.000Z,1.7,42.5,12.46,7.1,18.23,7.984,262
2021-01-17T00:00:00.000Z,5.53,47.47,20.12,10.93,28.03,9.784,230
2021-01-18T00:00:00.000Z,5.87,50.5,17,12.77,25.15,9.829,223
2021-01-19T00:00:00.000Z,2.29,40.85,14.72,4.82,22.57,9.648,210
2021-01-20T00:00:00.000Z,9.77,109.03,31.17,16.37,42.5,14.262,261
2021-01-21T00:00:00.000Z,14.05,90.53,42.37,34.29,50.95,15.702,240
2021-01-22T00:00:00.000Z,3.17,56.85,23.48,9.35,40.06,15.502,256
2021-01-23T00:00:00.000Z,3.37,70.9,12.05,7.89,18.52,7.374,257
2021-01-24T00:00:00.000Z,1.4,45.25,6.72,4.47,10.03,9.118,280
2021-01-25T00:00:00.000Z,0.7,51.97,6.97,3.9,13.3,7.317,243
2021-01-26T00:00:00.000Z,0.9,23.3,3.81,2.52,6.83,3.784,250
2021-01-27T00:00:00.000Z,1,33.08,8.27,3.37,13.4,6.891,222
2021-01-28T00:00:00.000Z,2.52,38.53,12.03,5.93,19.37,8.109,274
2021-01-29T00:00:00.000Z,7.97,44.43,20.63,12.65,30,9.689,214
2021-01-30T00:00:00.000Z,1.9,58.8,13.62,9.81,23.2,8.929,244
2021-01-31T00:00:00.000Z,12.8,47.95,27.7,21.94,34.93,7.754,257
2021-02-01T00:00:00.000Z,9.67,44.8,24.77,19.13,30.75,7.705,218
2021-02-02T00:00:00.000Z,6.53,36.7,13.7,10.75,18.13,5.637,238
2021-02-03T00:00:00.000Z,9.93,46.3,27.49,15.79,35.35,9.53,124
2021-02-04T00:00:00.000Z,12.73,54.65,23,20.58,25.73,4.703,266
2021-02-05T00:00:00.000Z,13.03,61.08,22.21,18.2,27.04,7.18,232
2021-02-06T00:00:00.000Z,10.88,53.15,19.2,15.17,26.81,7.809,241
2021-02-07T00:00:00.000Z,5.7,44.6,17.8,11.55,25.33,8.684,241
2021-02-08T00:00:00.000Z,0.7,22.23,8.52,5.53,10.8,4.406,258
2021-02-09T00:00:00.000Z,2.4,25.9,9.5,5.71,15.53,6.058,237
2021-02-10T00:00:00.000Z,5.2,48.35,12.46,9.69,15.77,6.193,244
2021-02-11T00:00:00.000Z,1.02,34.95,6.21,3.7,9.38,6.111,226
2021-02-12T00:00:00.000Z,3.2,22.57,8.19,5.19,11.02,3.578,260
2021-02-13T00:00:00.000Z,4.18,21.5,8.68,7.7,10.6,2.878,254
2021-02-14T00:00:00.000Z,1.4,21.53,3.41,2.4,6.88,3.415,240
2021-02-15T00:00:00.000Z,1.6,19.05,5.15,3.27,9.83,3.87,239
2021-02-16T00:00:00.000Z,3.42,30.73,8.5,4.88,18.32,6.909,234
2021-02-17T00:00:00.000Z,8.86,103.27,17.77,14.41,22.7,7.632,229
2021-02-18T00:00:00.000Z,9.88,53.83,26.27,21.67,39.29,10.374,266
2021-02-19T00:00:00.000Z,25.2,57.72,44.3,40.5,46.67,6.45,234
2021-02-20T00:00:00.000Z,19.57,58.83,40.78,30.03,46.08,9.553,246
2021-02-21T00:00:00.000Z,19.55,45.72,29.33,24,37.1,6.974,255
2021-02-22T00:00:00.000Z,6.88,33.77,18.07,12.9,23.34,6.383,208
2021-02-23T00:00:00.000Z,4.9,20.39,8.8,6.77,11.37,3.187,229
2021-02-24T00:00:00.000Z,3.17,48.7,6.23,5.17,8.88,4.755,237
2021-02-25T00:00:00.000Z,3.35,22.08,5.85,4.8,8.36,3.439,229
2021-02-26T00:00:00.000Z,3.57,71.68,6.39,5.03,8.55,5.121,224
2021-02-27T00:00:00.000Z,3.77,26.57,6.43,5.43,9.99,3.214,257
2021-02-28T00:00:00.000Z,1.5,33.4,7.47,5.75,8.63,3.721,263
2021-03-01T00:00:00.000Z,1.85,24.97,5.03,4.03,6.9,4.142,233
2021-03-02T00:00:00.000Z,2.1,18.89,4.5,3.3,7.57,3.456,249
2021-03-03T00:00:00.000Z,2.7,19.5,6.17,4.5,9,2.909,221
2021-03-04T00:00:00.000Z,4.67,24.53,11.07,6.49,15.57,5.381,232
2021-03-05T00:00:00.000Z,4.57,49.63,14.31,9.82,23.59,8.853,248
2021-03-06T00:00:00.000Z,0.8,52.3,6.52,3.4,9.1,4.837,234
2021-03-07T00:00:00.000Z,5.6,20.53,10.45,8.61,12.03,2.509,269
2021-03-08T00:00:00.000Z,5.75,33.53,14.77,10.8,18.1,5.047,243
2021-03-09T00:00:00.000Z,7.8,60.4,14.7,12,17.43,5.198,247
2021-03-10T00:00:00.000Z,2.47,32.88,9.02,4.9,11.97,4.704,230
2021-03-11T00:00:00.000Z,12.67,34.03,21.67,18,26.64,5.711,236
2021-03-12T00:00:00.000Z,7.47,52.42,23.83,13.49,30.12,8.979,245
2021-03-13T00:00:00.000Z,6.5,60.73,12.8,10.52,18.03,5.718,246
2021-03-14T00:00:00.000Z,0.2,71.72,3.06,0.97,15.18,9.07,240
2021-03-15T00:00:00.000Z,0.3,11.57,1.43,0.8,3.88,2.209,209
2021-03-16T00:00:00.000Z,0.27,10.63,0.93,0.65,1.87,1.38,227
2021-03-17T00:00:00.000Z,0.4,8.1,1.1,0.73,1.98,1.206,247
2021-03-18T00:00:00.000Z,0.5,11.25,1.72,0.94,4.25,2.179,236
2021-03-19T00:00:00.000Z,1.02,13.13,3.8,2.82,5.79,2.334,224
2021-03-20T00:00:00.000Z,0.9,47.17,4.32,2.21,5.84,4.249,229
2021-03-21T00:00:00.000Z,0.4,8.35,2.13,1.5,2.97,1.417,210
2021-03-22T00:00:00.000Z,0.4,9.32,0.8,0.6,1.3,1.153,222
2021-03-23T00:00:00.000Z,0.7,41.3,1.94,1,4.97,3.626,286
2021-03-24T00:00:00.000Z,1.5,20.65,5.8,4.67,9.75,3.439,169
2021-03-25T00:00:00.000Z,0.82,31.55,10.4,6.87,18.39,7.793,209
2021-03-26T00:00:00.000Z,12.4,29.85,21.03,19.79,23.8,3.021,172
2021-03-27T00:00:00.000Z,18.42,31.48,23.48,21.88,26.6,3.196,141
2021-03-28T00:00:00.000Z,8.88,29.65,17.1,15.63,21.02,4.165,111
2021-03-31T00:00:00.000Z,5.3,10.63,7.39,6.94,7.7,0.709,68
2021-04-01T00:00:00.000Z,1.5,14.3,7.6,5.4,8.55,2.704,171
2021-04-02T00:00:00.000Z,2.7,16.2,9.59,5.63,11.88,3.771,194
2021-04-03T00:00:00.000Z,0.8,10.82,3.27,1.83,4.26,1.679,205
2021-04-04T00:00:00.000Z,1.1,4.15,2.1,1.5,3.2,0.878,179
2021-04-05T00:00:00.000Z,2.04,14.15,3.41,2.92,3.97,1.326,146
2021-04-06T00:00:00.000Z,0.3,5.53,0.85,0.5,1.5,1.561,230
2021-04-07T00:00:00.000Z,0.5,11.25,1.94,1.1,3.5,1.584,160
2021-04-08T00:00:00.000Z,0.6,12.9,1.6,0.93,3.73,2.051,95
2021-04-09T00:00:00.000Z,4.33,10.9,5.7,5.09,6.95,1.386,49
2021-04-10T00:00:00.000Z,2.2,13.18,5.78,4.93,7.4,2.14,162
2021-04-11T00:00:00.000Z,1.2,16,7.42,3.6,11.23,4.172,94
2021-04-12T00:00:00.000Z,0.23,11.88,2.6,0.68,5.72,3.279,71
2021-04-13T00:00:00.000Z,0.3,3.9,1.4,1,1.74,0.647,116
2021-04-14T00:00:00.000Z,1.45,10.27,2.72,2.29,5.25,1.986,124
2021-04-15T00:00:00.000Z,2.38,9.32,4.5,3.34,5.4,1.294,97
2021-04-16T00:00:00.000Z,1.7,17.5,3.42,2.7,5.03,2.58,123
2021-04-17T00:00:00.000Z,2.29,9.8,4.2,3.56,4.78,1.156,149
2021-04-18T00:00:00.000Z,2.29,10.98,6,4.4,7.6,2.18,131
2021-04-19T00:00:00.000Z,1.87,16.77,3.8,2.9,6.43,2.326,128
2021-04-20T00:00:00.000Z,0.6,6.9,2.92,2.25,3.5,1.137,113
2021-04-21T00:00:00.000Z,2.95,13.9,7.53,6.5,8.69,2.172,117
2021-04-22T00:00:00.000Z,3.27,17.43,8.5,7.03,10.58,3.03,117
2021-04-23T00:00:00.000Z,1.6,25.27,8.77,5.9,10.75,3.651,110
2021-04-24T00:00:00.000Z,3.78,17.23,8.56,7.8,9.77,2.088,110
2021-04-25T00:00:00.000Z,2.63,14.3,8.9,4.95,10.02,2.741,159
2021-04-26T00:00:00.000Z,4.75,19.7,10.1,8.8,11.67,2.617,131
2021-04-27T00:00:00.000Z,5.35,23.8,9.55,8,11.35,2.749,131
2021-04-28T00:00:00.000Z,3.47,17.77,7.65,5.8,9.55,2.828,122
2021-04-29T00:00:00.000Z,2,33.9,11.52,6.83,19.5,7.387,115
2021-04-30T00:00:00.000Z,0.7,8.93,2.6,1.85,4.18,1.911,103
2021-05-01T00:00:00.000Z,0.9,14.2,2.5,1.73,4.03,2.23,118
2021-05-02T00:00:00.000Z,0.1,2.67,0.6,0.37,0.82,0.431,128
2021-05-03T00:00:00.000Z,0.45,3.83,1.21,0.7,1.8,0.714,124
2021-05-04T00:00:00.000Z,1.5,6.2,2.87,2.2,3.7,0.948,116
2021-05-05T00:00:00.000Z,0.5,9.93,2.89,1.33,5.43,2.635,118
2021-05-06T00:00:00.000Z,0.6,4.9,1.7,0.93,2.35,1.073,113
2021-05-07T00:00:00.000Z,0.2,6.83,1.34,0.5,4,2.075,118
2021-05-08T00:00:00.000Z,0.4,2.97,0.8,0.64,1.3,0.492,125
2021-05-09T00:00:00.000Z,0.98,2.8,1.7,1.43,2.2,0.442,142
2021-05-10T00:00:00.000Z,1.05,4.4,2.59,2.04,2.9,0.703,136
2021-05-11T00:00:00.000Z,0.8,7.4,2.52,2.12,3.51,1.288,120
2021-05-12T00:00:00.000Z,0.15,3.67,0.84,0.5,1.12,0.581,110
2021-05-13T00:00:00.000Z,0.3,5.05,1.1,0.83,1.8,0.692,143
2021-05-14T00:00:00.000Z,0.27,5.32,1,0.53,1.88,0.844,130
2021-05-15T00:00:00.000Z,0.4,4.43,1.2,0.9,1.73,0.725,143
2021-05-16T00:00:00.000Z,0.85,5.37,1.6,1.23,2.4,1.162,147
2021-05-17T00:00:00.000Z,0.13,7.7,0.63,0.4,1.12,2.183,129
2021-05-18T00:00:00.000Z,0.15,3.17,0.73,0.5,1.1,0.61,110
2021-05-19T00:00:00.000Z,0.1,2.63,0.5,0.38,0.72,0.48,145
2021-05-20T00:00:00.000Z,0.1,1.73,0.55,0.3,0.8,0.332,147
2021-05-21T00:00:00.000Z,0.5,4.4,1.29,0.82,1.67,0.59,138
2021-05-22T00:00:00.000Z,0.63,6.37,2.35,1.2,3.03,1.204,123
2021-05-23T00:00:00.000Z,0.1,10.97,1.2,0.6,4.7,2.351,157
2021-05-24T00:00:00.000Z,0.8,13.47,4.22,2.79,6.01,2.885,145
2021-05-25T00:00:00.000Z,0.2,15.2,2.52,1.05,8.07,3.712,163
2021-05-26T00:00:00.000Z,0.7,3.88,1.57,1.14,2.8,0.871,154
2021-05-27T00:00:00.000Z,1,10.4,3.03,1.98,3.87,1.493,147
2021-05-28T00:00:00.000Z,0.8,5.97,1.78,1.2,2,0.962,150
2021-05-29T00:00:00.000Z,1.4,4.59,2.27,1.93,2.78,0.739,127
2021-05-30T00:00:00.000Z,0.7,2.88,1.63,1.3,1.92,0.411,161
2021-05-31T00:00:00.000Z,1.12,5.95,2.06,1.69,3.18,0.892,129
2021-06-01T00:00:00.000Z,2.1,7.33,3.8,3.01,4.45,1.278,168
2021-06-02T00:00:00.000Z,2.72,8.8,4.32,3.6,5.2,1.294,131
2021-06-03T00:00:00.000Z,3.28,11.63,6.07,5.09,6.88,1.378,145
2021-06-04T00:00:00.000Z,3.67,13.07,7.93,6.2,9.55,2.453,146
2021-06-05T00:00:00.000Z,4.18,24,7.74,5.68,8.94,2.257,148
2021-06-06T00:00:00.000Z,0.7,7.4,2.5,1.6,4.19,1.725,180
2021-06-07T00:00:00.000Z,0.7,8.48,1.53,1.3,1.92,0.612,314
2021-06-08T00:00:00.000Z,1.5,4.7,2.78,2.17,3.24,0.642,229
2021-06-09T00:00:00.000Z,1.9,4.4,2.95,2.6,3.28,0.482,250
2021-06-10T00:00:00.000Z,1.48,4.59,2.79,2.29,3.47,0.715,166
2021-06-11T00:00:00.000Z,1.95,5.53,2.97,2.5,3.79,0.868,173
2021-06-12T00:00:00.000Z,1.42,6.03,4.3,3.5,4.82,1.004,158
2021-06-13T00:00:00.000Z,0.4,6.9,3.82,1.9,5.28,1.954,158
2021-06-14T00:00:00.000Z,3.17,9.15,5.3,4.48,6.67,1.322,193
2021-06-15T00:00:00.000Z,3.9,21.33,6.38,5.55,7.26,1.731,184
2021-06-16T00:00:00.000Z,5.75,12,7.3,6.72,8.07,1.383,162
2021-06-17T00:00:00.000Z,6.68,12.48,9.05,8.02,10.25,1.421,232
2021-06-18T00:00:00.000Z,5.65,13.5,8.48,7.68,9.32,1.477,235
2021-06-19T00:00:00.000Z,6.38,14.18,11.07,10.34,11.81,1.329,269
2021-06-20T00:00:00.000Z,4.78,18.45,10.19,6.9,11.95,3.082,295
2021-06-21T00:00:00.000Z,3.78,13.9,6.1,4.65,8.02,2.434,254
2021-06-22T00:00:00.000Z,1.4,7.87,4.43,2.27,5.82,1.846,223
2021-06-23T00:00:00.000Z,1.58,5.8,2.89,2.33,3.37,0.717,274
2021-06-24T00:00:00.000Z,0.85,7.25,3.03,1.5,4.03,1.393,255
2021-06-25T00:00:00.000Z,0.93,3.95,1.7,1.4,2.6,0.728,289
2021-06-26T00:00:00.000Z,0.93,5.2,2.29,1.8,2.6,0.569,298
2021-06-27T00:00:00.000Z,1.12,3.8,2.31,1.9,2.88,0.667,296
2021-06-28T00:00:00.000Z,1.9,5.67,3.41,2.9,4.32,0.859,282
2021-06-29T00:00:00.000Z,1.23,5.75,2.47,1.88,3.37,1.214,304
2021-06-30T00:00:00.000Z,0.7,10.67,1.8,1.35,2.65,1.072,291
2021-07-01T00:00:00.000Z,0.2,41.3,0.98,0.5,1.3,5.157,255
2021-07-02T00:00:00.000Z,0.88,3.3,1.7,1.4,2.4,0.578,139
2021-07-10T00:00:00.000Z,1.75,5.17,2.92,2.63,3.2,0.561,144
2021-07-11T00:00:00.000Z,0.2,32.04,1.83,0.75,2.82,1.972,344
2021-07-12T00:00:00.000Z,2.2,21,4.03,3.1,5.4,1.628,251
2021-07-13T00:00:00.000Z,0.6,7.53,3.17,2.27,6.07,1.913,228
2021-07-14T00:00:00.000Z,0.56,6.93,2.6,1.3,3.57,1.491,241
2021-07-15T00:00:00.000Z,0.8,6.87,1.82,1.5,2.47,0.922,306
2021-07-16T00:00:00.000Z,0.43,3.9,2.17,1.5,2.5,0.66,263
2021-07-17T00:00:00.000Z,0.8,6.5,1.5,1.23,1.8,0.653,314
2021-07-18T00:00:00.000Z,0.3,6.47,1.5,0.97,2,0.79,264
2021-07-19T00:00:00.000Z,1.8,6.4,4.13,3.03,4.9,1.111,239
2021-07-20T00:00:00.000Z,3.73,6.57,5,4.59,5.67,0.659,258
2021-07-21T00:00:00.000Z,4.82,14.57,6.83,6.33,8.11,1.227,285
2021-07-22T00:00:00.000Z,3.9,14.5,7.57,6.67,9.44,2.102,239
2021-07-23T00:00:00.000Z,3.5,9.57,5.53,4.9,7.38,1.582,287
2021-07-24T00:00:00.000Z,8.88,16.27,11.38,10.38,12.5,1.498,283
2021-07-25T00:00:00.000Z,5.63,14.47,9.56,8.59,11.06,1.661,316
2021-07-26T00:00:00.000Z,2.17,11,6.03,3.42,8.47,2.595,322
2021-07-27T00:00:00.000Z,1.1,13.05,4,3.13,5.92,2.268,332
2021-07-28T00:00:00.000Z,3.8,10.23,5.92,5.18,6.97,1.17,328
2021-07-29T00:00:00.000Z,4.57,9.6,6.8,6.13,7.43,0.991,295
2021-07-30T00:00:00.000Z,5.09,10.7,7.78,7.09,8.52,0.984,241
2021-07-31T00:00:00.000Z,3.17,12,7.97,5.97,8.73,1.943,260
2021-08-01T00:00:00.000Z,0.4,14.95,6.95,1.55,9.07,3.906,243
2021-08-02T00:00:00.000Z,0.3,2.9,0.7,0.5,1.2,0.487,238
2021-08-03T00:00:00.000Z,1.07,6.67,2.27,1.83,2.86,1.103,245
2021-08-04T00:00:00.000Z,2.57,9,4.59,3.72,5.18,1.02,215
2021-08-05T00:00:00.000Z,0.1,2.92,0.5,0.3,0.7,0.378,248
2021-08-06T00:00:00.000Z,0.4,3.47,2.43,1.1,2.83,0.883,311
2021-08-07T00:00:00.000Z,2.2,7.7,3.5,2.97,3.95,0.703,315
2021-08-08T00:00:00.000Z,1.25,5.53,2.9,2.34,3.46,0.676,285
2021-08-09T00:00:00.000Z,1.8,5.63,3.1,2.67,3.6,0.649,228
2021-08-10T00:00:00.000Z,2.75,5.85,4.03,3.5,4.5,0.615,286
2021-08-11T00:00:00.000Z,3.9,7.65,5.22,4.78,5.9,0.715,229
2021-08-12T00:00:00.000Z,4.4,9.43,6.35,5.92,6.89,1,281
2021-08-13T00:00:00.000Z,5.4,11.4,8.07,7.32,8.8,1.01,529
2021-08-14T00:00:00.000Z,7.72,16.13,9.65,9,10.82,1.299,423
2021-08-15T00:00:00.000Z,6.78,13.18,9.33,8.44,10.63,1.403,439
2021-08-16T00:00:00.000Z,0.2,15.37,7.07,1.7,10.5,4.211,512
2021-08-17T00:00:00.000Z,0.35,3.25,1.1,0.77,1.3,0.34,532
2021-08-18T00:00:00.000Z,1,3.42,1.8,1.5,2.08,0.454,436
2021-08-19T00:00:00.000Z,1.6,4.18,2.29,2.1,2.5,0.341,539
2021-08-20T00:00:00.000Z,1.92,17.87,2.97,2.65,3.25,0.815,503
2021-08-21T00:00:00.000Z,2.88,5.43,4.05,3.7,4.4,0.471,545
2021-08-22T00:00:00.000Z,1.42,10.1,5.38,5,5.76,0.993,504
2021-08-23T00:00:00.000Z,0.6,4.37,1.33,1.1,1.6,0.415,541
2021-08-24T00:00:00.000Z,0.4,1.98,0.93,0.7,1.17,0.301,487
2021-08-25T00:00:00.000Z,0.2,2.6,0.87,0.6,1.3,0.403,517
2021-08-26T00:00:00.000Z,1.2,5.2,2.67,1.7,3.3,0.894,374
2021-08-27T00:00:00.000Z,1.2,5.6,2.6,1.98,3.79,1.046,409
2021-08-28T00:00:00.000Z,0.7,5,1.33,1.1,1.7,0.633,374
2021-08-29T00:00:00.000Z,0.3,2.42,0.7,0.6,0.9,0.242,390
2021-08-30T00:00:00.000Z,0.5,2.63,0.9,0.7,1.27,0.35,515
2021-08-31T00:00:00.000Z,0.3,3.1,1.03,0.8,1.67,0.552,530
2021-09-01T00:00:00.000Z,0.4,5.07,1.4,1.1,1.77,0.885,520
2021-09-02T00:00:00.000Z,1.35,9.02,2.5,1.97,3.23,0.806,515
2021-09-03T00:00:00.000Z,2.37,6.1,4.23,3.75,4.87,0.758,535
2021-09-04T00:00:00.000Z,3.22,7.9,5.5,4.86,6.13,0.908,537
2021-09-05T00:00:00.000Z,2.9,12.32,5.46,4.07,6.1,1.143,476
2021-09-06T00:00:00.000Z,3.35,6.05,4.55,4.2,4.87,0.471,475
2021-09-07T00:00:00.000Z,4.43,8.63,5.83,5.46,6.32,0.608,445
2021-09-08T00:00:00.000Z,4.63,8.05,6,5.6,6.53,0.64,556
2021-09-09T00:00:00.000Z,4,9.07,6.18,5.6,7,1,492
2021-09-10T00:00:00.000Z,5.27,9.88,7.47,6.87,8,0.842,555
2021-09-11T00:00:00.000Z,5.63,12.97,8.6,7.15,10.07,1.682,559
2021-09-12T00:00:00.000Z,4.8,10.37,7.67,6.7,8.43,1.178,566
2021-09-13T00:00:00.000Z,4.53,12.98,9.05,7.23,10.02,1.796,555
2021-09-14T00:00:00.000Z,5.83,14.73,9.69,8.8,10.47,1.61,355
2021-09-16T00:00:00.000Z,2.27,31.35,6.6,5.52,12.9,6.959,433
2021-09-17T00:00:00.000Z,0.6,6.33,1.7,1.4,2.31,0.895,553
2021-09-18T00:00:00.000Z,1.1,5.4,2.5,2.02,2.97,0.758,551
2021-09-19T00:00:00.000Z,0.2,8.6,3.08,1,3.83,1.606,562
2021-09-20T00:00:00.000Z,0.25,3.4,0.6,0.5,0.8,0.278,561
2021-09-21T00:00:00.000Z,0.3,3.43,1.2,0.7,2.1,0.763,564
2021-09-22T00:00:00.000Z,1.45,5.05,2.77,2.29,3.43,0.755,553
2021-09-23T00:00:00.000Z,2.17,10.95,4.59,3.73,5.38,1.197,576
2021-09-24T00:00:00.000Z,2.2,9.5,4.43,3.63,5.44,1.289,561
2021-09-25T00:00:00.000Z,5.6,13.2,8.19,7.33,9.14,1.235,556
2021-09-26T00:00:00.000Z,9.32,23.53,14.59,12.98,17.55,3.061,544
2021-09-27T00:00:00.000Z,4.97,16.95,7.3,6.54,8.07,1.649,428
2021-10-03T00:00:00.000Z,3.5,12.17,5.32,4.43,6.5,1.454,213
2021-10-04T00:00:00.000Z,2.7,7.23,4.75,4.19,5.28,0.826,545
2021-10-05T00:00:00.000Z,1.2,15.35,3.14,2.06,5.6,2.058,562
2021-10-06T00:00:00.000Z,0.2,44.5,1.58,0.5,2.19,3.031,564
2021-10-07T00:00:00.000Z,0.1,15.82,0.5,0.33,1.12,1.122,551
2021-10-08T00:00:00.000Z,0.4,53.92,1.9,1,3.55,2.815,551
2021-10-09T00:00:00.000Z,2.5,27.8,4.23,3.7,5.32,2.02,514
2021-10-10T00:00:00.000Z,3.35,8.43,5.09,4.45,5.87,1.018,347
2021-10-11T00:00:00.000Z,0.6,12.43,3,1.9,3.9,1.494,563
2021-10-12T00:00:00.000Z,1.2,20.8,3.8,3.22,5.12,1.82,564
2021-10-13T00:00:00.000Z,0.3,9.67,3.23,1.14,5.97,2.508,537
2021-10-14T00:00:00.000Z,0.6,8.63,2.5,1.2,3.65,1.605,559
2021-10-15T00:00:00.000Z,1.1,14.27,3.7,2.47,5.62,2.366,556
2021-10-16T00:00:00.000Z,1.8,32.7,3.93,2.92,5.53,2.66,565
2021-10-17T00:00:00.000Z,2.04,12.85,4.43,3.37,5.73,2.016,555
2021-10-18T00:00:00.000Z,2.6,18.82,5.28,3.9,7.07,2.27,535
2021-10-19T00:00:00.000Z,2.7,66.72,6.47,4.59,8.81,4.315,576
2021-10-20T00:00:00.000Z,3.87,48.2,11.29,7.59,28.4,11.044,548
2021-10-21T00:00:00.000Z,4.8,61.87,30.77,25.82,40.38,10.616,552
2021-10-22T00:00:00.000Z,2.29,18.13,4.51,3.3,5.9,1.869,550
2021-10-23T00:00:00.000Z,1.83,26.52,4.88,3.47,6.43,2.506,550
2021-10-24T00:00:00.000Z,1.9,16.93,4.23,3.6,5.68,1.939,550
2021-10-25T00:00:00.000Z,2.13,19.07,6.67,4.7,9.01,3.124,561
2021-10-26T00:00:00.000Z,2.6,30.45,4.75,3.9,6.9,2.571,543
2021-10-27T00:00:00.000Z,2.13,15.63,4.9,3.53,7.28,2.663,537
2021-10-28T00:00:00.000Z,1.6,31.67,4.65,2.77,7.15,3.504,534
2021-10-29T00:00:00.000Z,1.77,14.93,5.54,3.4,7.32,2.743,550
2021-10-30T00:00:00.000Z,4.09,41.33,10.52,6.16,13.92,4.737,569
2021-10-31T00:00:00.000Z,7.85,28.83,17.17,13.77,19.25,3.894,543
2021-11-01T00:00:00.000Z,0.3,58.83,21.8,14.65,26.96,10.522,529
2021-11-02T00:00:00.000Z,0.3,14.68,2.29,0.8,4.4,2.435,497
2021-11-03T00:00:00.000Z,1.3,28.25,6.35,3.33,9.1,4.08,510
2021-11-04T00:00:00.000Z,0.7,29.63,4.13,2.45,7.65,3.838,550
2021-11-05T00:00:00.000Z,0.6,26.07,5.18,2.92,6.82,3.612,547
2021-11-06T00:00:00.000Z,0.5,38.27,3.8,1.4,7.1,3.796,551
2021-11-07T00:00:00.000Z,1.27,17.35,3.77,2.65,5.7,2.774,263
2021-11-08T00:00:00.000Z,2.37,22.33,10.82,7.41,13.68,4.77,101
2021-11-09T00:00:00.000Z,1.95,32.7,9,4.86,14.02,6.101,533
2021-11-10T00:00:00.000Z,2.45,32.2,9.9,6.12,13.23,5.349,528
2021-11-11T00:00:00.000Z,4.43,26.42,9.15,6.8,14.26,4.512,501
2021-11-12T00:00:00.000Z,4.59,21.75,9.48,7.21,13.35,3.915,481
2021-11-13T00:00:00.000Z,5.75,45.1,15.17,9.56,19.64,6.885,548
2021-11-14T00:00:00.000Z,5.05,12.87,9.82,7.61,10.63,1.823,113
2021-11-16T00:00:00.000Z,14.35,32.85,20.72,17.75,23.2,3.998,114
2021-11-17T00:00:00.000Z,8.55,54.17,18.17,13.68,22.08,6.247,395
2021-11-18T00:00:00.000Z,3.88,20.6,8.9,6.06,11.12,3.467,492
2021-11-19T00:00:00.000Z,2.58,34.1,7.27,4.21,11.16,4.636,460
2021-11-20T00:00:00.000Z,1.95,19.77,6.82,3.8,9.67,3.665,499
2021-11-21T00:00:00.000Z,2.13,26.47,7.47,4,20.05,7.716,543
2021-11-22T00:00:00.000Z,17.3,38.7,22.47,20.45,26.38,3.855,538
2021-11-23T00:00:00.000Z,4.07,29.38,11.65,8.1,18.17,5.938,532
2021-11-24T00:00:00.000Z,2.47,31.67,7.07,4.83,11.56,4.358,541
2021-11-25T00:00:00.000Z,4.26,47.53,14.9,10.02,18.27,5.737,547
2021-11-26T00:00:00.000Z,6.35,46.33,13.25,10.77,21.29,7.131,564
2021-11-27T00:00:00.000Z,2,23.42,6.5,4.59,12.27,5.51,539
2021-11-28T00:00:00.000Z,0.52,35.7,2.9,1.83,5.4,3.544,543
2021-11-29T00:00:00.000Z,0.4,47.3,1.66,0.9,3.53,3.407,538
2021-11-30T00:00:00.000Z,0.5,30.37,4.9,1.9,9.19,5.548,537
2021-12-01T00:00:00.000Z,1.97,50.07,10.02,5.71,14.15,6.126,513
2021-12-02T00:00:00.000Z,10.63,97.82,19.45,15.89,22.49,6.883,521
2021-12-03T00:00:00.000Z,0.4,26.47,2.78,1.47,11.23,8.058,238
2021-12-04T00:00:00.000Z,2.06,20.55,7.5,5.07,13.17,4.446,517
2021-12-05T00:00:00.000Z,0.5,54.85,9.94,6.2,12.4,5.641,506
2021-12-06T00:00:00.000Z,0.3,44.55,4.2,1.77,6.07,4.268,538
2021-12-07T00:00:00.000Z,0.8,52.93,6.22,2.27,12.3,7.339,530
2021-12-08T00:00:00.000Z,2.8,41.83,14.1,6.88,18.62,6.596,500
2021-12-09T00:00:00.000Z,3.35,155.63,15.74,10.19,24.5,11.768,530
2021-12-10T00:00:00.000Z,2.33,51.38,12.74,4.7,18.23,7.704,484
2021-12-11T00:00:00.000Z,0.4,33.9,6.3,4.05,9.48,5.231,433
2021-12-13T00:00:00.000Z,8.57,29.33,14.52,10.1,17.38,4.671,103
2021-12-14T00:00:00.000Z,2.93,53.15,16.76,7.03,26.15,10.606,462
2021-12-15T00:00:00.000Z,5.28,40.08,13.3,8.4,17.77,5.547,511
2021-12-16T00:00:00.000Z,4,38.47,13.57,7.46,17.63,6.381,504
2021-12-17T00:00:00.000Z,4.03,31.42,11.9,8.73,15.57,5.529,515
2021-12-18T00:00:00.000Z,3.5,60.9,11.48,7.52,17.1,6.551,524
2021-12-19T00:00:00.000Z,3.6,28.45,8.46,6.24,13.76,5.03,528
2021-12-20T00:00:00.000Z,1.37,29.6,7.78,4.59,9.69,4.33,492
2021-12-21T00:00:00.000Z,3,31.38,20.6,7.07,24.1,8.714,542
2021-12-22T00:00:00.000Z,7.63,30.4,14.23,12.16,17.67,3.986,525
2021-12-23T00:00:00.000Z,6.95,125.33,15.06,10.1,21.7,8.678,502
2021-12-24T00:00:00.000Z,7.8,45.77,16.95,12.15,24.9,7.539,527
2021-12-25T00:00:00.000Z,13.23,112.95,26.33,20.83,35.89,9.57,513
2021-12-26T00:00:00.000Z,8.3,52,24,14.48,28.67,9.067,535
2021-12-27T00:00:00.000Z,9.94,44.87,22.22,18.43,27.12,5.567,544
2021-12-28T00:00:00.000Z,13.37,76.53,23.8,20.35,27.93,5.666,546
2021-12-29T00:00:00.000Z,2.2,55.75,10.52,7.1,18.82,7.747,549
2021-12-30T00:00:00.000Z,1.9,43.83,12.76,4.45,18.39,8.238,546
2021-12-31T00:00:00.000Z,1.8,98.3,13.4,4.62,19.1,13.639,565
2022-01-01T00:00:00.000Z,2.43,39.47,8.9,5.73,13.63,6.286,539
2022-01-02T00:00:00.000Z,2.93,32.15,11.4,5.3,16.64,6.855,545
2022-01-03T00:00:00.000Z,3.6,59.57,16.2,9.19,24.03,9.901,539
2022-01-04T00:00:00.000Z,11.02,83.4,25.59,19.87,30.83,8.767,554
2022-01-05T00:00:00.000Z,0.3,63.58,10.43,2.42,21.09,10.077,553
2022-01-06T00:00:00.000Z,0.2,26.13,0.75,0.4,5.18,4.618,550
2022-01-07T00:00:00.000Z,0.77,40.6,6.63,2.9,12.45,5.897,560
2022-01-08T00:00:00.000Z,2.4,54,8.49,5.63,12.9,5.991,518
2022-01-09T00:00:00.000Z,4.5,36.42,11.8,8.84,15.83,5.696,520
2022-01-10T00:00:00.000Z,0.5,73.93,2.66,1.2,6.53,5.211,522
2022-01-11T00:00:00.000Z,0.47,33.7,4.26,1.23,8.02,5.311,539
2022-01-12T00:00:00.000Z,1.6,28.17,6.13,3.7,10.83,4.812,549
2022-01-13T00:00:00.000Z,2.87,26.98,8.77,5.6,13.35,4.93,547
2022-01-14T00:00:00.000Z,2.29,54.38,9.25,4.8,14.6,7.148,529
2022-01-15T00:00:00.000Z,1.7,25.07,7.82,4.09,11.6,4.921,550
2022-01-16T00:00:00.000Z,2.8,40.47,8.69,5.32,12.54,5.623,544
2022-01-17T00:00:00.000Z,0.3,142.53,3.33,1.55,6.6,10.218,551
2022-01-18T00:00:00.000Z,0.3,38.15,4.2,1.7,8.6,4.43,543
2022-01-19T00:00:00.000Z,4.2,30.8,11.5,7.17,15.13,4.513,535
2022-01-20T00:00:00.000Z,2.1,74.43,10.43,8.32,15.33,7.931,565
2022-01-21T00:00:00.000Z,0.5,18.23,1.73,1,3.09,2.123,520
2022-01-22T00:00:00.000Z,0.3,35.4,2.35,1.17,5.57,4.794,543
2022-01-23T00:00:00.000Z,4.43,33.17,12.8,9.52,16.32,4.917,535
2022-01-24T00:00:00.000Z,4.4,32.4,11.26,8.19,17.8,5.753,546
2022-01-25T00:00:00.000Z,14.53,37.47,24.1,20.9,26.88,4.291,550
2022-01-26T00:00:00.000Z,5.09,39.47,15.13,12.48,19.39,5.615,519
2022-01-27T00:00:00.000Z,4.13,34.27,14.16,9.52,18.82,6.069,550
2022-01-28T00:00:00.000Z,0.3,96.47,2.9,1.09,9.08,7.06,533
2022-01-29T00:00:00.000Z,0.65,29.67,7.3,1.9,10.9,5.535,543
2022-01-30T00:00:00.000Z,0.5,39.85,7,3.97,12.3,7.432,555
2022-01-31T00:00:00.000Z,0.35,30.17,4.4,2.71,8.27,5.791,552
2022-02-01T00:00:00.000Z,0.2,14.75,0.6,0.3,1.77,1.575,510
2022-02-02T00:00:00.000Z,0.2,37.63,1.91,0.9,5.93,5.44,538
2022-02-03T00:00:00.000Z,0.3,17.82,5.65,3.36,8.06,3.584,461
2022-02-04T00:00:00.000Z,5.05,30.1,12.18,8.66,14.8,4.325,532
2022-02-05T00:00:00.000Z,8.1,31.83,14.43,12.8,18.18,5.206,537
2022-02-06T00:00:00.000Z,3.03,27.77,10.02,7.3,14.27,4.588,543
2022-02-07T00:00:00.000Z,0.22,76.93,1.7,0.7,14.6,8.807,551
2022-02-08T00:00:00.000Z,0.43,23.75,2.37,0.85,6.87,4.292,549
2022-02-09T00:00:00.000Z,0.9,23.27,5.5,2.42,9.57,4.303,523
2022-02-10T00:00:00.000Z,5.8,40.67,12.5,7.79,22.38,9.07,525
2022-02-11T00:00:00.000Z,0.45,40.79,17.54,4.05,30.76,13.394,540
2022-02-12T00:00:00.000Z,0.4,26.2,3.6,1.57,6.63,3.764,558
2022-02-13T00:00:00.000Z,2.1,30.9,6.07,3.88,9.9,4.599,559
2022-02-14T00:00:00.000Z,4.76,52.93,11.6,7.85,17.52,6.255,558
2022-02-15T00:00:00.000Z,15.53,48.13,21.63,19.63,24.67,5.328,355
2022-02-16T00:00:00.000Z,5,53.03,11.9,9.06,17.48,7.519,565
2022-02-17T00:00:00.000Z,2.87,38,9.23,6.29,13.22,5.27,561
2022-02-18T00:00:00.000Z,5.6,36.47,18.82,14.23,20.92,5.539,557
2022-02-19T00:00:00.000Z,18.82,68.38,32.02,24.52,37.38,8.752,562
2022-02-20T00:00:00.000Z,1.4,34.9,12.1,8.86,21.34,7.612,564
2022-02-21T00:00:00.000Z,0.3,31.57,9.11,1.5,17.09,8.423,564
2022-02-22T00:00:00.000Z,0.2,45.87,1.69,0.47,4.26,3.414,574
2022-02-23T00:00:00.000Z,0.28,56.17,4.38,2.54,8.27,6.377,566
2022-02-24T00:00:00.000Z,3.37,34.93,7.55,5.93,11.32,4.114,554
2022-02-25T00:00:00.000Z,0.4,83.93,4.94,0.86,7.75,6.52,556
2022-02-26T00:00:00.000Z,0.28,37.85,0.85,0.6,1.44,2.25,572
2022-02-27T00:00:00.000Z,0.5,20.8,1.9,1,4,2.392,567
2022-02-28T00:00:00.000Z,1.8,47.47,4.29,2.6,9.69,5.188,558
2022-03-01T00:00:00.000Z,5.63,23.77,8.74,7.2,10.8,2.76,568
2022-03-02T00:00:00.000Z,5.67,30.2,9.83,7.79,13.17,4.078,541
2022-03-03T00:00:00.000Z,8.5,37.67,17.89,12.82,25.83,6.833,562
2022-03-04T00:00:00.000Z,10.35,56.87,28.61,13.6,34.92,12.109,560
2022-03-05T00:00:00.000Z,8.05,71.8,12.4,10.7,15.29,4.732,565
2022-03-06T00:00:00.000Z,7.33,43.1,11.17,10,12.54,2.659,553
2022-03-07T00:00:00.000Z,8.47,33.77,13,10.73,15.87,4.08,568
2022-03-08T00:00:00.000Z,12.13,59.05,16.89,15.44,18.5,2.964,545
2022-03-09T00:00:00.000Z,11.47,54.1,15.19,13.73,17.3,3.856,556
2022-03-10T00:00:00.000Z,4.2,23.73,14.57,12.97,16.2,3.403,565
2022-03-11T00:00:00.000Z,11.37,56.45,17.13,15.6,19.42,3.712,552
2022-03-12T00:00:00.000Z,14.98,37.08,18.32,17.3,20.17,2.739,562
2022-03-13T00:00:00.000Z,5.43,35.83,11.42,8.73,15.4,4.299,538
2022-03-14T00:00:00.000Z,7.43,34.29,11.03,9.52,14.9,3.454,547
2022-03-15T00:00:00.000Z,13.17,71.68,30.23,21.56,34.7,7.864,557
2022-03-16T00:00:00.000Z,18.14,65.09,33.89,26.52,37.7,7.31,560
2022-03-17T00:00:00.000Z,12.1,50.6,24.01,17.2,32.99,9.192,556
2022-03-18T00:00:00.000Z,8.9,23.63,13.97,12,15.5,2.559,531
2022-03-19T00:00:00.000Z,8.6,29.98,11.97,10.93,13.4,2.199,556
2022-03-20T00:00:00.000Z,7.13,30.45,11.25,9.55,13.33,2.444,550
2022-03-21T00:00:00.000Z,6.43,20.92,10.83,9.61,11.89,2.177,528
2022-03-22T00:00:00.000Z,5.95,19.23,9.82,8.13,11.03,2.369,567
2022-03-23T00:00:00.000Z,2.25,36.79,6.6,5.5,8.05,3.399,554
2022-03-24T00:00:00.000Z,1.8,34.2,7.52,5.57,10.25,3.529,546
2022-03-25T00:00:00.000Z,6.8,35.17,11.23,9.19,21.3,6.824,554
2022-03-26T00:00:00.000Z,12.25,102.17,16.35,15.18,17.53,6.078,558
2022-03-27T00:00:00.000Z,8.65,80.77,13.02,11.8,14.48,3.805,544
2022-03-28T00:00:00.000Z,9.6,42.13,16,12.6,18.6,4.114,552
2022-03-29T00:00:00.000Z,15.83,33,22.87,18.98,25.66,3.769,549
2022-03-30T00:00:00.000Z,12.8,34.67,18.73,17.13,24.33,5.306,554
2022-03-31T00:00:00.000Z,6.3,33.15,17.02,11.38,22.1,6.489,566
2022-04-01T00:00:00.000Z,0.4,16.77,4.09,2.19,8,3.494,536
2022-04-02T00:00:00.000Z,0.77,28.83,3.2,2.09,4.59,2.393,484
2022-04-03T00:00:00.000Z,1.17,7.73,3.07,2.27,4.82,1.518,570
2022-04-04T00:00:00.000Z,2.52,14.45,5.53,4.24,6.71,1.631,561
2022-04-05T00:00:00.000Z,3.67,26.8,9.94,8.07,13.03,3.752,556
2022-04-06T00:00:00.000Z,13.17,39.29,30.35,24.3,33.19,6.406,552
2022-04-07T00:00:00.000Z,3.15,40.88,24.17,5.7,30.1,12.173,563
2022-04-08T00:00:00.000Z,3.5,35.1,10.8,6.85,17.72,6.795,573
2022-04-09T00:00:00.000Z,0.2,18.7,1.07,0.7,4.47,2.81,549
2022-04-10T00:00:00.000Z,0.5,55.37,1.3,0.9,2.35,3.213,563
2022-04-11T00:00:00.000Z,1.67,22.7,4.63,3.43,5.7,2.372,558
2022-04-12T00:00:00.000Z,3.88,15.8,7.43,6.04,10.02,2.471,561
2022-04-13T00:00:00.000Z,4.2,15.57,7.63,6.18,9.69,2.788,557
2022-04-14T00:00:00.000Z,1.2,10.6,3.57,2.84,5,1.762,564
2022-04-15T00:00:00.000Z,2.63,15.43,4.95,3.7,6.55,2.167,551
2022-04-16T00:00:00.000Z,0.47,9.5,2,0.97,4.2,1.739,563
2022-04-17T00:00:00.000Z,0.5,4.9,1.8,1.25,2.87,1.014,562
2022-04-18T00:00:00.000Z,1.7,16.98,3.63,2.93,4.3,1.553,556
2022-04-19T00:00:00.000Z,2.1,10.93,5.01,3.93,5.86,1.354,524
2022-04-20T00:00:00.000Z,2.97,11.2,5.03,4.15,6.9,1.861,555
2022-04-21T00:00:00.000Z,4,70.37,6.5,5.5,8.19,4.269,559
2022-04-22T00:00:00.000Z,3.4,34.88,10.23,6.8,13.68,7.629,555
2022-04-23T00:00:00.000Z,0.4,39.4,6.9,3.96,26.19,11.344,568
2022-04-24T00:00:00.000Z,0.3,20.85,1.3,0.65,1.89,1.252,569
2022-04-25T00:00:00.000Z,0.3,9.23,1.8,1.17,3.36,1.639,540
2022-04-26T00:00:00.000Z,0.3,7.1,1.83,1,2.5,1.15,539
2022-04-27T00:00:00.000Z,0.52,8.19,1.63,1.17,2.4,0.936,549
2022-04-28T00:00:00.000Z,1.08,7.82,2.76,2.1,3.63,0.999,548
2022-04-29T00:00:00.000Z,2.2,10.9,3.88,3.2,4.8,1.089,565
2022-04-30T00:00:00.000Z,2.83,100.87,4.59,4.13,5.07,5.805,281
2022-05-02T00:00:00.000Z,1.9,8.07,3.92,2.75,5.03,1.448,303
2022-05-03T00:00:00.000Z,2.33,10.5,4.72,3.73,5.27,1.213,524
2022-05-04T00:00:00.000Z,2.47,17.87,6.37,5.39,7.9,2.113,569
2022-05-05T00:00:00.000Z,2.92,23.88,6.95,6.03,8.39,2.584,556
2022-05-06T00:00:00.000Z,2.1,30.67,6.3,4.42,10,3.638,568
2022-05-07T00:00:00.000Z,1.47,22.47,5.83,4.28,8.32,3.133,568
2022-05-08T00:00:00.000Z,1,19.73,4.3,2.8,5.2,1.867,552
2022-05-09T00:00:00.000Z,3.6,9.19,6,4.97,6.93,1.151,523
2022-05-10T00:00:00.000Z,2.29,9.69,6.55,5.49,7.24,1.42,501
2022-05-11T00:00:00.000Z,4.9,20.53,7.1,6.29,7.57,1.53,500
2022-05-12T00:00:00.000Z,4.9,13.27,8.36,7.12,9.93,1.709,504
2022-05-13T00:00:00.000Z,4.59,28.15,10.35,8.3,12.3,2.979,517
2022-05-14T00:00:00.000Z,2.37,16.17,5.95,4.38,8.56,3.106,533
2022-05-15T00:00:00.000Z,3.1,10.8,7.45,5.9,8.25,1.531,531
2022-05-16T00:00:00.000Z,7.93,14.4,10.4,9.66,11.52,1.226,213
2022-05-19T00:00:00.000Z,3.45,7.18,5.67,5,6.03,0.745,170
2022-05-20T00:00:00.000Z,3.7,10.7,6.17,5,7.18,1.341,514
2022-05-21T00:00:00.000Z,3,11.73,7.79,5.59,9.28,2.198,520
2022-05-22T00:00:00.000Z,5.03,21.7,10.3,9.22,11.57,2.458,500
2022-05-23T00:00:00.000Z,3.65,69.59,8.88,6.69,10.75,4.113,516
2022-05-24T00:00:00.000Z,0.97,12.77,5.65,4.59,8.35,2.89,507
2022-05-25T00:00:00.000Z,0.9,11.07,2.7,2.1,6.73,2.784,484
2022-05-26T00:00:00.000Z,2.7,8.02,4.59,3.88,6.21,1.271,488
2022-05-27T00:00:00.000Z,5.7,15.55,9.31,7.93,12.44,2.486,480
2022-05-28T00:00:00.000Z,0.5,24.97,6.75,3.33,12.15,5.765,503
2022-05-29T00:00:00.000Z,0.4,2.43,1.2,0.9,1.48,0.424,427
2022-05-30T00:00:00.000Z,0.6,8.55,1.6,1.2,1.9,0.624,449
2022-05-31T00:00:00.000Z,1.33,7.43,3.2,1.97,3.8,0.984,482
2022-06-01T00:00:00.000Z,3.6,17.2,6.83,5.03,7.95,1.968,475
2022-06-02T00:00:00.000Z,7.05,15.38,11.06,9.51,12.49,1.903,184
2022-06-03T00:00:00.000Z,2.33,17.05,10.37,8.3,13.13,4.062,263
2022-06-04T00:00:00.000Z,1.75,8.5,4.5,3.15,5.53,1.584,423
2022-06-05T00:00:00.000Z,0.6,13,5.3,2.08,7.07,2.848,406
2022-06-06T00:00:00.000Z,0.7,3.4,1.52,1.3,2.06,0.477,325
2022-06-07T00:00:00.000Z,0.2,5.35,0.77,0.4,2.82,1.462,529
2022-06-08T00:00:00.000Z,0.2,3.97,0.8,0.5,1.5,0.639,495
2022-06-09T00:00:00.000Z,0.1,1.65,0.33,0.2,0.6,0.274,490
2022-06-10T00:00:00.000Z,0.17,7.05,0.4,0.3,0.63,0.375,467
2022-06-11T00:00:00.000Z,0.45,8.19,1.23,0.9,2.25,0.918,458
2022-06-12T00:00:00.000Z,0.6,4.76,2.7,2.3,3.28,0.805,471
2022-06-13T00:00:00.000Z,2.29,31.23,4.3,3.53,5.43,2.08,456
2022-06-14T00:00:00.000Z,2.2,5.9,3.58,3.01,4.09,0.787,364
2022-06-15T00:00:00.000Z,3.55,10.68,5.07,4.57,5.53,0.796,365
2022-06-17T00:00:00.000Z,3.45,10.82,8.88,7.5,9.6,2.024,178
2022-06-18T00:00:00.000Z,4.75,23.73,9.38,7.54,11.29,3.124,497
2022-06-19T00:00:00.000Z,2.29,13.6,6.1,4.05,10.47,3.512,443
2022-06-20T00:00:00.000Z,4.43,8.73,6.43,5.68,7.22,0.987,363
2022-06-21T00:00:00.000Z,2.97,14.63,9.39,8.44,11.23,2.951,358
2022-06-22T00:00:00.000Z,3.45,6.1,4.8,4.3,5.18,0.586,138
2022-06-23T00:00:00.000Z,6.3,11.57,9.05,7.88,9.93,1.251,107
2022-06-24T00:00:00.000Z,0.8,11.77,3.97,1.8,8.17,3.301,555
2022-06-25T00:00:00.000Z,0.3,13.7,1.2,0.87,1.5,0.965,559
2022-06-26T00:00:00.000Z,1.47,5.28,2.47,2.2,3.08,0.575,535
2022-06-27T00:00:00.000Z,2.45,8.3,3.67,3.32,4.13,0.664,537
2022-06-28T00:00:00.000Z,1.83,6.2,4.28,3.58,4.8,0.922,536
2022-06-29T00:00:00.000Z,2.47,8.65,5.04,3.9,6.5,1.42,546
2022-06-30T00:00:00.000Z,4.93,9.5,7.12,6.43,7.79,0.95,340
2022-07-04T00:00:00.000Z,1.2,8.18,2.6,2,3.69,1.048,421
2022-07-05T00:00:00.000Z,0.4,12,1.5,0.9,1.92,0.756,520
2022-07-06T00:00:00.000Z,1.1,7.57,2.06,1.63,2.43,0.585,538
2022-07-07T00:00:00.000Z,1.8,16.67,2.73,2.5,2.97,1.008,371
2022-07-08T00:00:00.000Z,0.2,2.37,0.6,0.47,0.9,0.437,531
2022-07-09T00:00:00.000Z,0.4,3.2,1.17,0.9,1.73,0.585,539
2022-07-10T00:00:00.000Z,0.6,3.57,1.63,1.3,2.35,0.624,537
2022-07-11T00:00:00.000Z,1.4,6.9,2.5,2.1,3.17,0.679,534
2022-07-12T00:00:00.000Z,2.38,7.3,4.07,3.33,4.48,0.862,560
2022-07-13T00:00:00.000Z,1.63,6,3,2.45,3.6,0.804,499
2022-07-14T00:00:00.000Z,2.85,6.72,4.43,4.07,4.93,0.646,523
2022-07-15T00:00:00.000Z,2.54,9.77,5.53,4.43,6.7,1.374,495
2022-07-16T00:00:00.000Z,4.59,12.63,7.5,6.4,8.99,1.883,348
2022-07-22T00:00:00.000Z,4.72,12.95,6.63,5.75,9.68,2.194,337
2022-07-23T00:00:00.000Z,1.2,13.4,4.4,3.2,9.52,3.487,559
2022-07-24T00:00:00.000Z,4.63,10.02,6.9,6.1,7.65,0.945,530
2022-07-25T00:00:00.000Z,3.57,11.48,8.41,7.4,9.44,1.604,550
2022-07-26T00:00:00.000Z,1.8,8.6,4.09,3.3,5.17,1.293,562
2022-07-27T00:00:00.000Z,1.87,6.07,3.73,2.9,4.4,0.928,561
2022-07-28T00:00:00.000Z,1.7,10.87,3.8,2.9,5.63,1.758,543
2022-07-29T00:00:00.000Z,1.17,10.37,3.38,2.65,4.4,1.407,540
2022-07-30T00:00:00.000Z,0.6,5.7,1.25,1.03,1.6,0.894,547
2022-07-31T00:00:00.000Z,0.73,12.5,1.5,1.2,1.8,0.636,563
2022-08-01T00:00:00.000Z,1.02,4.43,2.35,1.98,2.88,0.641,479
2022-08-02T00:00:00.000Z,0.77,18.97,2.57,1.33,3.6,1.602,528
2022-08-03T00:00:00.000Z,1.2,3.75,2.2,1.9,2.7,0.574,530
2022-08-04T00:00:00.000Z,2.52,9.98,3.75,3.3,4.26,0.761,427
2022-08-05T00:00:00.000Z,1.7,8.73,4.3,2.67,5.09,1.521,543
2022-08-06T00:00:00.000Z,0.77,5.87,3.15,2.58,3.5,0.836,532
2022-08-07T00:00:00.000Z,1,5.7,2.41,1.8,3.5,1.008,420
2022-08-08T00:00:00.000Z,1.9,14.75,3.16,2.58,3.67,0.92,494
2022-08-09T00:00:00.000Z,1.7,9.13,4.25,3.87,4.59,0.839,543
2022-08-10T00:00:00.000Z,2,4.47,3.25,2.65,3.7,0.581,457
2022-08-11T00:00:00.000Z,1.73,3.6,2.38,2.13,2.74,0.422,445
2022-08-12T00:00:00.000Z,1.17,5.45,2.43,2.02,3.2,0.711,545
2022-08-13T00:00:00.000Z,0.8,3.2,1.6,1.27,2.02,0.488,563
2022-08-14T00:00:00.000Z,1.58,3.83,2.54,2.29,2.8,0.396,532
2022-08-15T00:00:00.000Z,2.4,4.93,3.3,3,3.62,0.423,429
2022-08-16T00:00:00.000Z,2.13,6.07,3.65,3,4.5,0.88,562
2022-08-17T00:00:00.000Z,2.8,8.4,4.47,4.01,4.94,0.639,425
2022-08-18T00:00:00.000Z,0.8,6.67,2.54,1.55,3.42,1.263,454
2022-08-19T00:00:00.000Z,0.77,5.53,2.13,1.55,3.04,0.922,560
2022-08-20T00:00:00.000Z,0.4,2.15,1.2,1,1.4,0.3,534
2022-08-21T00:00:00.000Z,0.1,5.07,0.6,0.4,0.7,0.312,493
2022-08-22T00:00:00.000Z,0.6,4.45,1.4,1.2,1.55,0.411,312
2022-08-23T00:00:00.000Z,0.5,2.87,1.5,1.14,1.9,0.488,527
2022-08-24T00:00:00.000Z,1.25,3.03,2.17,1.86,2.4,0.371,465
2022-08-25T00:00:00.000Z,1.65,4.8,2.67,2.42,2.97,0.462,482
2022-08-26T00:00:00.000Z,2.33,5.5,3.75,3.2,4.4,0.742,536
2022-08-27T00:00:00.000Z,2.7,7.45,4.21,3.63,4.82,0.816,518
2022-08-28T00:00:00.000Z,2.8,50.72,4.17,3.67,5.15,3.558,527
2022-08-29T00:00:00.000Z,2.88,6.22,4.43,3.9,4.96,0.681,524
2022-08-30T00:00:00.000Z,1.88,10.47,3.77,3.2,5.09,1.364,530
2022-08-31T00:00:00.000Z,1,6.07,2.58,2.2,3.05,0.824,512
2022-09-01T00:00:00.000Z,0.77,2.63,1.6,1.38,1.9,0.368,473
2022-09-02T00:00:00.000Z,1.17,6.55,2.5,1.97,3.1,1.065,457
2022-09-03T00:00:00.000Z,2.25,5.97,3.85,3.4,4.43,0.715,368
2022-09-04T00:00:00.000Z,1.38,4.53,3.25,2.29,3.63,0.792,203
2022-09-05T00:00:00.000Z,2.9,6.87,4.72,4,5.5,0.919,323
2022-09-06T00:00:00.000Z,3.6,8.83,6.72,6,7.45,1.133,512
2022-09-07T00:00:00.000Z,3.77,11.52,6.54,4.87,8,1.751,490
2022-09-08T00:00:00.000Z,1.8,10.38,4.3,2.8,5.5,1.665,327
2022-09-09T00:00:00.000Z,0.47,7.03,1.55,0.98,3.4,1.434,513
2022-09-10T00:00:00.000Z,0.2,4.63,0.7,0.5,1.03,0.413,496
2022-09-11T00:00:00.000Z,0.1,1.58,0.6,0.4,0.85,0.309,523
2022-09-12T00:00:00.000Z,0.3,5.78,1.1,0.63,1.8,0.621,458
2022-09-13T00:00:00.000Z,1.33,6.5,2.8,2.4,3.32,0.679,472
2022-09-14T00:00:00.000Z,1,13.27,3.8,1.92,4.94,1.913,516
2022-09-15T00:00:00.000Z,0.63,4.43,2.16,1.73,3,0.812,506
2022-09-16T00:00:00.000Z,1.25,5.78,2.33,1.88,3.15,0.863,475
2022-09-17T00:00:00.000Z,0.1,2.87,0.49,0.3,0.63,0.49,484
2022-09-18T00:00:00.000Z,0.15,2.2,0.5,0.35,0.8,0.326,494
2022-09-19T00:00:00.000Z,0.1,4.3,0.75,0.4,1.12,0.552,469
2022-09-20T00:00:00.000Z,0.2,3.45,0.8,0.47,1.2,0.482,421
2022-09-21T00:00:00.000Z,0.4,2.92,1.2,1,1.42,0.353,454
2022-09-22T00:00:00.000Z,0.7,4.25,1.8,1.23,2.2,0.636,493
2022-09-23T00:00:00.000Z,1.6,5.7,2.9,2.29,3.4,0.775,499
2022-09-24T00:00:00.000Z,2.47,14.15,5.9,4.63,6.8,1.739,521
2022-09-25T00:00:00.000Z,2.23,17.42,6.1,4.76,7.28,2.305,491
2022-09-26T00:00:00.000Z,0.3,5.38,1.1,0.7,2.2,1.01,468
2022-09-27T00:00:00.000Z,0.45,37.95,2.5,1.41,4.3,3.553,488
2022-09-28T00:00:00.000Z,0.6,6.75,3.15,2.4,3.67,1.116,495
2022-09-29T00:00:00.000Z,0.6,20.43,3.3,2,4.72,2.123,476
2022-09-30T00:00:00.000Z,0.7,30.4,4.38,2.1,6.42,3.841,469
2022-10-01T00:00:00.000Z,0.6,17.95,2.97,2.25,5.29,2.463,364
2022-10-02T00:00:00.000Z,0.7,7.72,2.09,1.38,3.88,1.588,258
2022-10-03T00:00:00.000Z,0.22,19.45,1.8,1.14,2.22,1.517,262
2022-10-04T00:00:00.000Z,1.45,12.65,3.03,2.06,3.88,1.359,299
2022-10-05T00:00:00.000Z,2.97,68.28,6.12,4.43,9.75,5.766,302
2022-10-06T00:00:00.000Z,1.65,19.43,5.13,3.51,6.97,2.888,512
2022-10-07T00:00:00.000Z,2.1,7.23,3.47,3.1,3.95,0.766,513
2022-10-08T00:00:00.000Z,2.13,8.02,4.2,3.3,5.3,1.171,517
2022-10-09T00:00:00.000Z,3.17,74.53,5.9,5.13,7.03,3.645,526
2022-10-10T00:00:00.000Z,3.93,22,6.28,5.22,7.47,1.766,526
2022-10-11T00:00:00.000Z,2.7,12.1,5.47,4.8,6.28,1.417,517
2022-10-12T00:00:00.000Z,2.78,20.47,5.4,3.88,6.3,1.699,520
2022-10-13T00:00:00.000Z,4.68,16.63,6.78,6.03,7.9,1.498,518
2022-10-14T00:00:00.000Z,4.3,24.17,8.18,6.82,9.19,1.869,503
2022-10-15T00:00:00.000Z,8.18,42,20.03,11.54,28.17,9.127,513
2022-10-16T00:00:00.000Z,9.73,36.36,17.85,16.14,22.58,5.163,409
2022-10-17T00:00:00.000Z,7.2,47.65,11.87,10.35,14.23,3.146,515
2022-10-18T00:00:00.000Z,5.38,21.25,8.59,7.47,9.68,1.951,342
2022-10-21T00:00:00.000Z,6.53,27.9,12.8,10.72,14.71,3.138,505
2022-10-22T00:00:00.000Z,0.8,21.2,5.5,2.92,9.82,3.958,515
2022-10-23T00:00:00.000Z,1.98,507.2,4.26,2.86,7.15,42.976,521
2022-10-24T00:00:00.000Z,1.17,70.7,7.2,6,9.3,4.761,498
2022-10-25T00:00:00.000Z,0.82,16.2,3.2,1.73,4.7,2.343,495
2022-10-26T00:00:00.000Z,1.88,13.68,4.07,2.95,5.5,2.005,514
2022-10-27T00:00:00.000Z,1.92,11.75,4.09,2.99,5.71,2,508
2022-10-28T00:00:00.000Z,1.9,14.25,3.7,2.7,5.67,2.408,405
2022-10-29T00:00:00.000Z,1.6,13.43,4.2,2.79,5.9,2.104,497
2022-10-30T00:00:00.000Z,2,17.3,3.91,3,6.68,2.907,498
2022-10-31T00:00:00.000Z,2.13,17.92,4.86,3.2,6.67,2.745,504
2022-11-01T00:00:00.000Z,2.02,17.14,5.27,3.8,9.02,3.5,488
2022-11-02T00:00:00.000Z,2.97,39.88,7.03,4.34,10.42,4.472,493
2022-11-03T00:00:00.000Z,3.7,41.4,8.75,6.9,16.07,5.739,533
2022-11-04T00:00:00.000Z,0.3,25.5,2.89,1.2,6.12,4.473,500
2022-11-05T00:00:00.000Z,0.1,10.13,1.3,0.6,2.6,1.596,510
2022-11-06T00:00:00.000Z,0.3,40.97,3.6,1.05,6.73,4.724,511
2022-11-07T00:00:00.000Z,0.77,82.72,3.8,2,7.67,5.242,527
2022-11-08T00:00:00.000Z,1.4,29.95,5.82,3.2,10.57,5.194,507
2022-11-09T00:00:00.000Z,3.1,48.38,9.67,4.95,18.14,7.789,525
2022-11-10T00:00:00.000Z,2.7,37.83,12.89,8.25,15.4,5.196,518
2022-11-11T00:00:00.000Z,1.2,27.73,6.38,3,10.43,4.844,498
2022-11-12T00:00:00.000Z,1.35,36.4,8.25,4.03,11.6,5.57,503
2022-11-13T00:00:00.000Z,1.98,106.9,6.9,4.43,10.77,6.499,526
2022-11-14T00:00:00.000Z,2.57,108.75,8.01,4.83,13.77,8.433,518
2022-11-15T00:00:00.000Z,1.77,26.85,8.23,4.88,12.67,5.232,519
2022-11-16T00:00:00.000Z,4.09,45.23,12.81,10.8,16.55,7.422,496
2022-11-17T00:00:00.000Z,2.25,31.43,10.05,5.12,14.93,5.847,505
2022-11-18T00:00:00.000Z,1.2,25.9,6.1,3.19,8.02,3.268,529
2022-11-19T00:00:00.000Z,0.73,117.17,4.68,2.25,9.33,6.84,491
2022-11-20T00:00:00.000Z,0.4,19.73,4.75,1.9,8.02,3.692,517
2022-11-21T00:00:00.000Z,2.2,47.72,9.15,5.38,13.88,5.32,518
2022-11-22T00:00:00.000Z,0.3,62.25,6.7,2.15,10.88,6.989,511
2022-11-23T00:00:00.000Z,0.2,25.8,3.6,1.17,8.25,5.321,518
2022-11-24T00:00:00.000Z,0.8,42.67,6.45,3,12.65,6.396,522
2022-11-25T00:00:00.000Z,1.02,37.63,7.5,3.05,12.52,5.829,503
2022-11-26T00:00:00.000Z,0.4,31.48,6.22,4.15,11.7,5.855,503
2022-11-27T00:00:00.000Z,1.4,26.05,7.44,3.34,13.13,5.732,524
2022-11-28T00:00:00.000Z,4.03,38.08,14.5,8.1,18.23,6.18,475
2022-11-29T00:00:00.000Z,4.43,34.22,14.1,11.73,17.35,4.662,419
2022-11-30T00:00:00.000Z,2,27.85,9.98,5.73,13.15,4.772,504
2022-12-01T00:00:00.000Z,2.2,49.1,12.35,7.43,19.67,8.725,439
2022-12-02T00:00:00.000Z,7.23,45.95,16,11.75,21.9,6.44,559
2022-12-03T00:00:00.000Z,4.9,55.2,12.2,9.19,16.57,6.279,543
2022-12-04T00:00:00.000Z,7.38,38.7,14.22,10.83,17.64,5.349,518
2022-12-05T00:00:00.000Z,1.63,39.92,10.32,7.63,13.83,5.816,486
2022-12-06T00:00:00.000Z,0.8,133.32,5.78,2.42,10.05,8.593,520
2022-12-07T00:00:00.000Z,2,50.2,8.63,5.35,14.57,6.17,520
2022-12-08T00:00:00.000Z,2.13,46.73,12.71,6.53,20.1,8.478,514
2022-12-09T00:00:00.000Z,12.77,79.97,21.67,15.81,26.15,7.205,505
2022-12-10T00:00:00.000Z,2.25,86.88,23.83,13.97,32.13,11.51,516
2022-12-11T00:00:00.000Z,0.7,95.43,2.92,1.66,5.63,6.043,525
2022-12-12T00:00:00.000Z,1.08,132.72,8.17,4.28,13.73,9.911,496
2022-12-13T00:00:00.000Z,4.22,80.27,10.35,7.83,15.52,6.764,506
2022-12-14T00:00:00.000Z,6.15,86.18,14.48,11.38,19.45,8.537,491
2022-12-15T00:00:00.000Z,4.47,55.5,16,9.8,20.67,9.41,495
2022-12-16T00:00:00.000Z,7.75,73.43,28.03,14.64,40.67,13.955,468
2022-12-17T00:00:00.000Z,6.85,46.47,17.55,11.43,23.44,7.263,500
2022-12-18T00:00:00.000Z,3.47,49.97,10.67,6.57,15.5,7.292,492
2022-12-19T00:00:00.000Z,5.82,47.63,14.92,10.22,21.39,7.389,508
2022-12-20T00:00:00.000Z,5.83,54.72,18.13,10.1,28.25,10.45,503
2022-12-21T00:00:00.000Z,10.63,107.38,28.4,21.41,33.89,10.247,477
2022-12-22T00:00:00.000Z,17.73,52.47,24.21,21.42,27.37,4.639,178
2022-12-24T00:00:00.000Z,13.27,46.17,22.33,17.25,26.3,5.362,205
2022-12-25T00:00:00.000Z,5.97,62.73,19.02,10.73,23.67,9.084,482
2022-12-26T00:00:00.000Z,10.98,72.81,20.2,16.02,26.35,8.108,379
2022-12-27T00:00:00.000Z,6.97,44.45,17.67,13.93,23.4,7.145,439
2022-12-28T00:00:00.000Z,3.3,53.47,13.1,6.57,23.83,11.186,461
2022-12-29T00:00:00.000Z,7.05,40.5,16.41,10.6,25.63,8.268,502
2022-12-30T00:00:00.000Z,7.9,43.47,21.39,16.73,27.09,6.846,424
2022-12-31T00:00:00.000Z,8.1,141.27,19.45,12.23,35.72,16.378,441
2023-01-01T00:00:00.000Z,11.1,75.25,29.3,23.05,34.64,10.791,473
2023-01-02T00:00:00.000Z,10.55,41.1,21.6,18.8,24.4,4.804,495
2023-01-03T00:00:00.000Z,10.3,46.7,19.32,16.32,25.6,6.441,423
2023-01-04T00:00:00.000Z,4.2,40,11.44,8.23,16.5,5.529,454
2023-01-05T00:00:00.000Z,4.84,81.88,14.87,8.05,21.02,9.092,491
2023-01-06T00:00:00.000Z,3.5,35.04,11.27,7.05,16.3,5.481,491
2023-01-07T00:00:00.000Z,5.67,63.5,19.42,10.47,28.21,10.49,488
2023-01-08T00:00:00.000Z,7.23,60.9,20.59,17.27,25.38,7.375,526
2023-01-09T00:00:00.000Z,0.67,30.67,5.77,3.2,10.22,4.425,489
2023-01-10T00:00:00.000Z,0.3,17.38,1.62,0.7,4.03,2.712,506
2023-01-11T00:00:00.000Z,0.6,68.75,11.45,3.22,18.17,8.72,462
2023-01-12T00:00:00.000Z,3.63,90.15,16.8,10.95,22.15,8.413,499
2023-01-13T00:00:00.000Z,5.73,56.03,13.47,9.46,18.3,7.526,452
2023-01-14T00:00:00.000Z,3.5,33.45,11.5,6.83,16.64,6.006,520
2023-01-15T00:00:00.000Z,5.93,107.2,16.27,10.63,22.2,9.365,438
2023-01-16T00:00:00.000Z,7.93,105.2,15.45,12.61,23.1,9.043,477
2023-01-17T00:00:00.000Z,5.9,81.3,18.2,12.68,23.48,9.706,499
2023-01-18T00:00:00.000Z,4.32,94.43,13.16,10.6,15.3,5.683,414
2023-01-19T00:00:00.000Z,1.6,151.68,7.63,5.14,10.1,9.219,528
2023-01-20T00:00:00.000Z,1.2,77.55,3.37,2.17,7.03,5.652,515
2023-01-21T00:00:00.000Z,0.6,14.07,1.47,1.2,1.98,1.235,479
2023-01-22T00:00:00.000Z,0.88,35.67,4.5,1.8,8.5,4.685,546
2023-01-23T00:00:00.000Z,2.1,42.73,10.37,5.42,17.14,7.289,436
2023-01-24T00:00:00.000Z,6.68,39.5,14.57,11.62,18.14,5.051,505
2023-01-25T00:00:00.000Z,2.6,32.45,10.62,7.03,15.23,6.345,480
2023-01-26T00:00:00.000Z,2.42,25.83,8.19,4.79,12.37,4.374,529
2023-01-27T00:00:00.000Z,9,90.33,14.88,13.27,17.53,5.362,401
2023-01-28T00:00:00.000Z,4.7,25.65,11.43,9.82,13.12,2.891,500
2023-01-29T00:00:00.000Z,3.9,30.38,9.19,7.85,11.92,3.294,496
2023-01-30T00:00:00.000Z,0.3,102.97,9.9,6.2,18.67,10.829,475
2023-01-31T00:00:00.000Z,0.3,0.6,0.32,0.3,0.4,0.084,14
2023-02-01T00:00:00.000Z,2.27,118.13,9.99,6.03,15.32,10.542,318
2023-02-02T00:00:00.000Z,0.2,30.4,1.88,1,4.05,3.964,490
2023-02-03T00:00:00.000Z,0.3,42.45,3.27,0.7,11.9,6.974,387
2023-02-04T00:00:00.000Z,0.1,22.03,0.5,0.3,2.8,2.623,539
2023-02-05T00:00:00.000Z,3.58,38.07,10.68,7.67,13.9,4.996,473
2023-02-06T00:00:00.000Z,3.7,25.73,9.68,8.63,11.03,2.692,430
2023-02-07T00:00:00.000Z,4.22,29.03,9.38,6.64,12.62,4.011,437
2023-02-08T00:00:00.000Z,6.25,80.38,11.27,10.23,13.13,6.419,394
2023-02-09T00:00:00.000Z,6.95,80.2,11.14,10.07,13.53,5.603,438
2023-02-10T00:00:00.000Z,4.59,36.63,9.8,6.7,14.37,5.327,467
2023-02-11T00:00:00.000Z,4.95,33.77,10.29,7.63,14.5,4.877,410
2023-02-12T00:00:00.000Z,2.1,27.73,10.4,5.7,12.99,4.848,489
2023-02-13T00:00:00.000Z,8.36,25.55,13.36,10.43,16.62,3.756,364
2023-02-14T00:00:00.000Z,2.7,21.8,8.19,6,10.95,3.476,431
2023-02-15T00:00:00.000Z,1.65,28.2,5.35,2.8,8.89,3.732,373
2023-02-16T00:00:00.000Z,2.8,21.43,4.8,3.7,10.23,4.167,255
2023-02-18T00:00:00.000Z,32.08,59.13,51.05,41.15,52.77,7.846,84
2023-02-19T00:00:00.000Z,28.43,87.85,40.86,36.5,46.33,8.592,423
2023-02-20T00:00:00.000Z,12,124.57,29.93,24.15,37.72,11.186,511
2023-02-21T00:00:00.000Z,13.23,45.47,28.05,20,33.15,7.138,499
2023-02-22T00:00:00.000Z,22.33,57.45,33.92,30.9,36.9,5.472,391
2023-02-23T00:00:00.000Z,26.35,58.92,39.42,32,42.55,6.72,374
2023-02-24T00:00:00.000Z,27.92,56.72,39.57,36.04,43.05,5.017,490
2023-02-25T00:00:00.000Z,5.28,47.92,26.39,21.03,33.04,9.64,410
2023-02-26T00:00:00.000Z,0.38,26.5,1.12,0.88,1.57,3.865,492
2023-02-27T00:00:00.000Z,0.9,42.17,3.72,1.77,5.6,3.126,506
2023-02-28T00:00:00.000Z,3.17,19.8,8.36,6.63,10.77,2.654,415
2023-03-01T00:00:00.000Z,5.15,76.56,8.52,7.35,11.5,5.559,507
2023-03-02T00:00:00.000Z,1.88,35.65,7.5,6.25,9.27,3.33,537
2023-03-03T00:00:00.000Z,1.9,79.63,4.84,3.55,8.1,6.37,381
2023-03-04T00:00:00.000Z,1.65,18.3,6,4.01,9.52,3.805,529
2023-03-05T00:00:00.000Z,3.42,130.9,12.4,8.5,22.2,9.864,531
2023-03-06T00:00:00.000Z,12.18,39.29,22.8,19.88,27.42,5.39,517
2023-03-07T00:00:00.000Z,7.45,74.95,17.19,14.02,21.37,6.299,518
2023-03-08T00:00:00.000Z,7.5,39.08,13.67,10.8,16.17,3.874,538
2023-03-09T00:00:00.000Z,4.28,35.4,13.22,10.07,22.4,7.464,450
2023-03-10T00:00:00.000Z,3.08,31.58,8.8,6.93,12.18,3.942,535
2023-03-11T00:00:00.000Z,0.1,20.02,3,1.4,5.83,3.66,525
2023-03-12T00:00:00.000Z,2.6,20.39,5.18,4.55,6.63,1.961,519
2023-03-13T00:00:00.000Z,3.55,21.33,7.2,5.82,8.8,2.461,525
2023-03-14T00:00:00.000Z,0.3,40.7,9.63,3.13,11.57,4.915,399
2023-03-15T00:00:00.000Z,0.2,12.33,0.52,0.4,1.43,1.816,542
2023-03-16T00:00:00.000Z,0.4,33.2,2.62,1.2,4.59,3.591,524
2023-03-17T00:00:00.000Z,2.8,25.05,7.42,5.83,8.3,2.631,524
2023-03-18T00:00:00.000Z,5.72,26.98,12.2,7.33,15.38,4.338,419
2023-03-19T00:00:00.000Z,11,30.17,18.35,15.68,20.52,3.427,496
2023-03-20T00:00:00.000Z,8.48,31.97,18.22,11.12,22.69,6.227,512
2023-03-21T00:00:00.000Z,7.47,38,13.53,11.53,15.58,3.691,516
2023-03-22T00:00:00.000Z,11.4,206.17,19.67,16.63,21.92,13.083,519
2023-03-23T00:00:00.000Z,10.05,32.57,19.05,17.14,21.89,3.494,508
2023-03-24T00:00:00.000Z,6.5,35,21.73,18.3,24.44,6.043,492
2023-03-25T00:00:00.000Z,0.47,18.03,3.89,1.83,8.25,3.65,474
2023-03-26T00:00:00.000Z,0.73,53.83,3.89,2.29,5.28,4.261,390
2023-03-27T00:00:00.000Z,0.1,5.5,0.8,0.4,1.5,1.016,391
2023-03-28T00:00:00.000Z,1.6,12.33,2.63,2.04,3.4,1.256,138
2023-03-29T00:00:00.000Z,1.38,9.93,4.47,2.83,6.33,2.048,434
2023-03-30T00:00:00.000Z,4.9,50.7,13.84,10.22,16.45,5.679,488
2023-03-31T00:00:00.000Z,0.7,35.29,12.75,5.87,18.04,6.835,484
2023-04-01T00:00:00.000Z,0.4,11.4,1.53,1,2.78,1.765,307
2023-04-02T00:00:00.000Z,0.5,17,1.3,0.9,2.24,1.86,408
2023-04-03T00:00:00.000Z,0.15,19.23,1.3,0.5,3,2.258,526
2023-04-04T00:00:00.000Z,0.7,10.1,2,1.17,4.38,1.653,563
2023-04-05T00:00:00.000Z,3.87,27.08,6.7,5.34,7.63,2.095,549
2023-04-06T00:00:00.000Z,3.6,21.9,8.4,6.73,9.78,2.559,576
2023-04-07T00:00:00.000Z,4.65,22.63,12.86,8.96,16.17,3.99,556
2023-04-08T00:00:00.000Z,1.7,21.13,8.5,6.42,11.2,4.405,577
2023-04-09T00:00:00.000Z,0.8,9.38,2.97,2.33,4,1.868,575
2023-04-10T00:00:00.000Z,0.85,9.73,3,2.33,3.7,1.37,470
2023-04-11T00:00:00.000Z,2.9,33.22,7.57,5.76,10.51,3.508,568
2023-04-12T00:00:00.000Z,7.95,52.45,12.98,11.18,14.9,3.266,557
2023-04-13T00:00:00.000Z,0.37,98.37,2.37,1.1,11.58,6.735,573
2023-04-14T00:00:00.000Z,0.2,35.75,0.9,0.5,1.58,1.891,575
2023-04-15T00:00:00.000Z,0.3,61.63,1.43,0.73,2.13,3.331,567
2023-04-16T00:00:00.000Z,0.1,15.67,1.5,0.6,2.54,2.051,582
2023-04-17T00:00:00.000Z,0.3,56.13,1.73,0.82,2.5,3.954,571
2023-04-18T00:00:00.000Z,0.6,5.47,1.7,1.27,2.5,0.877,572
2023-04-19T00:00:00.000Z,1.2,10.67,3.4,2.67,4.57,1.736,485
2023-04-20T00:00:00.000Z,0.55,10.38,4.18,2.5,5.35,1.878,578
2023-04-21T00:00:00.000Z,0.43,36.67,2.1,1.12,3.73,2.544,511
2023-04-22T00:00:00.000Z,1.4,14.23,2.73,2.1,5.43,2.181,501
2023-04-23T00:00:00.000Z,4.47,16.45,8.15,6.9,11.1,2.582,368
2023-04-24T00:00:00.000Z,0.2,28.83,1.19,0.7,2.63,5.902,566
2023-04-25T00:00:00.000Z,0.4,6.25,1.15,0.87,2,0.839,574
2023-04-26T00:00:00.000Z,0.3,10.63,1.2,0.8,1.8,1.109,567
2023-04-27T00:00:00.000Z,0.6,11.6,2.13,1.7,3.1,1.103,569
2023-04-28T00:00:00.000Z,1.63,20.23,4.5,3.03,5.3,1.593,390
2023-04-29T00:00:00.000Z,2,12.02,6.13,4.97,7.54,1.976,557
2023-04-30T00:00:00.000Z,0.67,13,5.4,1.51,6.62,2.973,413
2023-05-01T00:00:00.000Z,1.3,5.35,3.03,2.29,3.5,0.752,552
2023-05-02T00:00:00.000Z,0.6,12.48,2.37,1.77,3.5,1.315,556
2023-05-03T00:00:00.000Z,0.5,4.03,1.08,0.8,1.5,0.55,402
2023-05-04T00:00:00.000Z,0.67,110.47,2.29,1.4,4.3,4.781,561
2023-05-05T00:00:00.000Z,1.7,9,5.18,4.59,6.32,1.362,400
2023-05-06T00:00:00.000Z,2.52,15.8,5.37,4.37,6.23,1.736,566
2023-05-07T00:00:00.000Z,1.9,24.83,5.12,4.07,6.45,1.728,440
2023-05-08T00:00:00.000Z,0.9,6.43,2.73,2.29,3.2,0.843,557
2023-05-09T00:00:00.000Z,2.25,9.86,5.45,3.8,7.27,1.922,570
2023-05-10T00:00:00.000Z,0.3,19.8,3.9,2.1,6.24,2.511,568
2023-05-11T00:00:00.000Z,0.1,31.77,1.09,0.68,1.7,2.184,556
2023-05-12T00:00:00.000Z,0.3,8.33,1.83,1.3,2.52,1.042,579
2023-05-13T00:00:00.000Z,0.23,7.05,1.3,0.98,1.9,0.729,569
2023-05-14T00:00:00.000Z,0.56,9.27,2.22,1.6,3.17,1.327,571
2023-05-15T00:00:00.000Z,0.3,4.76,1.27,0.82,1.73,0.641,564
2023-05-16T00:00:00.000Z,0.2,23.1,1.4,1.02,2.34,2.08,452
2023-05-17T00:00:00.000Z,0.1,3.7,0.4,0.3,0.6,0.351,559
2023-05-18T00:00:00.000Z,0.4,2.8,1.1,0.8,1.5,0.476,563
2023-05-19T00:00:00.000Z,1.5,18.88,3.24,2.67,4.45,1.505,562
2023-05-20T00:00:00.000Z,3.63,14.4,6.93,5.55,8.41,1.964,573
2023-05-21T00:00:00.000Z,3.42,15.07,7.2,6.03,9.3,2.331,560
2023-05-22T00:00:00.000Z,3.1,8.67,6.22,5.24,6.8,0.978,528
2023-05-23T00:00:00.000Z,3.2,16.57,6.93,6,8.19,1.638,569
2023-05-24T00:00:00.000Z,2.87,11.8,6.7,5.85,7.63,1.629,568
2023-05-25T00:00:00.000Z,1.3,15.55,3.33,2.4,4.2,1.372,519
2023-05-26T00:00:00.000Z,2.1,6.23,3.58,3,4.3,0.849,417
2023-05-27T00:00:00.000Z,3.5,7.43,4.9,4.5,5.2,0.586,451
2023-05-28T00:00:00.000Z,4.28,9.94,6.19,5.5,6.88,0.907,474
2023-05-29T00:00:00.000Z,2.87,9.85,5.22,4.25,6.37,1.179,483
2023-05-30T00:00:00.000Z,3,6.3,4.13,3.75,4.45,0.529,576
2023-05-31T00:00:00.000Z,2.9,6.03,4.2,3.8,4.67,0.593,347
2023-06-01T00:00:00.000Z,2.2,6.97,5.09,4.03,5.57,1.072,563
2023-06-02T00:00:00.000Z,1.1,7.15,3.27,2.63,4.86,1.35,560
2023-06-03T00:00:00.000Z,0.7,13.87,3.47,2.9,3.88,0.953,440
2023-06-04T00:00:00.000Z,2.17,8.27,4.4,3.33,5.01,1.192,572
2023-06-05T00:00:00.000Z,2,32.7,4.13,3.35,5,2.184,563
2023-06-06T00:00:00.000Z,0.8,11.93,3.54,2.7,4.32,2.532,214
2023-06-08T00:00:00.000Z,3.6,31.83,4.5,4.2,4.92,2.93,92
2023-06-09T00:00:00.000Z,3.43,11.23,4.87,4.4,7,1.558,561
2023-06-10T00:00:00.000Z,1.57,18.05,7.28,3.95,8.4,3.281,567
2023-06-11T00:00:00.000Z,1.1,4.3,2.2,1.8,2.86,0.725,573
2023-06-12T00:00:00.000Z,0.98,5.43,3.05,2.5,3.75,0.915,567
2023-06-13T00:00:00.000Z,0.88,6.23,2.54,2.13,3.1,0.915,555
2023-06-14T00:00:00.000Z,1.35,6.85,3.6,3,4.8,1.147,558
2023-06-15T00:00:00.000Z,1.25,5.25,3.13,2.27,3.93,0.946,565
2023-06-16T00:00:00.000Z,2.9,6.87,4.17,3.7,4.9,0.827,566
2023-06-17T00:00:00.000Z,3,7.93,5.07,4.55,5.5,0.764,564
2023-06-18T00:00:00.000Z,5.03,8.69,7.07,6.59,7.53,0.676,564
2023-06-19T00:00:00.000Z,5.95,12.2,8.1,7.35,9.02,1.175,367
2023-06-20T00:00:00.000Z,6.4,16.73,10.93,8.88,12.8,2.583,551
2023-06-21T00:00:00.000Z,5.68,24.2,9.44,8,10.67,2.008,540
2023-06-22T00:00:00.000Z,7.13,24.52,10.77,9.23,12.27,1.908,538
2023-06-23T00:00:00.000Z,0.63,14.77,3.9,2.64,8.14,3.451,556
2023-06-24T00:00:00.000Z,0.43,3.7,1.4,1,2.72,0.93,559
2023-06-25T00:00:00.000Z,1.5,3.63,2.52,2.27,2.8,0.375,560
2023-06-26T00:00:00.000Z,2.73,6.6,3.95,3.4,4.78,0.833,471
2023-06-27T00:00:00.000Z,4.57,11.37,7.12,6.45,8.02,1.242,566
2023-06-28T00:00:00.000Z,3.4,13.17,5.2,4.28,9,2.449,579
2023-06-29T00:00:00.000Z,1.65,6.37,3.3,2.7,4.8,1.148,573
2023-06-30T00:00:00.000Z,2.8,14,4.55,3.88,6.17,2.346,570
2023-07-01T00:00:00.000Z,2.13,16.73,8.81,3.75,11.8,4.117,372
2023-07-02T00:00:00.000Z,4,10.75,6.93,5.87,7.75,1.342,571
2023-07-03T00:00:00.000Z,1.3,19.2,5.14,2.93,9.63,4.363,540
2023-07-04T00:00:00.000Z,0.9,4.43,2.47,1.67,2.97,0.754,409
2023-07-05T00:00:00.000Z,0.97,4.22,2.38,2,2.74,0.629,529
2023-07-06T00:00:00.000Z,0.9,4.5,1.6,1.2,2.12,0.633,273
2023-07-07T00:00:00.000Z,1.7,4.18,2.9,2.43,3.33,0.522,511
2023-07-08T00:00:00.000Z,3.05,6.07,3.97,3.63,4.5,0.58,328
2023-07-09T00:00:00.000Z,3.9,6.72,5.28,4.82,5.73,0.594,354
2023-07-10T00:00:00.000Z,5.25,10.88,7.23,6.37,8.64,1.299,349
2023-07-11T00:00:00.000Z,6.72,13.83,10.19,9.17,11.23,1.514,518
2023-07-12T00:00:00.000Z,0.77,13.9,2.9,1.7,3.65,1.477,544
2023-07-13T00:00:00.000Z,0.5,2.58,1.42,1.17,1.7,0.389,530
2023-07-14T00:00:00.000Z,0.82,16.8,2.25,1.52,2.91,1.978,525
2023-07-15T00:00:00.000Z,3.7,90.37,4.9,4.47,6.53,5.034,571
2023-07-16T00:00:00.000Z,2.29,11.3,6.8,5.72,8.93,2.171,547
2023-07-17T00:00:00.000Z,4.4,10.02,6.97,5.97,7.89,1.183,368
2023-07-18T00:00:00.000Z,2.63,13.23,6.72,3.97,8.6,2.548,543
2023-07-19T00:00:00.000Z,1.3,68.78,5.01,4.13,6.09,4.113,460
2023-07-20T00:00:00.000Z,2.45,7.43,4.17,3.42,4.62,0.873,556
2023-07-21T00:00:00.000Z,1,17.7,3.4,1.88,4.9,1.708,579
2023-07-22T00:00:00.000Z,1.5,6.9,2.6,2.2,4,1.033,573
2023-07-23T00:00:00.000Z,3.83,10.83,6.18,5.17,7.73,1.665,571
2023-07-24T00:00:00.000Z,3.4,17.8,9.9,7.73,10.84,2.656,585
2023-07-25T00:00:00.000Z,0.2,7.67,2.64,1.3,3.47,1.333,578
2023-07-26T00:00:00.000Z,0.1,2.6,0.7,0.43,0.9,0.317,572
2023-07-27T00:00:00.000Z,0.5,4,1.3,1.1,1.5,0.316,570
2023-07-28T00:00:00.000Z,1.3,16.87,2.59,2.2,4.03,1.429,578
2023-07-29T00:00:00.000Z,3.2,27.15,4.97,4.34,5.93,1.352,575
2023-07-30T00:00:00.000Z,1.03,8.3,2.92,2.27,3.67,1.182,555
2023-07-31T00:00:00.000Z,1.5,6.4,2.94,2.1,4.4,1.224,576
2023-08-01T00:00:00.000Z,2.47,6.03,3.77,3.29,4.53,0.739,573
2023-08-02T00:00:00.000Z,2.1,5.82,3.55,3,4.2,0.793,563
2023-08-03T00:00:00.000Z,4.03,6.28,5.03,4.8,5.34,0.386,145
2023-08-04T00:00:00.000Z,1.4,3.23,1.97,1.75,2.29,0.452,83
2023-08-05T00:00:00.000Z,0.1,2.7,0.7,0.5,1,0.494,570
2023-08-06T00:00:00.000Z,0.2,3.23,0.6,0.5,0.8,0.332,568
2023-08-07T00:00:00.000Z,0.1,1.27,0.4,0.33,0.5,0.141,573
2023-08-08T00:00:00.000Z,0.28,2.63,0.7,0.59,0.9,0.284,584
2023-08-09T00:00:00.000Z,0.8,5.83,1.5,1.27,1.73,0.399,574
2023-08-10T00:00:00.000Z,1.67,10.77,2.54,2.25,2.97,0.796,554
2023-08-11T00:00:00.000Z,2.17,5.87,3.9,3.3,4.4,0.799,555
2023-08-12T00:00:00.000Z,3.4,8.65,5.63,4.5,6.9,1.386,572
2023-08-13T00:00:00.000Z,1.3,10.15,6.32,2.52,8.19,2.908,539
2023-08-14T00:00:00.000Z,2.4,14.02,4.13,3.5,6.07,1.68,541
2023-08-15T00:00:00.000Z,1.5,11.93,7.77,5.07,8.85,2.499,562
2023-08-16T00:00:00.000Z,1.4,9.35,4.37,2.83,7.33,2.297,560
2023-08-17T00:00:00.000Z,1.7,9.73,4.3,3.3,6.95,2.196,552
2023-08-18T00:00:00.000Z,1.33,5.47,2.54,2.1,3.21,0.933,568
2023-08-19T00:00:00.000Z,3.3,10.85,6.35,5.6,8.67,1.694,542
2023-08-20T00:00:00.000Z,5.3,11.73,9.25,8.17,9.97,1.284,531
2023-08-21T00:00:00.000Z,7.28,15.27,10.73,9.02,12.47,1.936,531
2023-08-22T00:00:00.000Z,5.7,11.97,8.8,7.92,9.68,1.239,537
2023-08-23T00:00:00.000Z,6.93,14.02,10.85,9.44,11.9,1.505,555
2023-08-24T00:00:00.000Z,7.05,15.67,11.5,10.18,12.7,1.704,548
2023-08-25T00:00:00.000Z,5.28,14.63,9.69,7.63,11.1,2.088,548
2023-08-26T00:00:00.000Z,7.3,12.3,9.17,8.57,9.86,0.874,555
2023-08-27T00:00:00.000Z,3.93,16.63,7.57,6,11.53,2.921,563
2023-08-28T00:00:00.000Z,0.8,9.68,2.52,1.67,3.57,2.003,576
2023-08-29T00:00:00.000Z,0.1,1.7,0.4,0.3,0.67,0.309,570
2023-08-30T00:00:00.000Z,0.1,1.8,0.4,0.22,0.6,0.273,569
2023-08-31T00:00:00.000Z,0.5,2.57,1.03,0.9,1.5,0.386,571
2023-09-01T00:00:00.000Z,1.4,3.9,2.5,2.17,2.96,0.51,564
2023-09-02T00:00:00.000Z,1.95,5.8,3.9,3.4,4.38,0.796,561
2023-09-03T00:00:00.000Z,2.29,6.47,4.3,3.8,4.8,0.736,565
2023-09-04T00:00:00.000Z,2.9,8.13,4.47,3.77,5.31,0.94,568
2023-09-05T00:00:00.000Z,1.92,4.83,3.2,2.75,3.5,0.513,568
2023-09-06T00:00:00.000Z,1.77,5.9,3.3,2.77,4.2,0.844,561
2023-09-07T00:00:00.000Z,2.43,4.93,3.5,3.1,4,0.53,573
2023-09-08T00:00:00.000Z,3.67,7.07,5.13,4.63,5.7,0.673,573
2023-09-09T00:00:00.000Z,4.67,9.43,6.78,6.07,7.38,0.966,560
2023-09-10T00:00:00.000Z,4.84,11.35,7.47,6.19,8.94,1.612,568
2023-09-11T00:00:00.000Z,4.09,13.3,7.2,6.5,7.99,1.145,572
2023-09-12T00:00:00.000Z,6.8,15.83,10.79,9.41,13.13,2.168,568
2023-09-13T00:00:00.000Z,7.47,32.79,14.43,10.47,18.02,4.591,544
2023-09-14T00:00:00.000Z,1.98,29.5,6.12,3.88,13.15,6.269,566
2023-09-15T00:00:00.000Z,1.8,20.25,3.23,2.7,3.74,1.291,553
2023-09-16T00:00:00.000Z,2.75,8.5,4.2,3.9,4.66,0.659,576
2023-09-17T00:00:00.000Z,3.97,11.57,6.07,5.28,7.03,1.239,573
2023-09-18T00:00:00.000Z,1.8,14.98,7.72,6.57,8.77,1.966,546
2023-09-19T00:00:00.000Z,0.6,4.88,1.6,1.2,2.08,0.599,526
2023-09-20T00:00:00.000Z,1.8,5.45,3.08,2.63,3.53,0.657,546
2023-09-21T00:00:00.000Z,1.35,5.9,2.47,2,3.23,0.932,566
2023-09-22T00:00:00.000Z,1.4,11,3.13,2.43,4.17,1.34,565
2023-09-23T00:00:00.000Z,0.28,3.83,1.35,0.82,1.9,0.705,572
2023-09-24T00:00:00.000Z,0.23,2.8,0.7,0.56,0.9,0.323,570
2023-09-25T00:00:00.000Z,0.52,2.7,1.25,0.97,1.69,0.438,573
2023-09-26T00:00:00.000Z,1.43,6.68,3.14,2.57,4.59,1.166,550
2023-09-27T00:00:00.000Z,2.7,8,4.92,4.09,5.77,1.163,552
2023-09-28T00:00:00.000Z,2.95,8.19,4.97,4.5,5.38,0.741,577
2023-09-29T00:00:00.000Z,4.7,10.1,6.5,5.93,7.05,0.758,571
2023-09-30T00:00:00.000Z,2.4,10.27,6.3,4.97,7.47,1.644,570
2023-10-01T00:00:00.000Z,2.47,10.07,5.28,4.7,6.93,1.675,531
2023-10-02T00:00:00.000Z,8.48,14.75,11.59,10.72,12.27,1.146,536
2023-10-03T00:00:00.000Z,9.69,16.52,12.85,11.95,13.68,1.195,557
2023-10-04T00:00:00.000Z,8.32,24.23,15.13,11.3,16.57,3.515,569
2023-10-05T00:00:00.000Z,6.77,14.45,9.98,8.93,11.1,1.567,562
2023-10-06T00:00:00.000Z,5.57,12.07,8.32,7.1,9.19,1.281,562
2023-10-07T00:00:00.000Z,2.72,8.02,5.77,4.78,6.65,1.1,560
2023-10-08T00:00:00.000Z,1.8,5.78,3.47,2.96,3.9,0.657,557
2023-10-09T00:00:00.000Z,1.77,4.88,3.1,2.72,3.4,0.529,549
2023-10-10T00:00:00.000Z,1,97.7,2.02,1.7,2.42,4.807,535
2023-10-11T00:00:00.000Z,1.6,5.09,2.88,2.41,3.58,0.733,541
2023-10-12T00:00:00.000Z,3.23,8.18,4.95,4.38,5.57,0.798,545
2023-10-13T00:00:00.000Z,4.4,11.98,7.18,6.43,7.85,1.092,544
2023-10-14T00:00:00.000Z,3.6,12.82,6.34,5.75,7.03,1.358,550
2023-10-15T00:00:00.000Z,0.1,7.72,0.8,0.32,5.18,2.615,557
2023-10-16T00:00:00.000Z,0.2,3.08,1,0.6,1.34,0.51,552
2023-10-17T00:00:00.000Z,0.56,4.75,1.88,1.33,2.58,0.877,556
2023-10-18T00:00:00.000Z,1.8,2.63,2.13,1.92,2.38,0.254,43
2023-10-26T00:00:00.000Z,2.54,13.95,5.09,3.9,5.83,1.397,232
2023-10-27T00:00:00.000Z,0.4,12.2,1.5,1.02,2.15,1.295,567
2023-10-28T00:00:00.000Z,0.6,9.43,2,1.47,2.93,1.151,572
2023-10-29T00:00:00.000Z,0.7,14.35,3.43,2.29,4.75,2.057,566
2023-10-30T00:00:00.000Z,0.56,31.7,3.07,2,4.8,3.656,577
2023-10-31T00:00:00.000Z,0.2,24.47,1.4,0.9,3.01,2.774,581
2023-11-01T00:00:00.000Z,0.45,33.1,3.38,1.7,5.99,3.651,549
2023-11-02T00:00:00.000Z,0.9,16.8,3.7,2.83,4.9,2.066,539
2023-11-03T00:00:00.000Z,0.3,23.7,2.1,1.2,3.4,2.346,568
2023-11-04T00:00:00.000Z,0.4,11.7,1.9,1.1,4.17,2.394,578
2023-11-05T00:00:00.000Z,0.4,24.6,2.82,1.33,5.2,4.098,578
2023-11-06T00:00:00.000Z,0.7,51.9,2.95,1.9,6.55,4.149,561
2023-11-07T00:00:00.000Z,0.6,16.32,4.7,2.06,7.5,3.319,571
2023-11-08T00:00:00.000Z,0.6,14.67,3,1.49,5.79,2.731,572
2023-11-09T00:00:00.000Z,1.1,39.17,7.18,3.53,10.68,4.688,532
2023-11-10T00:00:00.000Z,0.6,31.27,6,4.13,8,4.448,563
2023-11-11T00:00:00.000Z,0.4,20.57,2.97,1.4,5.97,3.071,578
2023-11-12T00:00:00.000Z,1.2,20.7,5.93,3.42,8.86,3.816,330
2023-11-13T00:00:00.000Z,1.43,28.7,6.05,3.53,11.07,5.171,574
2023-11-14T00:00:00.000Z,3.07,40.7,8.13,4.9,11.2,4.913,575
2023-11-15T00:00:00.000Z,0.2,119.6,5.3,3.59,7.92,7.185,568
2023-11-16T00:00:00.000Z,0.5,60.63,5.23,1.99,9.3,6.124,569
2023-11-17T00:00:00.000Z,0.2,28.6,3.79,1.85,6.31,3.2,556
2023-11-18T00:00:00.000Z,0.3,18.8,3.13,1,6,3.578,558
2023-11-19T00:00:00.000Z,0.98,29.77,4.38,2.5,8.8,4.507,571
2023-11-20T00:00:00.000Z,2.63,31.42,8.69,6.22,13.87,5.112,571
2023-11-21T00:00:00.000Z,1.6,44.53,9.59,7.75,12.17,4.823,568
2023-11-22T00:00:00.000Z,0.2,64.7,1.64,0.64,4.43,4.335,576
2023-11-23T00:00:00.000Z,0.53,87.73,4.59,1.57,9.67,6.42,575
2023-11-24T00:00:00.000Z,0.3,31.4,5.23,3.57,12.8,6.712,570
2023-11-25T00:00:00.000Z,0.3,43.55,1.08,0.5,2.08,2.395,571
2023-11-26T00:00:00.000Z,0.5,27.7,2.33,1.3,5.13,3.658,563
2023-11-27T00:00:00.000Z,0.9,32.5,6.93,2.7,13.07,5.824,571
2023-11-28T00:00:00.000Z,0.4,37.95,5.95,4.07,10.44,6.146,572
2023-11-29T00:00:00.000Z,0.4,36.22,3.67,1.5,7.07,4.14,566
2023-11-30T00:00:00.000Z,4.13,123.97,12.98,8.27,23.7,10.115,582
2023-12-01T00:00:00.000Z,2.97,120.57,16.93,12.42,21.96,8.42,573
2023-12-02T00:00:00.000Z,0.5,26.07,2.35,1.2,3.77,3.78,515
2023-12-03T00:00:00.000Z,0.8,22.43,3.16,1.5,7.27,3.649,582
2023-12-04T00:00:00.000Z,1.47,35.1,8.9,4.8,13.4,5.355,569
2023-12-05T00:00:00.000Z,8.3,54.83,16.75,13.05,21.51,5.591,573
2023-12-06T00:00:00.000Z,5.2,33.4,12.68,9.02,16.54,4.946,580
2023-12-07T00:00:00.000Z,1.5,119.72,7.43,4.07,10.67,7.492,572
2023-12-08T00:00:00.000Z,3.6,92.17,10.76,6.45,16.48,7.358,582
2023-12-09T00:00:00.000Z,6.03,83,13.47,9.43,19.75,7.619,579
2023-12-10T00:00:00.000Z,2.52,42.27,10.98,6.57,13.65,4.475,584
2023-12-11T00:00:00.000Z,3.17,219.6,8.78,5.12,14.5,12.743,580
2023-12-12T00:00:00.000Z,3,39.47,13.9,6.53,20.69,8.026,577
2023-12-13T00:00:00.000Z,2.9,38.22,18.77,15.13,22.9,6.769,583
2023-12-14T00:00:00.000Z,1.1,28.07,6.6,4.47,8.89,3.953,580
2023-12-15T00:00:00.000Z,0.2,35.36,3.15,1.87,7.97,4.917,582
2023-12-16T00:00:00.000Z,0.9,65.23,8.44,3.71,11.96,6.065,581
2023-12-17T00:00:00.000Z,2.9,28.4,8.48,5.43,13.2,4.825,578
2023-12-18T00:00:00.000Z,2.29,30.65,8.63,4.51,13.85,6.139,576
2023-12-19T00:00:00.000Z,2.02,30.08,8.63,4.63,15.33,6.48,567
2023-12-20T00:00:00.000Z,2.17,80.7,14.39,8.3,19.87,8.218,586
2023-12-21T00:00:00.000Z,1.97,49.8,10.44,5.7,17.91,7.721,580
2023-12-22T00:00:00.000Z,0.2,22.7,4.5,1.55,6.15,3.504,578
2023-12-23T00:00:00.000Z,0.1,65.8,1.58,0.7,5.73,6.342,583
2023-12-24T00:00:00.000Z,0.5,36.77,8.5,2.78,12.5,5.803,571
2023-12-25T00:00:00.000Z,2.7,30.73,10.6,5.36,14.2,5.453,577
2023-12-26T00:00:00.000Z,5.17,90.6,13.04,8.32,18.86,7.938,496
2023-12-27T00:00:00.000Z,4.45,45.63,12.37,6.73,14.8,5.48,387
2023-12-28T00:00:00.000Z,18.27,37.43,26.23,22,28.02,4.185,97
2023-12-29T00:00:00.000Z,12.88,40.5,17.55,16.14,18.97,2.28,282
2023-12-30T00:00:00.000Z,8.86,18.5,12.72,11.18,14.56,2.049,96
2023-12-31T00:00:00.000Z,4.38,109.77,17.39,12.8,21.42,8.763,579
2024-01-01T00:00:00.000Z,1.12,41.3,7.97,4.9,11.45,5.292,571
2024-01-02T00:00:00.000Z,0.97,25,7.32,3.08,14.3,6.578,485
2024-01-03T00:00:00.000Z,2.87,93.1,10.3,8.36,13.15,6.632,569
2024-01-04T00:00:00.000Z,2.83,116.83,8.3,6.67,12,7.437,580
2024-01-05T00:00:00.000Z,2.23,33.36,10.5,5.9,13.55,5.492,573
2024-01-06T00:00:00.000Z,0.3,61.45,7.84,3.43,24.08,11.834,582
2024-01-07T00:00:00.000Z,0.3,7,0.8,0.47,1.27,0.798,583
2024-01-08T00:00:00.000Z,0.4,64.8,3.13,1.3,7.13,5.095,583
2024-01-09T00:00:00.000Z,2.47,25.6,7.43,4.57,10.83,4.276,581
2024-01-10T00:00:00.000Z,6.47,46.6,14.3,9.93,16.77,4.804,574
2024-01-11T00:00:00.000Z,4.76,24.33,10.98,8.15,13.77,3.796,579
2024-01-12T00:00:00.000Z,2.8,22.92,8,5,11.02,4.147,586
2024-01-13T00:00:00.000Z,2.2,40.47,6.92,4.59,10.63,4.713,580
2024-01-14T00:00:00.000Z,1.3,23.73,9.02,4.13,14.13,5.408,578
2024-01-15T00:00:00.000Z,6.7,62.8,13.97,11.5,16.3,4.955,574
2024-01-16T00:00:00.000Z,3.97,49.87,10.53,6.65,13.97,4.884,567
2024-01-17T00:00:00.000Z,5.57,32.79,13.93,10.1,17.89,5.311,581
2024-01-18T00:00:00.000Z,6.1,96,19.88,14.5,27.84,10.558,577
2024-01-19T00:00:00.000Z,0.3,60.87,2.37,1.25,13.86,8.776,576
2024-01-20T00:00:00.000Z,0.5,22.93,3.47,1.47,6.53,3.813,584
2024-01-21T00:00:00.000Z,1.37,31.1,5.99,3.35,10.39,4.785,584
2024-01-22T00:00:00.000Z,2.13,61.6,9.24,4.93,16.2,8.197,574
2024-01-23T00:00:00.000Z,2.57,21.73,8.98,5.05,11.42,3.881,584
2024-01-24T00:00:00.000Z,2.47,23.43,8.8,4.87,13.57,5.169,563
2024-01-25T00:00:00.000Z,3.9,39.33,10.67,7.1,13.2,4.578,587
2024-01-26T00:00:00.000Z,2.29,29.57,8.43,4.63,12.68,5.086,584
2024-01-27T00:00:00.000Z,0.5,81.63,4.34,2,8.43,5.473,581
2024-01-28T00:00:00.000Z,2,80.31,5.73,4.72,7.84,5.462,585
2024-01-29T00:00:00.000Z,1.6,28.53,5.69,3.42,8.19,3.607,586
2024-01-30T00:00:00.000Z,2.42,16.27,6.62,4.13,8.73,2.979,582
2024-01-31T00:00:00.000Z,2.87,37.9,6.89,4.92,10.43,3.711,584
2024-02-01T00:00:00.000Z,2.2,33.97,11.8,5.4,16.67,6.803,539
2024-02-02T00:00:00.000Z,1.1,20.3,4.59,3,7.5,3.614,538
2024-02-03T00:00:00.000Z,1.1,53.9,7.16,3.37,10.68,5.29,564
2024-02-04T00:00:00.000Z,1.2,21.6,4.9,2.8,10.05,4.631,569
2024-02-05T00:00:00.000Z,1.3,45.97,6.87,2.97,22.96,11.893,581
2024-02-06T00:00:00.000Z,19.89,49,31.2,28.17,37.1,5.755,583
2024-02-07T00:00:00.000Z,20.7,42.6,28.43,25.97,32.9,4.814,575
2024-02-08T00:00:00.000Z,14.68,69.05,32.53,28.38,39.83,8.162,546
2024-02-09T00:00:00.000Z,4.15,49.25,19.73,15.24,31.61,10.391,565
2024-02-10T00:00:00.000Z,4.25,27.95,8.35,6.6,12.38,3.429,568
2024-02-11T00:00:00.000Z,0.6,20.65,4.37,1.77,7.36,3.452,577
2024-02-12T00:00:00.000Z,0.67,76.22,3.63,1.6,5.09,5.009,571
2024-02-13T00:00:00.000Z,0.33,25.8,2.88,1.75,4.53,2.478,570
2024-02-14T00:00:00.000Z,0.8,19.85,3.71,1.76,5.75,2.955,580
2024-02-15T00:00:00.000Z,1.1,30.38,4.38,2.42,6.8,3.358,563
2024-02-16T00:00:00.000Z,1.8,49.38,6.47,4.29,8.98,4.76,581
2024-02-17T00:00:00.000Z,3.07,30.13,7.65,5.9,10.29,3.067,581
2024-02-18T00:00:00.000Z,3.38,35.47,8.51,5.68,11.77,3.729,582
2024-02-19T00:00:00.000Z,1.2,53.45,20.45,6.84,27.99,10.938,584
2024-02-20T00:00:00.000Z,0.2,20.38,3,1.1,5.6,2.863,579
2024-02-21T00:00:00.000Z,0.4,21.65,3.83,1,9.77,4.842,575
2024-02-22T00:00:00.000Z,5.93,48.92,16.05,9.65,21.17,6.679,580
2024-02-23T00:00:00.000Z,0.6,35.33,3.5,2.2,5.7,3.383,586
2024-02-24T00:00:00.000Z,0.9,33.29,4.47,2.54,6.44,3.307,581
2024-02-25T00:00:00.000Z,0.4,11.32,2.89,1.4,4.23,1.831,580
2024-02-26T00:00:00.000Z,0.8,24.4,4.62,2.9,6.79,3.05,576
2024-02-27T00:00:00.000Z,0.47,34.57,8.13,2.93,10.77,4.792,577
2024-02-28T00:00:00.000Z,0.45,72,6.13,4.26,8.23,5.118,583
2024-02-29T00:00:00.000Z,2.6,33.5,6.89,4.9,8.93,3.005,580
2024-03-01T00:00:00.000Z,1.57,194.63,5.67,3.63,8.68,11.601,515
2024-03-02T00:00:00.000Z,1.1,41.63,3.08,2.2,4.94,2.559,577
2024-03-03T00:00:00.000Z,1,20,3.2,2.04,3.94,1.56,581
2024-03-04T00:00:00.000Z,0.9,47.7,2.7,1.67,4.13,4.135,575
2024-03-05T00:00:00.000Z,0.4,22.58,2.43,1.67,4.7,2.448,571
2024-03-06T00:00:00.000Z,0.3,9.6,2,1,3.22,1.369,571
2024-03-07T00:00:00.000Z,0.5,24.7,2.27,1.14,4.07,2.255,551
2024-03-08T00:00:00.000Z,1.27,14.93,3.92,3.08,5.03,1.615,566
2024-03-09T00:00:00.000Z,0.55,19.55,4.15,2.52,5.34,2.011,568
2024-03-10T00:00:00.000Z,0.4,91.37,3.97,2.63,7,6.061,566
2024-03-11T00:00:00.000Z,0.3,52.97,2.42,1.57,3.75,3.047,548
2024-03-12T00:00:00.000Z,0.1,101.9,0.9,0.5,2.27,4.877,562
2024-03-13T00:00:00.000Z,0.2,15.3,1.37,0.76,2.89,2.054,573
2024-03-14T00:00:00.000Z,0.98,46.87,4.09,2.27,6.13,4.198,569
2024-03-15T00:00:00.000Z,6.9,45.63,16.91,11.48,26.56,8.023,572
2024-03-16T00:00:00.000Z,3.93,29.27,12.47,9.48,16.29,5.112,565
2024-03-17T00:00:00.000Z,0.52,17.73,3.97,2.46,5.29,2.037,556
2024-03-18T00:00:00.000Z,1.53,48.3,10.3,5.2,12.4,4.661,574
2024-03-19T00:00:00.000Z,0.3,26.07,2.54,1.38,6.47,3.81,581
2024-03-20T00:00:00.000Z,4.3,75.2,8.07,6.13,9.33,4.64,575
2024-03-21T00:00:00.000Z,2.1,30.7,9.02,6.46,10.4,2.757,577
2024-03-22T00:00:00.000Z,0.67,13.6,2.13,1.44,3.63,1.706,505
2024-03-23T00:00:00.000Z,0.5,18.97,4.32,2.47,8.19,3.837,533
2024-03-24T00:00:00.000Z,0.3,13.57,1.07,0.63,2.17,2.023,571
2024-03-25T00:00:00.000Z,0.28,11.33,1.5,0.7,3.17,1.441,580
2024-03-26T00:00:00.000Z,1.2,19.85,3.17,2.47,4.98,2.451,585
2024-03-27T00:00:00.000Z,1.3,25.83,6.42,4.8,7.77,2.814,584
2024-03-28T00:00:00.000Z,0.8,48.03,5.38,3.03,9.18,4.509,574
2024-03-29T00:00:00.000Z,2.4,18.39,5.59,4.37,6.43,2.164,366
2024-03-30T00:00:00.000Z,1.53,34.79,5.27,3.47,7.38,3.079,575
2024-03-31T00:00:00.000Z,0.2,23.3,3.5,1.93,5.3,2.7,583
2024-04-01T00:00:00.000Z,0.3,9.93,1.7,1.07,2.65,1.362,522
2024-04-02T00:00:00.000Z,0.2,17.73,0.93,0.5,1.8,1.555,575
2024-04-03T00:00:00.000Z,0.4,43.8,2.97,1.77,4.07,2.653,578
2024-04-04T00:00:00.000Z,0.8,10.57,1.94,1.33,3.28,1.578,572
2024-04-05T00:00:00.000Z,1.6,17.43,4.2,2.85,5.27,2.011,566
2024-04-06T00:00:00.000Z,1.6,7.8,3.6,2.97,4.18,0.994,582
2024-04-07T00:00:00.000Z,1.07,26.23,3.45,2.72,4.17,1.928,580
2024-04-08T00:00:00.000Z,1.52,14.23,4.26,3.13,5.38,1.988,574
2024-04-09T00:00:00.000Z,2.47,19.13,6.3,4.8,8.3,2.898,564
2024-04-10T00:00:00.000Z,0.2,13.97,1,0.5,2.47,2.918,564
2024-04-11T00:00:00.000Z,0.5,5.37,1.88,1.48,3.47,1.177,557
2024-04-12T00:00:00.000Z,2.5,9.52,4.25,3.44,4.98,1.037,557
2024-04-13T00:00:00.000Z,1.27,9.3,3.9,3.01,5.12,1.482,580
2024-04-14T00:00:00.000Z,2.02,11.07,4.3,3.41,5.97,1.878,585
2024-04-15T00:00:00.000Z,3.53,14.9,5.8,4.9,7.59,2.233,576
2024-04-16T00:00:00.000Z,0.1,8.67,0.69,0.3,5.4,2.737,584
2024-04-17T00:00:00.000Z,0.2,97.95,0.6,0.4,1.2,4.343,575
2024-04-18T00:00:00.000Z,0.2,8.23,0.8,0.53,1.27,0.718,588
2024-04-19T00:00:00.000Z,0.3,8.19,1.1,0.6,1.83,0.961,419
2024-04-21T00:00:00.000Z,0.4,2.23,0.97,0.8,1.2,0.29,125
2024-04-22T00:00:00.000Z,0.53,25.65,1.8,1.27,2.67,1.608,582
2024-04-23T00:00:00.000Z,0.8,17.48,2.73,1.95,3.5,1.488,571
2024-04-24T00:00:00.000Z,0.5,7.37,1.77,1.3,2.25,0.711,582
2024-04-25T00:00:00.000Z,0.4,18.37,1.5,1.2,2,1.193,568
2024-04-26T00:00:00.000Z,0.97,6.27,2.33,1.8,3.08,0.901,565
2024-04-27T00:00:00.000Z,1.1,12.8,3.17,2.4,3.95,1.428,583
2024-04-28T00:00:00.000Z,1.12,77.38,2.52,2,3.17,3.328,587
2024-04-29T00:00:00.000Z,0.83,7.03,2.1,1.67,2.83,0.886,583
2024-04-30T00:00:00.000Z,1.12,6.97,2.2,1.83,2.8,0.799,588
2024-05-01T00:00:00.000Z,2.02,23.02,5.05,3.77,6.4,1.91,547
2024-05-02T00:00:00.000Z,0.5,10.9,1.77,1.2,2.6,1.267,585
2024-05-03T00:00:00.000Z,0.2,10.73,2,1,3.2,1.559,584
2024-05-04T00:00:00.000Z,0.3,5.09,1.53,0.83,2.74,1.205,369
2024-05-05T00:00:00.000Z,0.3,6.53,1.7,1.2,1.93,0.727,471
2024-05-06T00:00:00.000Z,0.4,26.7,2,1.17,2.6,1.377,583
2024-05-07T00:00:00.000Z,0.9,16.53,3.91,2.52,5,1.777,586
2024-05-08T00:00:00.000Z,0.4,13.2,2.7,1.73,4.23,2.387,583
2024-05-09T00:00:00.000Z,0.2,2.7,0.7,0.5,1,0.361,584
2024-05-10T00:00:00.000Z,0.7,7.5,2.2,1.47,3.8,1.35,584
2024-05-11T00:00:00.000Z,1.9,5.2,3.93,3.16,4.26,0.719,584
2024-05-12T00:00:00.000Z,3.1,9.9,5.12,4.23,6.3,1.21,578
2024-05-13T00:00:00.000Z,4.83,29.77,7.9,6.93,9.23,2.241,577
2024-05-14T00:00:00.000Z,2.9,29.63,5.3,4.4,11.97,4.967,585
2024-05-15T00:00:00.000Z,0.1,16.3,4,2.6,5.2,2.223,582
2024-05-16T00:00:00.000Z,0.2,30.1,1.5,0.9,2.57,2.027,574
2024-05-17T00:00:00.000Z,0.4,11.43,2.2,1.43,3.49,1.576,585
2024-05-18T00:00:00.000Z,0.8,7.4,2.13,1.47,2.5,0.801,584
2024-05-19T00:00:00.000Z,0.87,6.43,2.87,2.33,3.6,0.837,588
2024-05-20T00:00:00.000Z,1.5,12.07,4.5,3.6,5.2,1.153,589
2024-05-21T00:00:00.000Z,0.93,34.5,3.13,2.2,4.93,2.631,585
2024-05-22T00:00:00.000Z,0.1,4.03,0.9,0.56,1.53,0.65,585
2024-05-23T00:00:00.000Z,0.1,13.9,1.47,0.9,2.73,1.307,589
2024-05-24T00:00:00.000Z,0.4,8.9,2.43,1.47,3.67,1.592,580
2024-05-25T00:00:00.000Z,0.4,21.9,2.58,1.93,4.53,2.217,583
2024-05-26T00:00:00.000Z,0.3,4.03,1.53,0.9,2.1,0.753,583
2024-05-27T00:00:00.000Z,1.5,6.5,3.37,2.8,4.19,0.992,585
2024-05-28T00:00:00.000Z,0.55,8.19,1.9,1.3,4.48,1.97,585
2024-05-29T00:00:00.000Z,0.4,2.63,1.38,1.1,1.8,0.467,590
2024-05-30T00:00:00.000Z,0.17,9.98,2.24,1.37,4.63,2.213,584
2024-05-31T00:00:00.000Z,0.1,15.77,0.5,0.3,0.97,0.983,588
2024-06-01T00:00:00.000Z,0.1,3.7,0.63,0.4,0.93,0.473,557
2024-06-02T00:00:00.000Z,0.32,8.5,1.12,0.8,1.74,0.707,584
2024-06-03T00:00:00.000Z,0.3,3.7,1.3,1,1.7,0.622,586
2024-06-04T00:00:00.000Z,0.28,4.9,1.66,1.1,2.63,0.947,580
2024-06-05T00:00:00.000Z,1.35,8.93,4.24,3.2,5.09,1.475,584
2024-06-06T00:00:00.000Z,2.93,9.23,5.37,4.33,6.3,1.249,580
2024-06-07T00:00:00.000Z,4.59,12.13,7.3,6.67,7.88,1.096,580
2024-06-08T00:00:00.000Z,6.43,18.27,10.19,8.6,12.7,2.541,579
2024-06-09T00:00:00.000Z,5.85,16.64,7.97,7.33,9.17,1.764,572
2024-06-10T00:00:00.000Z,1,11.1,4.26,3.3,5.09,1.748,577
2024-06-11T00:00:00.000Z,0.4,4.73,1.27,0.97,1.63,0.572,579
2024-06-12T00:00:00.000Z,0.1,4.2,0.4,0.28,0.7,0.539,584
2024-06-13T00:00:00.000Z,0.1,1.23,0.67,0.5,0.8,0.221,578
2024-06-14T00:00:00.000Z,0.63,3.93,2.4,1.6,3.03,0.814,576
2024-06-15T00:00:00.000Z,1.2,15.6,6.4,4.9,7.22,2.614,514
2024-06-16T00:00:00.000Z,0.7,7.13,3.25,2.4,4.43,1.262,580
2024-06-17T00:00:00.000Z,2.93,10.43,5.2,4.2,6.03,1.261,579
2024-06-18T00:00:00.000Z,2.45,8,4.09,3.4,5.7,1.345,578
2024-06-19T00:00:00.000Z,2.7,8.33,4.97,4.2,5.79,1.02,576
2024-06-20T00:00:00.000Z,4.05,9.67,6.6,5.95,7.53,1.077,566
2024-06-21T00:00:00.000Z,1.37,16.27,6.84,5.77,8.18,2.224,578
2024-06-22T00:00:00.000Z,1.35,7.7,4.07,3.47,4.53,1.016,573
2024-06-23T00:00:00.000Z,0.5,8.15,1.7,1.17,2.5,0.883,568
2024-06-24T00:00:00.000Z,2.2,4.82,3.37,3.01,3.78,0.495,573
2024-06-25T00:00:00.000Z,1.9,9.13,4.09,2.9,5.42,1.661,584
2024-06-26T00:00:00.000Z,0.4,2.93,1.4,1,1.97,0.574,585
2024-06-27T00:00:00.000Z,1.1,3.3,2.17,1.9,2.4,0.376,583
2024-06-28T00:00:00.000Z,2.13,10.17,3.9,3.21,5.55,1.93,561
2024-06-29T00:00:00.000Z,7.17,17.37,10.59,9.69,12.57,2.289,588
2024-06-30T00:00:00.000Z,2.1,12.43,4.57,3.43,8.83,2.963,578
2024-07-01T00:00:00.000Z,0.65,11.2,2.54,1.4,4.4,1.688,569
2024-07-02T00:00:00.000Z,0.2,4.59,1,0.66,1.4,0.68,573
2024-07-03T00:00:00.000Z,0.77,6.5,1.6,1.37,1.93,0.656,581
2024-07-04T00:00:00.000Z,0.2,3.87,0.77,0.56,1.43,0.617,579
2024-07-05T00:00:00.000Z,1.42,5.2,2.7,2.29,3.83,0.936,576
2024-07-06T00:00:00.000Z,2.29,7.47,4.4,3.1,5.3,1.214,565
2024-07-07T00:00:00.000Z,3.33,8.77,5.07,4.59,5.43,0.625,585
2024-07-08T00:00:00.000Z,4.87,16.13,7.43,6.72,8.83,1.625,577
2024-07-09T00:00:00.000Z,6.77,13.13,9.93,8.56,11.17,1.54,581
2024-07-10T00:00:00.000Z,7.85,16.52,12.23,11.05,13.27,1.705,552
2024-07-11T00:00:00.000Z,8.94,17.13,13.22,12.1,14.8,1.804,538
2024-07-12T00:00:00.000Z,0.6,17.85,3.62,2.7,13.9,5.643,584
2024-07-13T00:00:00.000Z,1.6,7.27,4.3,3.39,5,1.141,585
2024-07-14T00:00:00.000Z,2.33,7.35,5.47,4.62,5.97,0.958,584
2024-07-15T00:00:00.000Z,3.78,8.3,6.27,5.5,6.63,0.874,550
2024-07-16T00:00:00.000Z,3.15,8.77,5.4,4.7,6.07,0.998,561
2024-07-17T00:00:00.000Z,4.88,9.68,7.09,6.33,7.79,0.952,576
2024-07-18T00:00:00.000Z,5.25,10.33,7.97,7.35,8.49,0.961,548
2024-07-19T00:00:00.000Z,3.83,13,9.22,5.68,10.19,2.458,578
2024-07-20T00:00:00.000Z,2.83,7,4.37,3.86,5,0.864,584
2024-07-21T00:00:00.000Z,3.33,9.43,6.5,5.34,7.69,1.427,569
2024-07-22T00:00:00.000Z,1.1,18.32,6,3.88,6.56,1.915,344
2024-07-28T00:00:00.000Z,6.6,13,10.02,8.9,11.35,1.564,93
2024-07-29T00:00:00.000Z,3.77,8.88,5.77,4.78,6.7,1.123,330
2024-07-30T00:00:00.000Z,4.09,22.1,6.87,6.2,7.83,1.465,532
2024-07-31T00:00:00.000Z,6.6,13.13,9.47,8.31,10.33,1.312,524
2024-08-01T00:00:00.000Z,3.97,11.13,6.53,5.55,7.57,1.416,546
2024-08-02T00:00:00.000Z,2.29,8.13,3.73,3,4.43,0.916,578
2024-08-03T00:00:00.000Z,2.33,8.1,3.47,3.17,3.9,0.602,564
2024-08-04T00:00:00.000Z,2.6,9.73,4.09,3.7,4.59,0.671,541
2024-08-05T00:00:00.000Z,3.33,7.2,5,4.43,5.4,0.639,528
2024-08-06T00:00:00.000Z,2.72,27.02,6.45,5.8,7.32,1.564,524
2024-08-07T00:00:00.000Z,1.52,16,4.45,3.2,6.03,1.601,547
2024-08-08T00:00:00.000Z,2.8,6.2,3.91,3.47,4.84,0.879,536
2024-08-09T00:00:00.000Z,3.83,8.5,5.72,5.18,6.22,0.812,514
2024-08-10T00:00:00.000Z,3.63,8.35,6.37,5.72,6.9,0.755,502
2024-08-11T00:00:00.000Z,5.68,10.17,8.3,7.43,8.93,1.014,354
2024-08-21T00:00:00.000Z,4.25,7.47,5.93,5.18,6.47,0.763,337
2024-08-22T00:00:00.000Z,6.6,12.95,9.77,8.73,10.73,1.283,536
2024-08-23T00:00:00.000Z,9.05,22.2,12.4,11.4,13.18,1.406,549
2024-08-24T00:00:00.000Z,6.8,15.6,9.72,8.38,13.27,2.579,540
2024-08-25T00:00:00.000Z,4.47,17.07,9.82,9.13,10.76,2.001,524
2024-08-26T00:00:00.000Z,2.29,11.4,4.47,3.7,8.59,2.605,548
2024-08-27T00:00:00.000Z,3.95,12.32,6.5,5.53,10.3,2.488,533
2024-08-28T00:00:00.000Z,6.9,14,10.21,8.63,12,1.856,542
2024-08-29T00:00:00.000Z,5.05,12.53,9.69,8.65,10.44,1.653,525
2024-08-30T00:00:00.000Z,6.47,12.77,9.97,9.13,10.47,1.138,518
2024-08-31T00:00:00.000Z,6.43,13.43,10.23,8.93,11.45,1.562,527
2024-09-01T00:00:00.000Z,4.93,10.93,8.19,6.83,9.36,1.452,542
2024-09-02T00:00:00.000Z,4.07,11.67,8.34,6.86,9.82,1.753,540
2024-09-03T00:00:00.000Z,5.47,16.23,8.73,7.47,9.41,1.389,544
2024-09-04T00:00:00.000Z,3.67,13.5,9.63,8.66,10.56,1.899,540
2024-09-05T00:00:00.000Z,3.6,19.38,9.44,5.15,10.6,3.16,546
2024-09-06T00:00:00.000Z,0.7,8.18,2.52,1.8,4.4,1.766,535
2024-09-07T00:00:00.000Z,1.3,6.35,2.95,2.47,3.3,0.739,471
2024-09-08T00:00:00.000Z,3.07,13.35,4.83,4.15,5.93,1.801,386
2024-09-09T00:00:00.000Z,0.1,13.57,0.32,0.2,0.47,0.855,342
2024-09-10T00:00:00.000Z,0.1,2.06,0.5,0.4,0.65,0.237,522
2024-09-11T00:00:00.000Z,0.43,2.42,1.3,1,1.58,0.397,546
2024-09-12T00:00:00.000Z,0.1,5.13,0.4,0.27,1.87,1.032,555
2024-09-13T00:00:00.000Z,0.1,1.63,0.2,0.2,0.3,0.164,514
2024-09-14T00:00:00.000Z,0.1,2.42,0.2,0.2,0.3,0.197,561
2024-09-15T00:00:00.000Z,0.1,3.33,0.8,0.5,1,0.361,545
2024-09-16T00:00:00.000Z,0.1,87.9,0.47,0.35,0.6,3.774,556
2024-09-17T00:00:00.000Z,0.1,23.27,0.87,0.43,1.79,1.408,553
2024-09-18T00:00:00.000Z,0.45,7.77,2.2,1.63,3.5,1.315,539
2024-09-19T00:00:00.000Z,1.17,61,4.63,3.6,6.02,4.231,544
2024-09-20T00:00:00.000Z,2.97,15.35,7.47,6.4,8.73,1.615,543
2024-09-21T00:00:00.000Z,4.84,16.2,8.27,7.25,9.88,1.873,559
2024-09-22T00:00:00.000Z,2.17,11.63,7.3,6.6,7.8,1.166,555
2024-09-23T00:00:00.000Z,2.4,33.79,9.43,7.85,12.13,5.059,527
2024-09-24T00:00:00.000Z,0.5,16.2,2.8,1.2,3.8,2.068,453
2024-09-25T00:00:00.000Z,1,18.05,4.2,3.3,4.84,1.383,549
2024-09-26T00:00:00.000Z,2.1,46.57,6.7,5.03,8.19,3.432,556
2024-09-27T00:00:00.000Z,1.17,9.69,2.29,1.92,3,0.992,411
2024-09-28T00:00:00.000Z,0.1,6.63,0.5,0.3,0.75,0.572,394
2024-09-29T00:00:00.000Z,0.1,55.2,0.6,0.3,1.38,2.839,553
2024-09-30T00:00:00.000Z,0.4,102.1,1.75,1.23,2.77,4.569,555
2024-10-01T00:00:00.000Z,0.4,222.02,3.77,2.17,5.9,9.9,549
2024-10-02T00:00:00.000Z,0.97,27.7,6.56,3.5,9.3,3.916,554
2024-10-03T00:00:00.000Z,0.1,156.82,1.97,0.95,3,7.078,546
2024-10-04T00:00:00.000Z,0.1,16.23,0.8,0.4,1.9,1.608,486
2024-10-05T00:00:00.000Z,0.2,16.92,2.4,1.3,3.8,2.077,559
2024-10-06T00:00:00.000Z,0.4,29.2,2.1,1.37,3.5,2.671,551
2024-10-07T00:00:00.000Z,0.63,30.97,5.28,2.9,12.45,5.833,562
2024-10-08T00:00:00.000Z,1.65,79.28,9.86,5.71,13.62,7.883,561
2024-10-09T00:00:00.000Z,0.35,32.25,3,1.72,6.54,3.439,560
2024-10-10T00:00:00.000Z,0.1,19.87,2.5,1.59,3.79,2.429,560
2024-10-11T00:00:00.000Z,0.13,19.87,1.27,0.73,2.45,1.922,560
2024-10-12T00:00:00.000Z,0.2,9.9,2.39,1.6,4.13,1.955,574
2024-10-13T00:00:00.000Z,0.56,25.65,3.03,2.23,4.7,3.179,561
2024-10-14T00:00:00.000Z,0.77,66.56,5.83,3.5,9.5,5.628,559
2024-10-15T00:00:00.000Z,0.87,57.78,4.97,3.29,6.95,5.146,537
2024-10-16T00:00:00.000Z,0.93,65.05,12.41,4.62,30.04,15.05,576
2024-10-17T00:00:00.000Z,4.4,38.54,17.07,14.75,19.36,3.455,549
2024-10-18T00:00:00.000Z,1.23,30.7,10.65,8,12.51,3.877,565
2024-10-19T00:00:00.000Z,1,71.43,13.44,6.45,20.56,8.862,532
2024-10-20T00:00:00.000Z,7.68,26.27,14.02,10.27,16.07,3.926,290
2024-10-21T00:00:00.000Z,3.3,21.15,13.07,12.07,15.82,2.607,562
2024-10-22T00:00:00.000Z,2.7,23.53,13.5,12.25,14.87,2.725,555
2024-10-23T00:00:00.000Z,4.17,34.1,18.66,14.9,20.73,3.681,478
2024-10-24T00:00:00.000Z,3.2,42.33,16.82,13.4,19.35,4.604,553
2024-10-25T00:00:00.000Z,1.8,30.8,13.57,11.4,19.43,5.511,511
2024-10-26T00:00:00.000Z,3.07,47.13,14.23,12.32,15.45,3.401,546
2024-10-27T00:00:00.000Z,2.5,43.58,14.44,13.7,15.47,3.006,422
2024-10-28T00:00:00.000Z,2.95,41.1,15.98,14.82,17.87,3.812,535
2024-10-29T00:00:00.000Z,2.23,29.37,14.7,12.3,16.97,5.398,551
2024-10-30T00:00:00.000Z,2.17,19.63,13.15,5.05,14.87,4.977,548
2024-10-31T00:00:00.000Z,1.53,53,11.72,4.2,13.88,5.578,558
2024-11-01T00:00:00.000Z,1.73,29.35,10.9,3.58,12.8,5.302,537
2024-11-02T00:00:00.000Z,1.25,23.13,5.85,2.89,11.27,5.003,528
2024-11-03T00:00:00.000Z,1.25,30.1,5.33,3.1,10.6,4.81,519
2024-11-04T00:00:00.000Z,1.5,50.67,4,2.9,9.64,5.49,461
2024-11-05T00:00:00.000Z,1.23,38.13,3.9,2.37,5.97,4.077,371
2024-11-06T00:00:00.000Z,1,21.5,3.72,2.45,6.06,3.555,369
2024-11-07T00:00:00.000Z,1.15,11.57,2.45,1.77,3.97,1.848,223