date, pm25, pm10, no2, so2
2025/11/2, 49, 3, 8, 
2025/11/3, 8, 9, 1, 
2025/11/4, 25, 13, 9, 
2025/11/5, 42, 16, 6, 
2025/11/6, 54, 12, 5, 
2025/11/7, 43, 18, 5, 
2025/11/8, 59, 9, 8, 
2025/11/9, 36, 10, 4, 
2025/11/10, 38, 10, 6, 
2025/11/11, 34, 17, 5, 
2025/11/12, 55, , 12, 
2025/10/2, 33, 11, 2, 
2025/10/3, 38, 13, 6, 
2025/10/4, 41, 3, 1, 
2025/10/5, 9, 3, 2, 
2025/10/6, 12, 3, 1, 
2025/10/7, 11, 9, 2, 
2025/10/8, 32, 8, 2, 
2025/10/9, 28, 7, 1, 
2025/10/10, 23, 9, 2, 
2025/10/11, 34, 8, 1, 
2025/10/12, 28, 9, 2, 
2025/10/13, 30, 10, 2, 
2025/10/14, 33, 9, 2, 
2025/10/15, 30, 6, 3, 
2025/10/16, 24, 9, 3, 
2025/10/17, 26, 6, 2, 
2025/10/18, 25, 6, 3, 
2025/10/19, 20, 16, 4, 
2025/10/20, 36, 24, 7, 
2025/10/21, 56, 15, 5, 
2025/10/22, 49, 13, 6, 
2025/10/23, 34, 3, 1, 
2025/10/24, 7, 2, 1, 
2025/10/25, 7, 2, 1, 
2025/10/26, 7, 2, 1, 
2025/10/27, 7, 3, 2, 
2025/10/28, 11, 7, 4, 
2025/10/29, 20, 8, 4, 
2025/10/30, 26, 4, 3, 
2025/10/31, 12, , 4, 
2025/7/1, 18, 16, 5, 
2025/7/2, 20, 13, 4, 
2025/7/3, 23, 11, 1, 
2025/7/4, 36, 14, 2, 
2025/7/5, 30, 10, 2, 
2025/7/6, 26, 6, 1, 
2025/7/7, 20, 3, 1, 
2025/7/8, 12, 8, 1, 
2025/7/9, 21, 6, 2, 
2025/7/10, 21, 6, 1, 
2025/7/11, 18, 6, 2, 
2025/7/12, 17, 8, 3, 
2025/7/13, 22, 6, 1, 
2025/7/14, 18, 7, 1, 
2025/7/15, 19, 11, 1, 
2025/7/16, 34, 5, 1, 
2025/7/17, 15, 6, 1, 
2025/7/18, 21, 8, 2, 
2025/7/19, 21, 9, 2, 
2025/7/20, 23, 10, 2, 
2025/7/21, 25, 5, 1, 
2025/7/22, 9, 7, 2, 
2025/7/23, 13, 10, 3, 
2025/7/24, 21, 9, 2, 
2025/7/25, 29, 10, 1, 
2025/7/26, 39, 11, 1, 
2025/7/27, 37, 7, 1, 
2025/7/28, 22, 8, 1, 
2025/7/29, 25, 6, 1, 
2025/7/30, 18, 7, 1, 
2025/7/31, 21, 5, 1, 
2025/8/1, 14, 4, 1, 
2025/8/2, 13, 5, 1, 
2025/8/3, 17, 51, 1, 
2025/8/4, 139, 60, 1, 
2025/8/5, 92, 7, 1, 
2025/8/6, 15, 10, 4, 
2025/8/7, 21, 12, 5, 
2025/8/8, 28, 14, 3, 
2025/8/9, 29, 16, 1, 
2025/8/10, 38, 13, 1, 
2025/8/11, 31, 18, 3, 
2025/8/12, 31, 22, 5, 
2025/8/13, 40, 21, 4, 
2025/8/14, 38, 17, 2, 
2025/8/15, 34, 18, 2, 
2025/8/16, 47, 14, 1, 
2025/8/17, 42, 10, 1, 
2025/8/18, 16, 13, 3, 
2025/8/19, 21, 16, 3, 
2025/8/20, 25, 16, 4, 
2025/8/21, 44, 11, 1, 
2025/8/22, 31, 6, 1, 
2025/8/23, 13, 3, 1, 
2025/8/24, 9, 4, 1, 
2025/8/25, 13, 9, 3, 
2025/8/26, 21, 17, 5, 
2025/8/27, 36, 20, 4, 
2025/8/28, 44, 9, 3, 
2025/8/29, 26, 4, 1, 
2025/8/30, 12, 5, 1, 
2025/8/31, 16, 9, 4, 
2025/9/1, 25, 5, 2, 
2025/9/2, 17, 4, 1, 
2025/9/3, 10, 9, 5, 
2025/9/4, 17, 4, 1, 
2025/9/5, 10, 3, 1, 
2025/9/6, 12, 5, 1, 
2025/9/7, 19, 9, 1, 
2025/9/8, 33, 12, 3, 
2025/9/9, 31, 13, 4, 
2025/9/10, 41, 5, 1, 
2025/9/11, 16, 5, 4, 
2025/9/12, 15, 8, 2, 
2025/9/13, 27, 6, 1, 
2025/9/14, 20, 7, 5, 
2025/9/15, 15, 5, 1, 
2025/9/16, 13, 6, 2, 
2025/9/17, 14, 6, 2, 
2025/9/18, 14, 8, 3, 
2025/9/19, 17, 11, 5, 
2025/9/20, 25, 8, 2, 
2025/9/21, 18, 12, 3, 
2025/9/22, 31, 8, 2, 
2025/9/23, 23, 6, 1, 
2025/9/24, 22, , , 
2025/4/1, 48, 19, 3, 
2025/4/2, 61, 16, 2, 
2025/4/3, 40, 12, 4, 
2025/4/4, 30, 9, 1, 
2025/4/5, 27, 15, , 
2025/4/6, 20, 5, 1, 
2025/4/7, 12, 8, 2, 
2025/4/8, 22, 8, 2, 
2025/4/9, 24, 11, 1, 
2025/4/10, 32, 14, 2, 
2025/4/11, 37, 12, 2, 
2025/4/12, 38, 15, 3, 
2025/4/13, 44, 19, 6, 
2025/4/14, 47, 11, 2, 
2025/4/15, 37, 14, 3, 
2025/4/16, 30, 19, 3, 
2025/4/17, 37, 8, 2, 
2025/4/18, 30, 5, 2, 
2025/4/19, 13, 9, 2, 
2025/4/20, 35, 9, 2, 
2025/4/21, 23, 6, 1, 
2025/4/22, 19, 9, 2, 
2025/4/23, 24, 7, 3, 
2025/4/24, 22, 4, 1, 
2025/4/25, 15, 12, 1, 
2025/4/26, 35, 10, 3, 
2025/4/27, 32, 13, 5, 
2025/4/28, 35, 15, 4, 
2025/4/29, 41, 11, 1, 
2025/4/30, 26, 11, 2, 
2025/5/1, 29, 13, 4, 
2025/5/2, 28, 14, 3, 
2025/5/3, 34, 9, 1, 
2025/5/4, 26, 11, 1, 
2025/5/5, 35, 11, 2, 
2025/5/6, 37, 12, 2, 
2025/5/7, 40, 11, 2, 
2025/5/8, 26, 9, 1, 
2025/5/9, 24, 9, 2, 
2025/5/10, 25, 6, 1, 
2025/5/11, 20, 8, 1, 
2025/5/12, 23, 9, 1, 
2025/5/13, 22, 12, 3, 
2025/5/14, 28, 11, 2, 
2025/5/15, 24, 5, 1, 
2025/5/16, 14, 7, 1, 
2025/5/17, 23, 4, 1, 
2025/5/18, 15, 6, 1, 
2025/5/19, 18, 9, 2, 
2025/5/20, 29, 14, 5, 
2025/5/21, 40, 8, 2, 
2025/5/22, 25, 9, 1, 
2025/5/23, 23, 7, 1, 
2025/5/24, 17, 6, 2, 
2025/5/25, 17, 6, 1, 
2025/5/26, 20, 9, 1, 
2025/5/27, 26, 7, 1, 
2025/5/28, 16, 4, 1, 
2025/5/29, 11, 8, 2, 
2025/5/30, 25, 8, 2, 
2025/5/31, 19, 10, 3, 
2025/6/1, 31, 9, 1, 
2025/6/2, 25, 6, 2, 
2025/6/3, 17, 14, 3, 
2025/6/4, 34, 8, 1, 
2025/6/5, 16, 9, 2, 
2025/6/6, 20, 5, , 
2025/6/7, 13, 7, 1, 
2025/6/8, 28, 7, 1, 
2025/6/9, 22, 15, 3, 
2025/6/10, 42, 16, 2, 
2025/6/11, 47, 10, 1, 
2025/6/12, 32, 9, 1, 
2025/6/13, 24, 11, 3, 
2025/6/14, 24, 12, 4, 
2025/6/15, 28, 6, 1, 
2025/6/16, 17, 8, 1, 
2025/6/17, 23, 10, 1, 
2025/6/18, 33, 12, 1, 
2025/6/19, 36, 10, 1, 
2025/6/20, 19, 9, 1, 
2025/6/21, 19, 10, 4, 
2025/6/22, 24, 15, 6, 
2025/6/23, 37, 11, 4, 
2025/6/24, 29, 8, 3, 
2025/6/25, 15, 16, 6, 
2025/6/26, 28, 8, 2, 
2025/6/27, 22, 6, 1, 
2025/6/28, 18, 6, 1, 
2025/6/29, 15, 8, 1, 
2025/6/30, 16, 10, 1, 
2025/1/1, 95, 23, 10, 1
2025/1/2, 73, 6, 2, 
2025/1/3, 21, 10, 5, 
2025/1/4, 33, 17, 7, 1
2025/1/5, 62, 22, 8, 1
2025/1/6, 69, 4, 5, 1
2025/1/7, 19, 4, 6, 1
2025/1/8, 11, 14, 13, 2
2025/1/9, 50, 4, 2, 1
2025/1/10, 12, 8, 3, 1
2025/1/11, 30, 6, 1, 
2025/1/12, 23, 7, 1, 
2025/1/13, 23, 17, 10, 
2025/1/14, 52, 13, 7, 
2025/1/15, 52, 12, 5, 
2025/1/16, 48, 18, 3, 
2025/1/17, 64, 19, 1, 
2025/1/18, 65, 19, , 
2025/1/19, 64, 17, 1, 
2025/1/20, 60, 19, 1, 
2025/1/21, 64, 16, 2, 
2025/1/22, 57, 13, 3, 
2025/1/23, 49, 10, 10, 
2025/1/24, 37, 16, 6, 
2025/1/25, 54, 10, 5, 
2025/1/26, 36, 14, 10, 
2025/1/27, 46, 7, 4, 
2025/1/28, 19, 6, 8, 
2025/1/29, 14, 15, 12, 
2025/1/30, 47, 7, 3, 
2025/1/31, 27, 8, 4, 
2025/2/1, 32, 14, 3, 
2025/2/2, 53, 13, 2, 
2025/2/3, 51, 22, 12, 
2025/2/4, 65, 19, 7, 
2025/2/5, 64, 12, 4, 
2025/2/6, 44, 30, 6, 
2025/2/7, 90, 22, 4, 
2025/2/8, 69, 23, 5, 
2025/2/9, 72, 21, 9, 
2025/2/10, 62, 26, 7, 
2025/2/11, 63, 26, 6, 
2025/2/12, 77, 27, 7, 
2025/2/13, 73, 19, 4, 
2025/2/14, 66, 8, 1, 
2025/2/15, 30, 9, 2, 
2025/2/16, 38, 24, 7, 
2025/2/17, 73, 19, 4, 
2025/2/18, 63, 23, 7, 
2025/2/19, 69, 25, 7, 
2025/2/20, 72, 25, 7, 
2025/2/21, 69, 30, 6, 
2025/2/22, 85, 34, 17, 
2025/2/23, 97, 36, 19, 
2025/2/24, 96, 34, 10, 
2025/2/25, 89, 12, 4, 
2025/2/26, 42, 10, 4, 
2025/2/27, 37, 7, 2, 
2025/2/28, 29, , , 
2025/3/3, 28, 22, 10, 
2025/3/4, 56, 30, 11, 
2025/3/5, 73, 23, 11, 
2025/3/6, 55, 19, 7, 
2025/3/7, 48, 24, 7, 
2025/3/8, 61, 36, 6, 
2025/3/9, 83, 19, 6, 
2025/3/10, 44, 14, 9, 
2025/3/11, 36, 13, 8, 
2025/3/12, 35, 6, 2, 
2025/3/13, 23, 10, 5, 
2025/3/14, 40, 13, 2, 
2025/3/15, 51, 13, 2, 
2025/3/16, 51, 8, 2, 
2025/3/17, 40, 7, 2, 
2025/3/18, 23, 12, 7, 
2025/3/19, 42, 15, 9, 
2025/3/20, 47, 23, 10, 
2025/3/21, 62, 21, 7, 
2025/3/22, 62, 8, 3, 
2025/3/23, 25, 8, 3, 
2025/3/24, 27, 14, 2, 
2025/3/25, 52, 14, 2, 
2025/3/26, 51, 12, 2, 
2025/3/27, 43, 20, 4, 
2025/3/28, 66, 8, 4, 
2025/3/29, 32, 14, 2, 
2025/3/30, 51, 3, 1, 
2025/3/31, 13, 12, 1, 
2024/10/1, 39, 11, 5, 
2024/10/2, 41, 7, 1, 
2024/10/3, 25, 6, 1, 
2024/10/4, 23, 5, 1, 
2024/10/5, 18, 8, 1, 
2024/10/6, 29, 15, 9, 
2024/10/7, 48, 11, 5, 
2024/10/8, 30, 4, 3, 
2024/10/9, 13, 4, 2, 
2024/10/10, 11, 4, 1, 
2024/10/11, 13, 8, 2, 
2024/10/12, 28, 7, 4, 
2024/10/13, 27, 8, 5, 
2024/10/14, 20, 9, 3, 
2024/10/15, 30, 11, 4, 
2024/10/16, 36, 13, 3, 5
2024/10/17, 40, 15, 3, 1
2024/10/18, 43, , , 
2024/10/20, 41, 21, 6, 
2024/10/21, 57, 33, 13, 
2024/10/22, 78, 22, 3, 
2024/10/23, 64, 17, 6, 
2024/10/24, 49, 27, 4, 1
2024/10/25, 75, 31, 5, 
2024/10/26, 81, 29, 3, 
2024/10/27, 74, 17, 5, 
2024/10/28, 50, 18, 10, 
2024/10/29, 49, 14, 3, 
2024/10/30, 45, 15, 3, 
2024/10/31, 51, 17, 4, 
2024/11/1, 52, 12, 2, 
2024/11/2, 43, 12, 5, 
2024/11/3, 43, 11, 2, 
2024/11/4, 39, 19, 8, 
2024/11/5, 58, 30, 11, 
2024/11/6, 78, 41, 11, 
2024/11/7, 100, 43, 11, 
2024/11/8, 106, 47, 11, 
2024/11/9, 118, 40, 7, 
2024/11/10, 111, 34, 14, 
2024/11/11, 90, 22, 5, 
2024/11/12, 73, 12, 4, 
2024/11/13, 47, 11, 4, 
2024/11/14, 45, 9, 4, 
2024/11/15, 35, 13, 8, 
2024/11/16, 45, 14, 6, 
2024/11/17, 54, 3, 2, 
2024/11/18, 11, 20, 10, 1
2024/11/19, 63, 9, 3, 1
2024/11/20, 32, 6, 4, 1
2024/11/21, 17, 6, 2, 
2024/11/22, 23, 6, 4, 
2024/11/23, 21, 13, 12, 
2024/11/24, 47, 20, 10, 
2024/11/25, 65, 13, 4, 
2024/11/26, 48, 22, 15, 
2024/11/27, 65, 7, 7, 
2024/11/28, 27, 5, 2, 
2024/11/29, 18, 11, 2, 
2024/11/30, 45, 18, 12, 
2024/12/1, 63, 20, 13, 
2024/12/2, 65, 19, 15, 1
2024/12/3, 63, 9, 4, 
2024/12/4, 32, 13, 9, 
2024/12/5, 48, 8, 5, 
2024/12/6, 26, 9, 4, 
2024/12/7, 31, 13, 4, 
2024/12/8, 52, 12, 4, 
2024/12/9, 49, 8, 4, 
2024/12/10, 30, 8, 2, 
2024/12/11, 34, 13, 3, 
2024/12/12, 49, 15, 5, 
2024/12/13, 55, 15, 5, 
2024/12/14, 55, 5, 2, 
2024/12/15, 21, 2, 2, 
2024/12/16, 7, 5, 2, 1
2024/12/17, 19, 24, 22, 1
2024/12/18, 64, 30, 11, 1
2024/12/19, 83, 3, 1, 
2024/12/20, 10, 5, 4, 
2024/12/21, 20, 6, 7, 1
2024/12/22, 22, 3, 1, 1
2024/12/23, 13, 4, 1, 
2024/12/24, 15, 6, 1, 
2024/12/25, 23, 8, 1, 
2024/12/26, 33, 10, 3, 
2024/12/27, 37, 7, 3, 
2024/12/28, 25, 11, 10, 1
2024/12/29, 40, , , 
2024/7/1, 19, 5, 1, 2
2024/7/2, 14, 4, 1, 2
2024/7/3, 13, 4, 1, 2
2024/7/4, 12, 5, 1, 2
2024/7/5, 12, 13, 3, 2
2024/7/6, 25, 3, 1, 1
2024/7/7, 12, 13, 1, 2
2024/7/8, 32, 21, 2, 2
2024/7/9, 48, 26, 4, 2
2024/7/10, 52, 10, 1, 2
2024/7/11, 31, 12, 3, 2
2024/7/12, 35, 5, 1, 2
2024/7/13, 15, 7, 1, 2
2024/7/14, 17, 13, 3, 2
2024/7/15, 28, 10, 2, 2
2024/7/16, 28, 7, 1, 2
2024/7/17, 19, 9, 1, 2
2024/7/18, 19, 13, 1, 2
2024/7/19, 26, 16, 2, 3
2024/7/20, 32, 14, 1, 2
2024/7/21, 35, 9, 1, 
2024/7/22, 25, 8, 1, 
2024/7/23, 23, 5, 1, 
2024/7/24, 17, 8, 1, 
2024/7/25, 23, 13, 4, 
2024/7/26, 27, 15, 4, 
2024/7/27, 34, 8, 2, 
2024/7/28, 25, 7, 1, 
2024/7/29, 18, 9, 1, 
2024/7/30, 17, 20, 6, 
2024/7/31, 27, 21, 3, 1
2024/8/1, 38, 7, 1, 1
2024/8/2, 22, 9, 1, 1
2024/8/3, 30, 8, 1, 
2024/8/4, 31, 8, 1, 
2024/8/5, 27, 8, 1, 2
2024/8/6, 19, 12, 5, 1
2024/8/7, 29, 6, 1, 
2024/8/8, 19, 7, 1, 
2024/8/9, 22, 9, 1, 
2024/8/10, 23, 7, 1, 
2024/8/11, 18, 16, 3, 1
2024/8/12, 30, 14, 3, 1
2024/8/13, 34, 17, 5, 1
2024/8/14, 35, 6, 1, 
2024/8/15, 16, 13, 2, 1
2024/8/16, 30, 10, 1, 1
2024/8/17, 31, 14, 2, 1
2024/8/18, 42, 6, 1, 1
2024/8/19, 20, 12, 2, 1
2024/8/20, 34, 9, 2, 1
2024/8/21, 35, 12, 3, 1
2024/8/22, 21, 17, 6, 1
2024/8/23, 32, 13, 4, 1
2024/8/24, 34, 11, 2, 1
2024/8/25, 29, 7, 1, 1
2024/8/26, 18, 13, 1, 1
2024/8/27, 32, 22, 5, 1
2024/8/28, 47, 23, 5, 1
2024/8/29, 50, 19, 4, 
2024/8/30, 49, 20, 2, 1
2024/8/31, 47, 19, 3, 1
2024/9/1, 48, 25, 5, 2
2024/9/2, 50, 27, 6, 1
2024/9/3, 48, 33, 6, 2
2024/9/4, 48, 35, 4, 2
2024/9/5, 51, 40, 4, 2
2024/9/6, 57, 20, 4, 1
2024/9/7, 36, 17, 2, 2
2024/9/8, 36, 6, 1, 2
2024/9/9, 22, 5, 1, 2
2024/9/10, 15, 6, 1, 2
2024/9/11, 19, 3, 1, 1
2024/9/12, 10, 1, 1, 1
2024/9/13, 6, 1, 1, 1
2024/9/15, 7, 2, 1, 1
2024/9/16, 6, 6, 1, 1
2024/9/17, 21, 27, 1, 1
2024/9/18, 53, 16, 2, 1
2024/9/19, 48, 19, 4, 1
2024/9/20, 44, 18, 5, 1
2024/9/21, 42, 20, 4, 2
2024/9/22, 43, 20, 7, 2
2024/9/23, 48, 7, 5, 2
2024/9/24, 23, 5, 5, 1
2024/9/25, 15, 14, 8, 2
2024/9/26, 35, 2, 2, 1
2024/9/27, 8, 2, 1, 
2024/9/28, 7, 4, , 
2024/9/29, 14, 8, 6, 1
2024/9/30, 21, 15, 8, 
2024/4/1, 62, 3, 2, 
2024/4/2, 10, 5, 3, 
2024/4/3, 11, 3, 2, 1
2024/4/4, 11, 6, 3, 
2024/4/5, 16, 8, 5, 
2024/4/6, 19, 13, 5, 
2024/4/7, 35, 15, 4, 1
2024/4/8, 29, 18, 3, 1
2024/4/9, 30, , , 
2024/4/11, 25, 12, 2, 
2024/4/12, 31, 14, 2, 
2024/4/13, 35, 11, 2, 
2024/4/14, 27, 9, 3, 
2024/4/15, 25, 5, 2, 
2024/4/16, 13, 5, 1, 
2024/4/17, 18, 8, 1, 
2024/4/18, 26, 7, 1, 
2024/4/19, 26, 3, 1, 
2024/4/20, 9, 7, 1, 
2024/4/21, 26, 10, 2, 
2024/4/22, 39, 15, 2, 1
2024/4/23, 53, 11, 2, 1
2024/4/24, 45, 7, 1, 1
2024/4/25, 23, , , 
2024/4/28, 42, 14, 3, 1
2024/4/29, 22, 16, 4, 1
2024/4/30, 28, 18, 2, 1
2024/5/1, 28, 14, 3, 1
2024/5/2, 26, 7, 3, 
2024/5/3, 20, 8, 1, 
2024/5/4, 25, 8, 2, 1
2024/5/5, 23, 7, 3, 1
2024/5/6, 20, 7, 1, 
2024/5/7, 25, 12, 2, 
2024/5/8, 41, 12, 2, 1
2024/5/9, 28, 12, 2, 1
2024/5/10, 32, 11, 1, 1
2024/5/11, 25, 8, 1, 1
2024/5/12, 26, 10, 3, 1
2024/5/13, 19, 10, 3, 1
2024/5/14, 20, 13, 4, 1
2024/5/15, 23, 14, 4, 1
2024/5/16, 29, 14, 4, 1
2024/5/17, 43, 11, 3, 1
2024/5/18, 36, 5, 2, 1
2024/5/19, 23, 8, 2, 1
2024/5/20, 25, 14, 4, 1
2024/5/21, 44, 8, 2, 1
2024/5/22, 11, 7, 2, 1
2024/5/23, 12, 5, 2, 1
2024/5/24, 14, 10, 5, 1
2024/5/25, 35, 11, 2, 1
2024/5/26, 28, 14, 4, 1
2024/5/27, 31, 8, 2, 1
2024/5/28, 22, 6, 1, 1
2024/5/29, 15, 5, 1, 1
2024/5/30, 15, 8, 4, 1
2024/5/31, 32, 2, 1, 1
2024/6/1, 6, 4, 1, 1
2024/6/2, 14, 11, 1, 1
2024/6/3, 37, 12, 1, 
2024/6/4, 42, 11, 2, 1
2024/6/5, 33, 8, 2, 1
2024/6/6, 23, 8, 2, 1
2024/6/7, 25, 11, 3, 1
2024/6/8, 33, 8, 1, 1
2024/6/9, 23, 11, 2, 2
2024/6/10, 36, 8, 1, 1
2024/6/11, 18, 4, 1, 1
2024/6/12, 12, 6, 1, 1
2024/6/13, 19, 8, 3, 1
2024/6/14, 22, 11, 2, 1
2024/6/15, 28, 5, 2, 1
2024/6/16, 13, 8, 4, 1
2024/6/17, 19, 11, 3, 1
2024/6/18, 25, 18, 4, 1
2024/6/19, 46, 12, 2, 1
2024/6/20, 24, 23, 3, 2
2024/6/21, 47, 6, 1, 2
2024/6/22, 17, 7, 1, 2
2024/6/23, 20, 9, 1, 1
2024/6/24, 25, 14, 3, 2
2024/6/25, 34, 18, 4, 2
2024/6/26, 44, 16, 2, 2
2024/6/27, 47, 10, 1, 
2024/6/28, 33, 14, 3, 2
2024/6/29, 39, 17, 1, 2
2024/6/30, 40, 6, 1, 2
2024/1/1, 17, 9, 11, 2
2024/1/2, 29, 3, 2, 2
2024/1/3, 11, 2, 1, 2
2024/1/4, 7, 12, 8, 2
2024/1/5, 42, 13, 5, 2
2024/1/6, 48, 10, 2, 2
2024/1/7, 40, 18, 3, 2
2024/1/8, 62, 28, 9, 3
2024/1/9, 81, 41, 16, 2
2024/1/10, 106, 30, 6, 2
2024/1/11, 88, 30, 11, 2
2024/1/12, 87, 19, 7, 1
2024/1/13, 64, 11, 4, 2
2024/1/14, 39, 9, 3, 2
2024/1/15, 33, 10, 5, 2
2024/1/16, 26, 25, 12, 2
2024/1/17, 73, 21, 13, 2
2024/1/18, 62, 10, 2, 2
2024/1/19, 35, 12, 3, 1
2024/1/20, 44, 14, 11, 1
2024/1/21, 43, 28, 12, 2
2024/1/22, 78, 12, 4, 2
2024/1/23, 38, 4, 4, 2
2024/1/24, 13, 8, 2, 2
2024/1/25, 26, 10, 7, 2
2024/1/26, 35, 6, 2, 2
2024/1/27, 21, 12, 5, 2
2024/1/28, 39, 21, 12, 2
2024/1/29, 65, 22, 8, 3
2024/1/30, 68, 41, 19, 2
2024/1/31, 98, 13, 5, 2
2024/2/1, 43, 8, 2, 2
2024/2/2, 30, 5, 2, 2
2024/2/3, 17, 4, 1, 
2024/2/4, 15, 6, 2, 2
2024/2/5, 15, 9, 2, 2
2024/2/6, 26, 6, 2, 2
2024/2/7, 17, 4, 2, 2
2024/2/8, 10, 20, 13, 3
2024/2/9, 56, 17, 7, 3
2024/2/10, 49, 6, 2, 3
2024/2/11, 20, 4, 2, 3
2024/2/12, 14, 7, 2, 2
2024/2/13, 24, 7, 5, 2
2024/2/14, 27, 15, 11, 2
2024/2/15, 42, 16, 6, 3
2024/2/16, 48, 15, 6, 3
2024/2/17, 46, 10, 3, 2
2024/2/18, 34, 5, 2, 2
2024/2/19, 25, 5, 2, 2
2024/2/20, 18, 9, 7, 2
2024/2/21, 27, 15, 13, 3
2024/2/22, 48, 5, 4, 1
2024/2/23, 19, 7, 5, 
2024/2/24, 19, 10, 6, 
2024/2/25, 35, 8, 5, 
2024/2/26, 26, 13, 7, 
2024/2/27, 37, 17, 4, 
2024/2/28, 59, 27, 6, 
2024/2/29, 71, 36, 7, 1
2024/3/1, 90, 32, 7, 
2024/3/2, 87, 12, 3, 
2024/3/3, 39, 12, 5, 
2024/3/4, 41, 21, 3, 
2024/3/5, 67, 21, 2, 
2024/3/6, 66, 21, 3, 
2024/3/7, 66, 23, 5, 
2024/3/8, 69, 19, 3, 3
2024/3/9, 62, 14, 2, 1
2024/3/10, 48, 9, 2, 1
2024/3/11, 31, 6, 1, 
2024/3/12, 20, 11, 2, 
2024/3/13, 40, 7, 4, 
2024/3/14, 23, 13, 7, 1
2024/3/15, 42, 4, 2, 
2024/3/16, 14, 7, 1, 
2024/3/17, 24, 13, 3, 
2024/3/18, 44, 16, 3, 
2024/3/19, 53, 27, 13, 1
2024/3/20, 65, 22, 10, 
2024/3/21, 54, 15, 3, 1
2024/3/22, 50, 9, 4, 
2024/3/23, 27, 4, 1, 
2024/3/24, 16, 6, 3, 
2024/3/25, 20, 9, 3, 1
2024/3/26, 22, 13, 4, 1
2024/3/27, 32, 3, 3, 1
2024/3/28, 9, 7, 5, 1
2024/3/29, 14, 84, 6, 1
2024/3/30, 102, 63, 3, 1
2024/3/31, 85, 44, 2, 1
2023/10/1, 31, 19, 7, 1
2023/10/2, 42, 24, 7, 1
2023/10/3, 54, 7, 1, 1
2023/10/4, 15, 11, 5, 1
2023/10/5, 26, 11, 2, 1
2023/10/6, 26, 12, 2, 1
2023/10/7, 33, 9, 1, 1
2023/10/8, 17, 11, 4, 1
2023/10/9, 31, 16, 3, 1
2023/10/10, 46, 20, 7, 1
2023/10/11, 50, 18, 5, 1
2023/10/12, 43, 21, 5, 1
2023/10/13, 41, 19, 3, 1
2023/10/14, 48, 5, 1, 1
2023/10/15, 15, 6, 2, 1
2023/10/16, 17, 12, 7, 1
2023/10/17, 32, 20, 6, 3
2023/10/18, 57, 27, 6, 3
2023/10/19, 71, 27, 6, 2
2023/10/20, 56, 11, 5, 2
2023/10/21, 31, 4, 1, 2
2023/10/22, 13, 11, 8, 4
2023/10/23, 32, 19, 8, 2
2023/10/24, 57, 8, 3, 2
2023/10/25, 26, 5, 1, 1
2023/10/26, 17, 6, 4, 2
2023/10/27, 19, 5, 3, 2
2023/10/28, 16, 14, 5, 2
2023/10/29, 44, 15, 8, 2
2023/10/30, 48, 3, 1, 2
2023/10/31, 13, 5, 3, 2
2023/11/1, 15, 8, 4, 2
2023/11/2, 25, 3, 2, 2
2023/11/3, 8, 5, 3, 2
2023/11/4, 16, 4, 3, 
2023/11/5, 14, 4, 2, 2
2023/11/6, 14, 7, 7, 2
2023/11/7, 22, 5, 2, 2
2023/11/8, 16, 12, 8, 2
2023/11/9, 38, 14, 9, 2
2023/11/10, 49, 5, 2, 2
2023/11/11, 20, 7, 4, 2
2023/11/12, 23, 11, 11, 2
2023/11/13, 40, 4, 1, 2
2023/11/14, 13, 3, 1, 1
2023/11/15, 9, 7, 5, 2
2023/11/16, 20, 8, 2, 2
2023/11/17, 28, 7, 2, 1
2023/11/18, 25, 14, 10, 1
2023/11/19, 48, 5, 2, 1
2023/11/20, 15, 6, 3, 2
2023/11/21, 20, 14, 4, 2
2023/11/22, 52, 10, 3, 2
2023/11/23, 36, 3, 1, 2
2023/11/24, 13, 4, 1, 2
2023/11/25, 14, 4, 2, 2
2023/11/26, 16, 8, 6, 2
2023/11/27, 27, 12, 6, 
2023/11/28, 35, , , 
2023/11/30, 67, 17, 8, 2
2023/12/1, 60, 13, 6, 2
2023/12/2, 47, 10, 3, 1
2023/12/3, 43, 17, 9, 2
2023/12/4, 57, 28, 9, 2
2023/12/5, 83, 29, 12, 5
2023/12/6, 85, 14, 5, 2
2023/12/7, 53, 21, 10, 1
2023/12/8, 68, 19, 6, 1
2023/12/9, 64, 10, 5, 2
2023/12/10, 35, 19, 14, 2
2023/12/11, 58, 11, 11, 2
2023/12/12, 33, 18, 11, 2
2023/12/13, 54, 8, 4, 2
2023/12/14, 31, 7, 4, 1
2023/12/15, 27, 12, 4, 1
2023/12/16, 45, 6, 2, 1
2023/12/17, 24, 6, 2, 1
2023/12/18, 11, 26, 17, 2
2023/12/19, 52, 8, 5, 2
2023/12/20, 24, 2, 1, 2
2023/12/21, 8, 3, 1, 2
2023/12/22, 10, 2, 2, 2
2023/12/23, 8, 2, 1, 2
2023/12/24, 7, 3, 1, 2
2023/12/25, 7, 4, 1, 1
2023/12/26, 14, 9, 6, 2
2023/12/27, 30, 20, 10, 2
2023/12/28, 61, 7, 5, 2
2023/12/29, 22, 4, 2, 2
2023/12/30, 15, 22, 8, 2
2023/12/31, 67, 5, 1, 2
2023/7/1, 51, 8, 1, 
2023/7/2, 23, 13, 1, 1
2023/7/3, 40, 12, 1, 
2023/7/4, 31, 10, 3, 
2023/7/5, 24, 9, 1, 
2023/7/6, 19, 11, 1, 
2023/7/7, 24, 14, 4, 
2023/7/8, 29, 15, 3, 
2023/7/9, 33, 16, 3, 
2023/7/10, 40, 19, 2, 
2023/7/11, 45, 13, 2, 
2023/7/12, 26, 7, 1, 
2023/7/13, 18, 11, 2, 
2023/7/14, 22, 14, 3, 
2023/7/15, 29, 11, 2, 
2023/7/16, 27, 10, 1, 
2023/7/17, 28, 18, 3, 
2023/7/18, 29, 11, 1, 
2023/7/19, 27, 11, 2, 
2023/7/20, 23, 14, 5, 
2023/7/21, 30, 8, 1, 
2023/7/22, 19, 8, 2, 
2023/7/23, 22, 15, 3, 
2023/7/24, 31, 6, 1, 
2023/7/25, 18, 5, 1, 
2023/7/26, 15, 6, 2, 
2023/7/27, 17, 7, 1, 
2023/7/28, 18, 4, 1, 
2023/7/29, 13, 4, 1, 
2023/7/30, 13, 8, 1, 
2023/7/31, 18, 9, 5, 
2023/8/1, 28, 6, 1, 
2023/8/2, 15, 7, 4, 
2023/8/3, 16, 5, 2, 
2023/8/4, 15, 5, 1, 
2023/8/5, 17, 4, 1, 
2023/8/6, 13, 4, 1, 
2023/8/7, 11, 4, 1, 
2023/8/8, 15, 6, 3, 
2023/8/9, 16, 5, 1, 
2023/8/10, 15, 6, 1, 
2023/8/11, 19, 10, 3, 
2023/8/12, 28, 13, 4, 1
2023/8/13, 37, 15, 3, 
2023/8/14, 38, 18, 2, 
2023/8/15, 44, 14, 3, 
2023/8/16, 36, 20, 6, 1
2023/8/17, 50, 17, 4, 1
2023/8/18, 51, 19, 5, 1
2023/8/19, 52, 17, 2, 1
2023/8/20, 45, 18, 4, 1
2023/8/21, 38, 20, 4, 1
2023/8/22, 42, 14, 2, 
2023/8/23, 38, 21, 4, 1
2023/8/24, 47, 10, 2, 1
2023/8/25, 21, 9, 2, 1
2023/8/26, 24, 8, 1, 1
2023/8/27, 23, 9, 1, 1
2023/8/28, 23, 4, 1, 1
2023/8/29, 14, 5, 1, 1
2023/8/30, 15, 5, 1, 1
2023/8/31, 17, 7, 3, 
2023/9/1, 17, 6, 3, 1
2023/9/2, 17, 6, 1, 1
2023/9/3, 20, 9, 1, 
2023/9/4, 26, 13, 4, 1
2023/9/5, 32, 17, 8, 1
2023/9/6, 40, 19, 6, 1
2023/9/7, 38, 20, 7, 1
2023/9/8, 41, 21, 6, 1
2023/9/9, 45, 20, 6, 1
2023/9/10, 50, 26, 9, 1
2023/9/11, 55, 32, 7, 2
2023/9/12, 59, 19, 4, 1
2023/9/13, 45, 9, 1, 1
2023/9/14, 29, 11, 3, 1
2023/9/15, 34, 13, 4, 1
2023/9/16, 32, 12, 4, 1
2023/9/17, 34, 18, 4, 
2023/9/18, 42, 4, 1, 1
2023/9/19, 12, 10, 4, 1
2023/9/20, 22, 15, 3, 1
2023/9/21, 34, 8, 2, 1
2023/9/22, 21, 5, 1, 
2023/9/23, 16, 6, 1, 1
2023/9/24, 16, 11, 3, 1
2023/9/25, 30, 22, 6, 2
2023/9/26, 54, 33, 6, 1
2023/9/27, 56, 29, 6, 1
2023/9/28, 51, 22, 5, 1
2023/9/29, 45, 11, 3, 1
2023/9/30, 33, 10, 1, 1
2023/4/1, 6, 3, , 
2023/4/2, 13, 6, , 
2023/4/3, 19, 7, , 
2023/4/4, 24, 9, 1, 
2023/4/5, 27, 12, 1, 
2023/4/6, 39, 19, 2, 
2023/4/7, 57, 9, 2, 
2023/4/8, 31, 14, 1, 
2023/4/9, 51, 16, 1, 
2023/4/10, 55, 11, 5, 
2023/4/11, 34, 8, 4, 
2023/4/12, 18, 5, 2, 
2023/4/13, 16, 1, 1, 
2023/4/14, 6, 2, 2, 
2023/4/15, 6, 6, 1, 
2023/4/16, 20, 11, 1, 
2023/4/17, 39, 9, 2, 
2023/4/18, 31, 12, 1, 
2023/4/19, 40, 16, 4, 
2023/4/20, 52, 22, 6, 
2023/4/21, 52, 20, 6, 
2023/4/22, 46, 14, 2, 
2023/4/23, 35, 5, 1, 
2023/4/24, 14, 5, 1, 
2023/4/25, 14, 9, 1, 
2023/4/26, 27, 14, 6, 
2023/4/27, 33, 17, 5, 
2023/4/28, 42, 9, 3, 
2023/4/29, 31, 12, 1, 
2023/4/30, 42, 11, 2, 
2023/5/1, 32, 13, 2, 
2023/5/2, 47, 14, 1, 
2023/5/3, 48, 11, 2, 
2023/5/4, 35, 17, 6, 
2023/5/5, 42, 5, 1, 
2023/5/6, 16, 13, 1, 
2023/5/7, 48, 11, 1, 
2023/5/8, 37, 14, 4, 
2023/5/9, 32, 13, 3, 
2023/5/10, 27, 16, 3, 
2023/5/11, 32, 9, 3, 
2023/5/12, 32, 16, 3, 
2023/5/13, 51, 12, 3, 
2023/5/14, 41, 4, 1, 
2023/5/15, 14, 11, 1, 
2023/5/16, 36, 6, 1, 
2023/5/17, 21, 11, 1, 
2023/5/18, 35, 11, 3, 
2023/5/19, 38, 18, 3, 
2023/5/20, 53, 17, 2, 
2023/5/21, 47, 18, 4, 
2023/5/22, 47, 17, 3, 
2023/5/23, 49, 9, 1, 
2023/5/24, 27, 15, 1, 
2023/5/25, 46, 16, 1, 
2023/5/26, 48, 15, 1, 
2023/5/27, 36, 12, 1, 
2023/5/28, 33, 12, 1, 
2023/5/29, 25, 14, 1, 
2023/5/30, 30, 14, 2, 
2023/5/31, 29, 14, 2, 
2023/6/1, 27, 15, 2, 
2023/6/2, 35, 11, 1, 
2023/6/3, 25, 14, 3, 
2023/6/4, 32, 17, 5, 1
2023/6/5, 51, 15, 2, 
2023/6/6, 47, 12, 2, 
2023/6/7, 42, 12, 1, 
2023/6/8, 43, 12, 1, 
2023/6/9, 40, 15, 1, 
2023/6/10, 47, 15, 1, 
2023/6/11, 47, 15, 1, 
2023/6/12, 32, 12, 1, 
2023/6/13, 25, 14, 2, 
2023/6/14, 34, 11, 1, 
2023/6/15, 34, 11, 1, 
2023/6/16, 31, 9, 1, 
2023/6/17, 29, 12, 2, 
2023/6/18, 37, 21, 6, 
2023/6/19, 50, 24, 5, 
2023/6/20, 57, 17, 2, 
2023/6/21, 42, 20, 4, 
2023/6/22, 45, 13, 1, 
2023/6/23, 31, 7, 1, 
2023/6/24, 22, 12, 1, 
2023/6/25, 36, 10, 2, 
2023/6/26, 28, 12, 1, 
2023/6/27, 33, 6, 1, 
2023/6/28, 14, 11, 2, 
2023/6/29, 22, 14, 4, 
2023/6/30, 36, 16, 1, 
2023/1/2, 45, 10, 5, 
2023/1/3, 36, 10, 6, 
2023/1/4, 32, 2, , 
2023/1/5, 7, 6, 3, 
2023/1/6, 19, 9, 4, 
2023/1/7, 31, 20, 4, 
2023/1/8, 60, 8, 4, 
2023/1/9, 30, 4, , 
2023/1/10, 11, 9, 9, 
2023/1/11, 21, 5, 2, 
2023/1/12, 16, 12, 10, 
2023/1/13, 32, 6, 3, 
2023/1/14, 25, 7, 4, 
2023/1/15, 28, 5, 5, 
2023/1/16, 16, 11, 8, 
2023/1/17, 30, 8, 4, 
2023/1/18, 20, 12, 3, 
2023/1/19, 44, 14, 3, 
2023/1/20, 50, 8, 1, 
2023/1/21, 30, 12, 2, 
2023/1/22, 47, 15, 4, 
2023/1/23, 54, 15, 4, 
2023/1/24, 53, 14, 2, 
2023/1/25, 49, 13, 5, 
2023/1/26, 45, 15, 2, 
2023/1/27, 52, 16, 2, 
2023/1/28, 52, 11, 1, 
2023/1/29, 42, 11, 2, 
2023/1/30, 37, 5, 1, 
2023/1/31, 16, 4, 1, 
2023/2/1, 14, 2, 1, 
2023/2/2, 9, 2, 1, 
2023/2/3, 9, 3, , 
2023/2/4, 9, 7, , 
2023/2/5, 20, 15, 1, 
2023/2/6, 49, 26, 3, 1
2023/2/7, 71, 26, 10, 
2023/2/8, 70, 25, 8, 
2023/2/9, 66, 24, 6, 
2023/2/10, 65, 24, 5, 
2023/2/11, 68, , , 
2023/2/13, 28, 15, 3, 
2023/2/14, 53, 27, 9, 
2023/2/15, 72, 28, 12, 
2023/2/16, 70, 10, 3, 
2023/2/17, 30, 3, 1, 
2023/2/18, 7, 3, 1, 
2023/2/19, 9, 6, 2, 
2023/2/20, 20, 6, 1, 
2023/2/21, 16, 10, 6, 
2023/2/22, 30, 25, 8, 
2023/2/23, 66, 21, 3, 
2023/2/24, 56, 2, 1, 
2023/2/25, 8, 4, , 
2023/2/26, 15, 7, 1, 
2023/2/27, 21, 19, 6, 
2023/2/28, 58, 31, 8, 1
2023/3/1, 76, 37, 12, 2
2023/3/2, 85, 35, 5, 1
2023/3/3, 85, 23, 4, 
2023/3/4, 68, 12, 2, 
2023/3/5, 46, 14, 4, 
2023/3/6, 43, 18, 6, 1
2023/3/7, 52, 18, 5, 2
2023/3/8, 49, 5, 2, 1
2023/3/9, 11, 8, 5, 1
2023/3/10, 18, 2, , 1
2023/3/11, 7, 7, 2, 1
2023/3/12, 22, 15, 8, 1
2023/3/13, 28, 5, 3, 1
2023/3/14, 15, 5, , 
2023/3/15, 14, 10, 4, 
2023/3/16, 29, 14, 3, 
2023/3/17, 33, 13, 3, 5
2023/3/18, 41, 20, 3, 1
2023/3/19, 59, 16, 2, 
2023/3/20, 49, 9, 2, 
2023/3/21, 30, 15, 3, 
2023/3/22, 32, 27, 10, 
2023/3/23, 51, 24, 7, 
2023/3/24, 51, 2, , 
2023/3/25, 7, 3, 1, 
2023/3/26, 7, 4, , 
2023/3/27, 10, 4, , 
2023/3/28, 12, 9, 8, 
2023/3/29, 22, 16, 10, 
2023/3/30, 44, 8, 5, 
2023/3/31, 18, 2, , 
2022/10/1, 29, 2, 1, 
2022/10/2, 6, 4, , 
2022/10/3, 8, 6, 1, 
2022/10/4, 14, 14, 8, 
2022/10/5, 32, 13, 3, 
2022/10/6, 25, 21, 5, 1
2022/10/7, 52, 21, 3, 
2022/10/8, 54, 8, 2, 
2022/10/9, 20, 18, 5, 
2022/10/10, 37, 19, 3, 
2022/10/11, 47, 20, 6, 
2022/10/12, 49, 34, 7, 1
2022/10/13, 74, 23, 7, 
2022/10/14, 56, 30, 7, 
2022/10/15, 79, 32, 6, 
2022/10/16, 80, 28, 5, 1
2022/10/17, 64, 28, 13, 2
2022/10/18, 56, 9, 1, 
2022/10/19, 27, 14, 4, 
2022/10/20, 36, 21, 6, 1
2022/10/21, 43, 13, 4, 
2022/10/22, 34, 16, 6, 1
2022/10/23, 48, 16, 7, 1
2022/10/24, 42, 4, 1, 1
2022/10/25, 8, 20, 9, 1
2022/10/26, 60, 20, 11, 1
2022/10/27, 53, 14, 6, 
2022/10/28, 44, 15, 5, 
2022/10/29, 47, 15, 6, 
2022/10/30, 45, 15, 6, 1
2022/10/31, 42, 15, 4, 
2022/11/1, 46, 11, 3, 1
2022/11/2, 31, 13, 5, 1
2022/11/3, 35, 13, 4, 
2022/11/4, 43, 7, 1, 
2022/11/5, 22, 10, 5, 1
2022/11/6, 32, 7, 5, 1
2022/11/7, 18, 25, 13, 1
2022/11/8, 66, 22, 9, 1
2022/11/9, 65, 9, 4, 1
2022/11/10, 32, 12, 6, 1
2022/11/11, 38, 8, 5, 1
2022/11/12, 23, 24, 8, 1
2022/11/13, 69, 29, 9, 1
2022/11/14, 76, 21, 5, 1
2022/11/15, 63, 14, 6, 1
2022/11/16, 44, 14, 6, 
2022/11/17, 47, 12, 6, 1
2022/11/18, 39, 17, 5, 1
2022/11/19, 58, 19, 7, 1
2022/11/20, 58, 5, 5, 1
2022/11/21, 18, 18, 6, 1
2022/11/22, 56, 9, 3, 1
2022/11/23, 34, 7, 3, 
2022/11/24, 27, 9, 9, 
2022/11/25, 26, 9, 4, 
2022/11/26, 31, 12, 5, 
2022/11/27, 42, 16, 4, 1
2022/11/28, 53, 20, 7, 1
2022/11/29, 64, 27, 11, 1
2022/11/30, 73, 27, 7, 
2022/12/1, 75, 25, 10, 
2022/12/2, 71, 17, 5, 2
2022/12/3, 58, 21, 5, 
2022/12/4, 66, 12, 6, 
2022/12/5, 45, 7, 4, 
2022/12/6, 27, 10, 5, 
2022/12/7, 36, 14, 8, 
2022/12/8, 45, 12, 7, 
2022/12/9, 41, 16, 4, 
2022/12/10, 54, 12, 3, 
2022/12/11, 46, 12, 3, 
2022/12/12, 43, 15, 10, 
2022/12/13, 48, 26, 6, 1
2022/12/14, 77, 35, 9, 
2022/12/15, 95, 18, 8, 
2022/12/16, 57, 21, 5, 
2022/12/17, 68, 20, 6, 
2022/12/18, 65, 24, 5, 1
2022/12/19, 72, 23, 5, 1
2022/12/20, 70, 21, 9, 
2022/12/21, 64, 19, 8, 
2022/12/22, 58, 15, 12, 
2022/12/23, 44, 3, 1, 
2022/12/24, 7, 12, 6, 
2022/12/25, 39, 17, 6, 
2022/12/26, 54, 4, 2, 
2022/12/27, 10, 17, 17, 
2022/12/28, 43, 23, 11, 
2022/12/29, 67, 27, 12, 
2022/12/30, 75, 26, 10, 
2022/12/31, 74, 24, 8, 
2023/1/1, 70, 12, 6, 
2022/7/1, 23, 6, 1, 
2022/7/2, 12, 9, 1, 
2022/7/3, 25, 8, 2, 
2022/7/4, 16, 6, 1, 
2022/7/5, 19, 9, 1, 
2022/7/6, 24, 9, 2, 
2022/7/7, 24, 7, 1, 
2022/7/8, 21, 5, , 
2022/7/9, 14, 6, , 
2022/7/10, 14, 5, 1, 
2022/7/11, 11, 7, 1, 
2022/7/12, 12, 7, 1, 
2022/7/13, 13, 6, 1, 
2022/7/14, 8, 10, 1, 
2022/7/15, 22, 10, 1, 
2022/7/16, 19, 8, 1, 
2022/7/17, 13, 12, 4, 
2022/7/18, 15, 13, 3, 
2022/7/19, 16, 19, 5, 
2022/7/20, 22, 20, 2, 
2022/7/21, 34, 16, 2, 
2022/7/22, 36, 12, 1, 
2022/7/23, 27, 10, 1, 
2022/7/24, 28, 17, 4, 
2022/7/25, 32, 13, 1, 
2022/7/26, 36, 9, 2, 
2022/7/27, 23, 11, 2, 
2022/7/28, 27, 12, 3, 
2022/7/29, 34, 7, 1, 
2022/7/30, 22, 10, 1, 
2022/7/31, 29, 8, 1, 
2022/8/1, 21, 5, 1, 
2022/8/2, 12, 10, 3, 
2022/8/3, 17, 16, 7, 1
2022/8/4, 27, 17, 4, 
2022/8/5, 27, 8, 1, 
2022/8/6, 21, 8, 1, 
2022/8/7, 21, 8, 1, 
2022/8/8, 18, 11, 1, 
2022/8/9, 17, 12, 1, 1
2022/8/10, 18, 10, 1, 
2022/8/11, 16, 7, 1, 
2022/8/12, 12, 11, 1, 
2022/8/13, 31, 10, 1, 
2022/8/14, 32, 10, 2, 
2022/8/15, 29, 7, 1, 
2022/8/16, 17, 15, 4, 1
2022/8/17, 22, 18, 4, 
2022/8/18, 29, 17, 3, 
2022/8/19, 36, 4, 1, 
2022/8/20, 13, 5, 1, 
2022/8/21, 16, 3, 1, 
2022/8/22, 11, 4, 1, 
2022/8/23, 11, 10, 1, 
2022/8/24, 27, 25, 3, 
2022/8/25, 55, 23, 3, 1
2022/8/26, 43, 11, 1, 
2022/8/27, 30, 8, 1, 
2022/8/28, 25, 12, 1, 1
2022/8/29, 28, 11, 1, 1
2022/8/30, 27, 9, 1, 1
2022/8/31, 22, 6, 1, 1
2022/9/1, 13, 7, 1, 
2022/9/2, 11, 11, 3, 
2022/9/3, 22, 7, 2, 
2022/9/4, 24, 17, 5, 
2022/9/5, 45, 19, 5, 
2022/9/6, 45, 19, 6, 
2022/9/7, 45, 14, 4, 
2022/9/8, 34, 7, 5, 
2022/9/9, 11, 4, 1, 
2022/9/10, 12, 3, 1, 
2022/9/11, 10, 8, 1, 
2022/9/12, 21, 10, 6, 
2022/9/13, 25, 15, 11, 
2022/9/14, 32, 4, 1, 
2022/9/15, 11, 9, 1, 
2022/9/16, 25, 5, 1, 
2022/9/17, 14, 2, 1, 
2022/9/18, 6, 2, 1, 
2022/9/19, 7, 3, 1, 
2022/9/20, 10, 5, 1, 
2022/9/21, 14, 4, 1, 
2022/9/22, 12, 9, 5, 
2022/9/23, 22, 15, 8, 
2022/9/24, 42, 19, 6, 
2022/9/25, 55, 9, 2, 
2022/9/26, 30, 6, 3, 
2022/9/27, 22, 8, 4, 
2022/9/28, 12, 6, 5, 
2022/9/29, 14, 9, 4, 
2022/9/30, 31, 10, 2, 
2022/4/1, 49, 23, 2, 
2022/4/2, 63, 15, 1, 
2022/4/3, 46, 12, 3, 
2022/4/4, 43, 8, 2, 1
2022/4/5, 29, 9, 3, 
2022/4/6, 26, 4, 2, 1
2022/4/7, 10, 6, 2, 1
2022/4/8, 17, 5, 2, 
2022/4/9, 20, 6, 1, 1
2022/4/10, 19, 9, 3, 
2022/4/11, 28, 17, 8, 1
2022/4/12, 44, 19, 5, 1
2022/4/13, 45, 20, 5, 1
2022/4/14, 42, 17, 2, 1
2022/4/15, 49, 7, 1, 
2022/4/16, 23, 10, 1, 1
2022/4/17, 32, 11, 2, 1
2022/4/18, 40, 12, 4, 
2022/4/19, 46, 17, 3, 1
2022/4/20, 58, 22, 6, 1
2022/4/21, 59, 20, 8, 1
2022/4/22, 60, 23, 4, 1
2022/4/23, 70, 11, 3, 1
2022/4/24, 32, 6, 1, 1
2022/4/25, 19, 15, 5, 1
2022/4/26, 47, 7, 2, 1
2022/4/27, 26, 13, 2, 1
2022/4/28, 38, 13, 2, 1
2022/4/29, 39, 17, 4, 1
2022/4/30, 44, 13, 2, 1
2022/5/1, 45, 15, 4, 1
2022/5/2, 44, 12, 6, 1
2022/5/3, 34, 15, 4, 1
2022/5/4, 47, 9, 3, 1
2022/5/5, 25, 18, 4, 1
2022/5/6, 54, 19, 1, 1
2022/5/7, 58, 19, 1, 1
2022/5/8, 58, 16, 2, 1
2022/5/9, 47, 13, 3, 1
2022/5/10, 34, 15, 4, 1
2022/5/11, 33, 17, 2, 1
2022/5/12, 36, 9, 2, 1
2022/5/13, 24, 11, 1, 1
2022/5/14, 21, 11, 2, 1
2022/5/15, 24, 19, 4, 2
2022/5/16, 38, 10, 1, 1
2022/5/17, 28, 11, 2, 2
2022/5/18, 26, 21, 7, 1
2022/5/19, 24, 16, 6, 2
2022/5/20, 26, 9, 1, 1
2022/5/21, 26, 7, 1, 1
2022/5/22, 19, 12, 4, 1
2022/5/23, 22, 14, 4, 1
2022/5/24, 36, 4, 1, 1
2022/5/25, 10, 4, 1, 1
2022/5/26, 8, 6, 1, 1
2022/5/27, 10, 6, 1, 1
2022/5/28, 15, 5, 3, 1
2022/5/29, 11, 5, 2, 1
2022/5/30, 13, 8, 3, 1
2022/5/31, 15, 5, 2, 1
2022/6/1, 13, 8, 1, 1
2022/6/2, 20, 10, 3, 2
2022/6/3, 23, 4, 1, 2
2022/6/4, 13, 8, 1, 2
2022/6/5, 31, 3, 1, 
2022/6/6, 10, 4, 2, 
2022/6/7, 15, 3, 1, 2
2022/6/8, 12, 3, 1, 
2022/6/9, 11, 5, 1, 
2022/6/10, 16, 5, 1, 2
2022/6/11, 16, 5, 1, 2
2022/6/12, 16, 36, 1, 2
2022/6/13, 99, 53, 1, 2
2022/6/14, 146, 14, 5, 2
2022/6/15, 30, 13, 3, 2
2022/6/16, 31, 11, 1, 2
2022/6/17, 27, 8, 2, 2
2022/6/18, 16, 16, 3, 2
2022/6/19, 32, 19, 5, 2
2022/6/20, 42, 11, 1, 1
2022/6/21, 17, 13, 4, 
2022/6/22, 26, 12, 2, 
2022/6/23, 30, 18, 4, 
2022/6/24, 36, 4, 1, 
2022/6/25, 9, 8, 3, 
2022/6/26, 19, 17, 4, 
2022/6/27, 31, 10, 1, 
2022/6/28, 20, 18, 4, 
2022/6/29, 38, 11, 1, 
2022/6/30, 24, 10, 1, 
2022/1/3, 14, 12, 10, 
2022/1/4, 34, 3, 1, 
2022/1/5, 11, 5, 1, 
2022/1/6, 17, 10, 8, 
2022/1/7, 33, 16, 10, 
2022/1/8, 50, 20, 11, 
2022/1/9, 61, 12, 3, 
2022/1/10, 45, 22, 3, 1
2022/1/11, 69, 21, 3, 
2022/1/12, 66, 16, 4, 
2022/1/13, 53, 8, 4, 
2022/1/14, 29, 9, 3, 
2022/1/15, 32, , , 
2022/1/17, 30, 8, 1, 
2022/1/18, 26, 17, 11, 
2022/1/19, 51, 7, 2, 
2022/1/20, 26, 6, 1, 
2022/1/21, 19, 5, 2, 
2022/1/22, 19, 9, 2, 
2022/1/23, 33, 24, 12, 
2022/1/24, 68, 20, 7, 
2022/1/25, 63, 17, 5, 
2022/1/26, 57, 18, 6, 
2022/1/27, 59, 4, 2, 
2022/1/28, 15, 9, 2, 
2022/1/29, 32, 4, 1, 
2022/1/30, 14, 7, 3, 
2022/1/31, 20, 7, 2, 
2022/2/1, 31, 3, 1, 
2022/2/2, 10, 8, 5, 
2022/2/3, 24, 13, 7, 
2022/2/4, 45, 4, 2, 
2022/2/5, 14, 3, 2, 
2022/2/6, 11, 2, 1, 
2022/2/7, 11, 5, 2, 
2022/2/8, 15, 5, 2, 
2022/2/9, 16, 8, 4, 
2022/2/10, 26, 10, 3, 
2022/2/11, 32, 9, 3, 
2022/2/12, 34, 13, 4, 
2022/2/13, 46, 23, 8, 
2022/2/14, 64, 21, 8, 
2022/2/15, 58, 8, 6, 
2022/2/16, 24, 3, 1, 
2022/2/17, 10, 8, 6, 
2022/2/18, 26, 3, 1, 
2022/2/19, 12, 4, 2, 
2022/2/20, 12, 3, 1, 
2022/2/21, 9, 4, 1, 
2022/2/22, 12, 4, 1, 
2022/2/23, 14, 12, 8, 
2022/2/24, 34, 4, 1, 
2022/2/25, 14, 8, 1, 
2022/2/26, 28, 21, 2, 1
2022/2/27, 66, 13, 2, 
2022/2/28, 46, 19, 4, 1
2022/3/1, 60, 18, 4, 1
2022/3/2, 54, 23, 4, 2
2022/3/3, 65, 22, 3, 1
2022/3/4, 65, 17, 3, 1
2022/3/5, 57, 23, 2, 2
2022/3/6, 70, 22, 2, 1
2022/3/7, 67, 17, 3, 1
2022/3/8, 54, 17, 2, 1
2022/3/9, 53, 18, 3, 1
2022/3/10, 56, 16, 5, 1
2022/3/11, 48, 18, 4, 1
2022/3/12, 49, 20, 4, 2
2022/3/13, 58, 24, 8, 3
2022/3/14, 61, 35, 14, 1
2022/3/15, 72, 26, 4, 1
2022/3/16, 73, 41, 11, 1
2022/3/17, 99, 38, 9, 1
2022/3/18, 93, 39, 6, 2
2022/3/19, 94, 22, 6, 1
2022/3/20, 62, 20, 8, 1
2022/3/21, 53, 28, 11, 1
2022/3/22, 64, 30, 12, 1
2022/3/23, 64, 27, 3, 1
2022/3/24, 60, 32, 5, 1
2022/3/25, 68, 31, 3, 1
2022/3/26, 67, 16, 2, 1
2022/3/27, 50, 25, 10, 1
2022/3/28, 50, 28, 4, 1
2022/3/29, 59, 35, 6, 1
2022/3/30, 74, 24, 6, 1
2022/3/31, 69, 14, 3, 1
2021/10/1, 28, 21, 3, 1
2021/10/2, 57, 22, 2, 
2021/10/3, 59, 19, 5, 
2021/10/4, 47, 19, 5, 
2021/10/5, 46, 6, 1, 
2021/10/6, 20, 8, 2, 
2021/10/7, 27, 29, 3, 
2021/10/8, 66, 29, 3, 
2021/10/9, 64, 24, 3, 
2021/10/10, 61, 22, 4, 
2021/10/11, 60, 15, 3, 
2021/10/12, 52, 7, 1, 
2021/10/13, 23, 11, 3, 
2021/10/14, 38, 7, 5, 
2021/10/15, 20, 9, 2, 1
2021/10/16, 27, 15, 8, 1
2021/10/17, 51, 10, 3, 
2021/10/18, 33, 22, 13, 
2021/10/19, 56, 27, 10, 
2021/10/20, 66, 19, 7, 
2021/10/21, 54, 4, 2, 
2021/10/22, 12, 7, 2, 
2021/10/23, 21, 10, 4, 
2021/10/24, 31, 13, 3, 1
2021/10/25, 32, 20, 8, 
2021/10/26, 61, 23, 13, 
2021/10/27, 62, 34, 9, 4
2021/10/28, 81, 38, 6, 2
2021/10/29, 90, 47, 5, 3
2021/10/30, 113, 41, 5, 1
2021/10/31, 106, 36, 3, 
2021/11/1, 96, 4, 2, 
2021/11/2, 14, 12, 7, 
2021/11/3, 40, 8, 3, 
2021/11/4, 33, 6, 2, 
2021/11/5, 23, 9, 4, 
2021/11/6, 34, 12, 3, 
2021/11/7, 41, 9, 2, 
2021/11/8, 30, 9, 4, 
2021/11/9, 29, 17, 4, 2
2021/11/10, 54, 26, 6, 
2021/11/11, 75, 22, 7, 
2021/11/12, 67, 19, 9, 
2021/11/13, 59, 19, 6, 
2021/11/14, 62, 29, 9, 
2021/11/15, 79, 28, 6, 
2021/11/16, 76, 15, 6, 
2021/11/17, 41, 12, 5, 
2021/11/18, 44, 12, 3, 
2021/11/19, 46, 11, 3, 
2021/11/20, 42, 19, 6, 
2021/11/21, 62, 18, 3, 
2021/11/22, 59, 11, 3, 
2021/11/23, 39, 17, 10, 
2021/11/24, 51, 30, 8, 
2021/11/25, 80, 16, 8, 
2021/11/26, 49, 15, 9, 
2021/11/27, 51, 12, 5, 
2021/11/28, 43, 12, 4, 
2021/11/29, 45, 5, 2, 
2021/11/30, 24, 6, 8, 
2021/12/1, 21, 4, 3, 
2021/12/2, 11, 9, 3, 
2021/12/3, 35, 13, 8, 
2021/12/4, 46, 11, 3, 
2021/12/5, 37, 14, 3, 
2021/12/6, 51, 19, 6, 
2021/12/7, 60, 21, 7, 
2021/12/8, 66, 21, 10, 
2021/12/9, 68, 16, 9, 
2021/12/10, 54, 23, 7, 
2021/12/11, 70, 10, 2, 
2021/12/12, 41, 5, 4, 
2021/12/13, 20, 9, 5, 
2021/12/14, 33, 10, 6, 
2021/12/15, 39, 9, 4, 
2021/12/16, 34, 10, 3, 
2021/12/17, 38, 13, 3, 
2021/12/18, 50, 10, 3, 
2021/12/19, 35, 5, 1, 
2021/12/20, 15, 8, 3, 
2021/12/21, 24, 22, 10, 
2021/12/22, 65, 39, 15, 
2021/12/23, 100, 8, 3, 
2021/12/24, 29, 8, 2, 
2021/12/25, 28, 26, 7, 1
2021/12/26, 75, 24, 9, 
2021/12/27, 71, 19, 6, 
2021/12/28, 55, 7, 4, 
2021/12/29, 25, 4, 3, 
2021/12/30, 13, 3, 1, 
2021/12/31, 11, 6, 1, 
2022/1/1, 22, 10, 8, 
2022/1/2, 35, 4, 2, 
2021/7/1, 10, 7, 2, 
2021/7/2, 24, 9, 1, 
2021/7/3, 26, 9, 1, 
2021/7/4, 28, 5, 1, 
2021/7/5, 14, 12, 4, 
2021/7/6, 18, 8, 1, 
2021/7/7, 19, 16, 3, 1
2021/7/8, 33, 4, 1, 
2021/7/9, 11, 6, 1, 
2021/7/10, 17, 7, 1, 
2021/7/11, 19, 9, 3, 
2021/7/12, 23, 23, 4, 
2021/7/13, 47, 10, 3, 
2021/7/14, 28, 6, 1, 
2021/7/15, 16, 9, 2, 
2021/7/16, 23, 16, 1, 
2021/7/17, 48, 11, 1, 
2021/7/18, 35, 14, 1, 
2021/7/19, 30, 15, 1, 
2021/7/20, 41, 14, 1, 
2021/7/21, 36, 15, 1, 
2021/7/22, 37, 17, 3, 
2021/7/23, 42, 21, 4, 1
2021/7/24, 48, 13, 1, 
2021/7/25, 40, 13, 3, 
2021/7/26, 34, 11, 2, 
2021/7/27, 26, 12, 2, 
2021/7/28, 32, 6, 2, 
2021/7/29, 17, 12, 4, 1
2021/7/30, 29, 7, 1, 1
2021/7/31, 22, 7, 1, 
2021/8/1, 24, 5, 1, 1
2021/8/2, 15, 6, 1, 1
2021/8/3, 15, 6, 2, 
2021/8/4, 17, 5, 1, 1
2021/8/5, 16, 7, 1, 
2021/8/6, 22, 8, 2, 1
2021/8/7, 21, 3, 1, 
2021/8/8, 12, 6, 1, 1
2021/8/9, 15, 8, 3, 2
2021/8/10, 19, 9, 1, 
2021/8/11, 24, 15, 3, 
2021/8/12, 27, 18, 5, 
2021/8/13, 41, 19, 1, 
2021/8/14, 46, 18, 2, 
2021/8/15, 41, 12, 2, 
2021/8/16, 35, 5, 1, 1
2021/8/17, 14, 8, 2, 
2021/8/18, 25, 8, 1, 
2021/8/19, 24, 9, 3, 
2021/8/20, 23, 9, 2, 
2021/8/21, 25, 12, 6, 
2021/8/22, 37, 5, 1, 
2021/8/23, 18, 6, 1, 
2021/8/24, 17, 8, 1, 
2021/8/25, 25, 9, 3, 
2021/8/26, 31, 4, 1, 
2021/8/27, 13, 4, 1, 
2021/8/28, 12, 6, 1, 
2021/8/29, 22, 4, 1, 1
2021/8/30, 15, 6, 1, 
2021/8/31, 21, 10, 1, 1
2021/9/1, 29, 11, 1, 1
2021/9/2, 37, 11, 4, 1
2021/9/3, 28, 10, 3, 1
2021/9/4, 30, 14, 2, 1
2021/9/5, 45, 18, 5, 1
2021/9/6, 39, 28, 12, 1
2021/9/7, 52, 23, 7, 2
2021/9/8, 43, 20, 5, 2
2021/9/9, 33, 21, 5, 
2021/9/10, 32, 18, 3, 
2021/9/11, 47, 10, 1, 
2021/9/12, 37, 9, 2, 
2021/9/13, 29, 18, 5, 
2021/9/14, 46, 30, 7, 
2021/9/15, 59, 16, 4, 2
2021/9/16, 44, 9, 1, 
2021/9/17, 28, 10, 2, 
2021/9/18, 33, 7, 1, 
2021/9/19, 25, 10, 2, 
2021/9/20, 30, 11, 2, 
2021/9/21, 36, 13, 3, 
2021/9/22, 43, 11, 2, 
2021/9/23, 34, 9, 2, 
2021/9/24, 29, 9, 3, 
2021/9/25, 27, 23, 6, 
2021/9/26, 63, 16, 3, 
2021/9/27, 47, 14, 2, 
2021/9/28, 46, 14, 5, 
2021/9/29, 40, 6, 2, 
2021/9/30, 14, 11, 8, 
2021/4/1, 49, 23, 2, 
2021/4/2, 65, 9, 1, 
2021/4/3, 31, 7, 1, 
2021/4/4, 24, 8, 3, 
2021/4/5, 23, 5, 1, 
2021/4/6, 16, 7, 1, 
2021/4/7, 24, 8, 2, 
2021/4/8, 31, 17, 7, 
2021/4/9, 45, 16, 6, 1
2021/4/10, 37, 9, 3, 
2021/4/11, 24, 8, 3, 
2021/4/12, 24, 9, 1, 
2021/4/13, 35, 10, 1, 
2021/4/14, 36, 8, 2, 
2021/4/15, 27, 10, 1, 
2021/4/16, 40, 18, 2, 
2021/4/17, 60, 19, 2, 
2021/4/18, 64, 22, 3, 
2021/4/19, 72, 16, 2, 
2021/4/20, 55, 12, 2, 
2021/4/21, 42, 13, 2, 
2021/4/22, 45, 13, 1, 
2021/4/23, 38, 18, 4, 1
2021/4/24, 51, 15, 2, 
2021/4/25, 45, 13, 5, 
2021/4/26, 34, 22, 5, 
2021/4/27, 60, 19, 4, 
2021/4/28, 51, 22, 5, 1
2021/4/29, 61, 10, 3, 
2021/4/30, 31, 17, 2, 
2021/5/1, 55, 10, 2, 
2021/5/2, 35, 12, 2, 
2021/5/3, 42, 12, 8, 1
2021/5/4, 29, 11, 5, 1
2021/5/5, 24, 6, 3, 1
2021/5/6, 16, 4, 1, 
2021/5/7, 12, 7, 2, 
2021/5/8, 19, 9, 3, 1
2021/5/9, 25, 13, 3, 1
2021/5/10, 21, 15, 4, 1
2021/5/11, 24, 6, 1, 1
2021/5/12, 20, 3, 1, 
2021/5/13, 10, 5, 2, 
2021/5/14, 16, 6, 4, 1
2021/5/15, 18, 4, 1, 
2021/5/16, 11, 3, 2, 1
2021/5/17, 11, 4, 1, 1
2021/5/18, 11, 6, 2, 1
2021/5/19, 18, 7, 1, 1
2021/5/20, 23, 6, 3, 
2021/5/21, 10, 4, 2, 1
2021/5/22, 11, 4, 1, 1
2021/5/23, 10, 6, 2, 1
2021/5/24, 16, 5, 1, 1
2021/5/25, 13, 9, 3, 
2021/5/26, 14, 4, 1, 
2021/5/27, 12, 6, 2, 
2021/5/28, 16, 7, 1, 
2021/5/29, 20, 9, 1, 
2021/5/30, 29, 11, 2, 
2021/5/31, 31, 13, 2, 
2021/6/1, 28, 16, 5, 
2021/6/2, 32, 16, 4, 
2021/6/3, 42, 20, 5, 
2021/6/4, 45, 19, 3, 
2021/6/5, 50, 5, 1, 
2021/6/6, 15, 11, 1, 
2021/6/7, 32, 18, 1, 
2021/6/8, 50, 19, 2, 
2021/6/9, 49, 12, 1, 
2021/6/10, 29, 12, 2, 
2021/6/11, 30, 11, 1, 
2021/6/12, 34, 10, 1, 
2021/6/13, 25, 11, 1, 
2021/6/14, 31, 13, 3, 
2021/6/15, 34, 17, 3, 
2021/6/16, 36, 18, 5, 
2021/6/17, 33, 19, 4, 
2021/6/18, 38, 20, 5, 
2021/6/19, 48, 20, 5, 
2021/6/20, 50, 28, 4, 
2021/6/21, 59, 12, 2, 
2021/6/22, 30, 15, 2, 
2021/6/23, 44, 28, 3, 
2021/6/24, 61, 7, 1, 
2021/6/25, 22, 7, 1, 
2021/6/26, 22, 12, 2, 
2021/6/27, 35, 15, 4, 
2021/6/28, 37, 18, 3, 
2021/6/29, 44, 4, 1, 
2021/6/30, 11, 4, 1, 
2021/1/4, 64, 23, 5, 
2021/1/5, 70, 16, 7, 
2021/1/6, 56, 11, 6, 
2021/1/7, 44, 11, 5, 
2021/1/8, 42, 15, 4, 
2021/1/9, 57, 16, 3, 
2021/1/10, 57, 15, 4, 
2021/1/11, 56, 22, 12, 
2021/1/12, 57, 6, 2, 
2021/1/13, 22, 5, 2, 
2021/1/14, 18, 11, 4, 
2021/1/15, 43, 8, 2, 
2021/1/16, 33, 8, 2, 
2021/1/17, 33, 17, 11, 
2021/1/18, 56, 9, 6, 
2021/1/19, 21, 16, 15, 
2021/1/20, 41, 27, 13, 
2021/1/21, 74, 13, 19, 
2021/1/22, 42, 5, 2, 
2021/1/23, 18, 6, 1, 
2021/1/24, 21, 9, 3, 
2021/1/25, 29, 11, 3, 
2021/1/26, 40, 11, 4, 
2021/1/27, 44, 12, 12, 
2021/1/28, 44, 5, 6, 
2021/1/29, 27, 7, 1, 
2021/1/30, 32, 15, 5, 1
2021/1/31, 56, 25, 10, 
2021/2/1, 75, 34, 12, 
2021/2/2, 92, 25, 11, 
2021/2/3, 76, 4, 2, 
2021/2/4, 11, 16, 11, 
2021/2/5, 48, , , 
2021/2/8, 74, 22, 6, 
2021/2/9, 72, 32, 9, 
2021/2/10, 93, 17, 3, 1
2021/2/11, 53, 12, 2, 1
2021/2/12, 33, 14, 2, 1
2021/2/13, 46, 11, 2, 1
2021/2/14, 34, 18, 9, 1
2021/2/15, 35, 27, 17, 
2021/2/16, 75, 13, 6, 
2021/2/17, 44, 10, 7, 
2021/2/18, 28, 35, 16, 
2021/2/19, 88, 49, 10, 
2021/2/20, 127, 30, 4, 1
2021/2/21, 85, 41, 14, 1
2021/2/22, 102, 33, 12, 
2021/2/23, 78, 47, 23, 
2021/2/24, 97, 55, 16, 
2021/2/25, 119, 54, 7, 
2021/2/26, 91, 10, 1, 
2021/2/27, 37, 10, 1, 
2021/2/28, 37, 19, 3, 
2021/3/1, 61, 33, 9, 
2021/3/2, 85, 37, 15, 
2021/3/3, 89, 24, 5, 
2021/3/4, 56, 12, 2, 
2021/3/5, 36, 8, 3, 
2021/3/6, 30, 16, 8, 
2021/3/7, 53, 15, 2, 
2021/3/8, 53, 20, 8, 
2021/3/9, 57, 22, 4, 
2021/3/10, 65, 27, 12, 
2021/3/11, 71, 3, 1, 
2021/3/12, 10, 6, 3, 
2021/3/13, 19, 3, 1, 
2021/3/14, 11, 8, 2, 
2021/3/15, 28, 10, 1, 
2021/3/16, 28, 12, 1, 
2021/3/17, 39, 11, 2, 
2021/3/18, 39, 11, 2, 
2021/3/19, 45, 11, 1, 
2021/3/20, 41, 11, 2, 
2021/3/21, 43, 7, 1, 
2021/3/22, 25, 14, 2, 
2021/3/23, 49, 19, 2, 
2021/3/24, 58, 27, 8, 
2021/3/25, 70, 24, 10, 
2021/3/26, 61, 16, 5, 
2021/3/27, 45, 6, 2, 
2021/3/28, 21, 12, 4, 
2021/3/29, 29, 15, 3, 1
2021/3/30, 36, 26, 10, 1
2021/3/31, 49, 23, 4, 
2020/10/1, 42, 13, 6, 
2020/10/2, 43, 12, 2, 
2020/10/3, 32, 4, 2, 
2020/10/4, 14, 5, 4, 
2020/10/5, 14, 5, 6, 
2020/10/6, 14, 3, 2, 
2020/10/7, 12, 6, 3, 
2020/10/8, 20, 6, 6, 
2020/10/9, 16, 9, 6, 
2020/10/10, 29, 5, 1, 
2020/10/11, 17, 10, 3, 
2020/10/12, 36, 7, 2, 
2020/10/13, 28, 4, 3, 
2020/10/14, 15, 5, 2, 
2020/10/15, 18, 12, 2, 
2020/10/16, 43, , , 
2020/10/18, 34, 13, 8, 
2020/10/19, 45, 19, 6, 
2020/10/20, 60, 23, 10, 
2020/10/21, 66, 25, 11, 
2020/10/22, 70, 38, 14, 
2020/10/23, 95, 13, 5, 
2020/10/24, 36, 16, 6, 
2020/10/25, 53, 12, 3, 
2020/10/26, 42, 4, 2, 
2020/10/27, 15, 8, 9, 
2020/10/28, 21, 4, 5, 
2020/10/29, 13, 3, 3, 
2020/10/30, 11, 7, 4, 
2020/10/31, 25, 15, 7, 
2020/11/1, 51, 5, 3, 
2020/11/2, 15, 11, 6, 
2020/11/3, 32, 8, 2, 
2020/11/4, 27, 15, 3, 
2020/11/5, 47, 22, 9, 
2020/11/6, 63, 26, 11, 
2020/11/7, 73, 30, 6, 
2020/11/8, 82, 22, 10, 
2020/11/9, 68, 17, 7, 
2020/11/10, 59, 17, 7, 
2020/11/11, 56, 17, 9, 
2020/11/12, 54, 24, 10, 
2020/11/13, 66, 21, 7, 
2020/11/14, 67, 13, 4, 
2020/11/15, 46, 10, 4, 
2020/11/16, 37, 7, 4, 
2020/11/17, 24, 15, 12, 
2020/11/18, 45, 16, 8, 
2020/11/19, 53, 8, 1, 
2020/11/20, 27, 12, 6, 
2020/11/21, 42, 15, 12, 
2020/11/22, 51, 17, 11, 
2020/11/23, 55, 28, 11, 
2020/11/24, 75, 23, 6, 
2020/11/25, 71, 26, 9, 
2020/11/26, 77, 29, 13, 
2020/11/27, 80, 13, 4, 
2020/11/28, 48, 11, 2, 
2020/11/29, 45, 16, 9, 
2020/11/30, 55, 27, 8, 
2020/12/1, 78, 27, 8, 
2020/12/2, 81, 26, 10, 
2020/12/3, 80, 19, 6, 
2020/12/4, 67, 25, 5, 
2020/12/5, 77, 18, 4, 
2020/12/6, 62, 18, 6, 
2020/12/7, 59, 16, 4, 
2020/12/8, 57, 14, 10, 
2020/12/9, 51, 13, 11, 
2020/12/10, 40, 17, 7, 
2020/12/11, 57, 13, 5, 
2020/12/12, 50, 15, 4, 
2020/12/13, 54, 16, 9, 
2020/12/14, 54, 17, 5, 
2020/12/15, 62, 19, 6, 
2020/12/16, 62, 14, 7, 
2020/12/17, 53, 20, 11, 
2020/12/18, 58, 9, 6, 
2020/12/19, 33, 8, 4, 
2020/12/20, 32, 15, 6, 
2020/12/21, 53, 11, 7, 
2020/12/22, 38, 14, 14, 
2020/12/23, 46, 8, 3, 
2020/12/24, 24, 4, 1, 
2020/12/25, 18, 6, 1, 
2020/12/26, 21, 8, 4, 
2020/12/27, 32, 13, 5, 
2020/12/28, 50, 7, 13, 
2020/12/29, 22, 11, 7, 
2020/12/30, 39, 17, 7, 
2020/12/31, 55, 19, 9, 
2021/1/1, 63, 19, 9, 
2021/1/2, 63, 15, 4, 
2021/1/3, 57, 20, 5, 
2020/7/1, 20, 6, 1, 
2020/7/2, 14, 6, 1, 
2020/7/3, 18, 7, 2, 
2020/7/4, 19, 7, 2, 
2020/7/5, 18, 8, 1, 
2020/7/6, 16, 6, 1, 
2020/7/7, 13, 8, 2, 
2020/7/8, 18, 11, 5, 
2020/7/9, 24, 16, 6, 
2020/7/10, 33, 6, 1, 
2020/7/11, 18, 8, 1, 
2020/7/12, 25, 5, 1, 
2020/7/13, 12, 14, 4, 1
2020/7/14, 23, 11, 6, 
2020/7/15, 26, 7, 1, 
2020/7/16, 25, 7, 1, 
2020/7/17, 23, 5, 1, 
2020/7/18, 17, 12, 1, 
2020/7/19, 44, 10, 2, 
2020/7/20, 32, 13, 2, 
2020/7/21, 38, 14, 2, 1
2020/7/22, 43, 15, 3, 1
2020/7/23, 39, 16, 5, 1
2020/7/24, 41, 9, 1, 
2020/7/25, 28, 10, 4, 1
2020/7/26, 30, 6, 2, 1
2020/7/27, 17, 13, 7, 1
2020/7/28, 29, 11, 2, 
2020/7/29, 28, 12, 2, 1
2020/7/30, 21, 16, 3, 1
2020/7/31, 27, 15, 2, 1
2020/8/1, 20, 14, 3, 1
2020/8/2, 31, 8, 3, 
2020/8/3, 27, 7, 1, 
2020/8/4, 23, 6, 1, 
2020/8/5, 20, 14, 1, 1
2020/8/6, 39, 21, 2, 1
2020/8/7, 54, 20, 2, 1
2020/8/8, 55, 22, 2, 1
2020/8/9, 53, 24, 4, 1
2020/8/10, 56, 15, 5, 1
2020/8/11, 45, 14, 5, 1
2020/8/12, 38, 16, 4, 1
2020/8/13, 46, 12, 1, 1
2020/8/14, 38, 9, 1, 
2020/8/15, 32, 9, 2, 1
2020/8/16, 35, 17, 5, 1
2020/8/17, 54, 6, 1, 
2020/8/18, 19, 5, 1, 1
2020/8/19, 18, 10, 6, 1
2020/8/20, 24, 12, 5, 1
2020/8/21, 30, 11, 3, 1
2020/8/22, 32, 7, 1, 
2020/8/23, 18, 6, 1, 1
2020/8/24, 15, 7, 2, 1
2020/8/25, 17, 10, 4, 1
2020/8/26, 19, 9, 2, 1
2020/8/27, 18, 20, 5, 1
2020/8/28, 27, 4, 2, 1
2020/8/29, 13, 10, 3, 1
2020/8/30, 32, 3, 1, 
2020/8/31, 11, 4, 1, 1
2020/9/1, 15, 6, 2, 1
2020/9/2, 19, 7, 1, 1
2020/9/3, 20, 7, 3, 
2020/9/4, 22, 11, 6, 1
2020/9/5, 32, 9, 1, 1
2020/9/6, 32, 11, 1, 
2020/9/7, 41, 11, 6, 1
2020/9/8, 31, 13, 6, 1
2020/9/9, 31, 13, 2, 1
2020/9/10, 39, 13, 3, 1
2020/9/11, 37, 20, 5, 2
2020/9/12, 53, 12, 1, 1
2020/9/13, 38, 18, 8, 1
2020/9/14, 45, 22, 7, 1
2020/9/15, 47, 28, 7, 2
2020/9/16, 52, 19, 2, 1
2020/9/17, 50, 8, 2, 1
2020/9/18, 14, 14, 5, 1
2020/9/19, 24, 17, 5, 3
2020/9/20, 31, 29, 7, 2
2020/9/21, 50, 34, 8, 3
2020/9/22, 53, 21, 5, 1
2020/9/23, 51, 7, 4, 1
2020/9/24, 20, 5, 3, 1
2020/9/25, 16, 1, 1, 1
2020/9/26, 7, 3, 3, 1
2020/9/27, 11, 4, 3, 1
2020/9/28, 14, 7, 3, 1
2020/9/29, 26, 10, 2, 
2020/9/30, 35, 12, 4, 
2020/4/1, 53, 22, 8, 
2020/4/2, 58, 21, 3, 
2020/4/3, 59, 21, 1, 1
2020/4/4, 62, 18, 3, 1
2020/4/5, 51, 32, 5, 1
2020/4/6, 62, 25, 4, 1
2020/4/7, 43, 23, 6, 1
2020/4/8, 43, 23, 4, 1
2020/4/9, 47, 14, 1, 
2020/4/10, 33, 13, 3, 
2020/4/11, 33, 18, 4, 1
2020/4/12, 43, 12, 1, 1
2020/4/13, 32, 10, 1, 
2020/4/14, 28, 9, 2, 
2020/4/15, 27, 16, 7, 1
2020/4/16, 29, 19, 3, 1
2020/4/17, 37, 21, 3, 1
2020/4/18, 50, 16, 2, 1
2020/4/19, 49, 16, 4, 1
2020/4/20, 33, 18, 4, 
2020/4/21, 36, 21, 5, 1
2020/4/22, 41, 21, 5, 1
2020/4/23, 39, 18, 4, 1
2020/4/24, 39, 19, 2, 
2020/4/25, 38, 10, 2, 
2020/4/26, 29, 20, 7, 1
2020/4/27, 40, 22, 7, 2
2020/4/28, 45, 7, 2, 1
2020/4/29, 24, 6, 2, 1
2020/4/30, 12, 4, 1, 
2020/5/1, 11, 5, 1, 
2020/5/2, 17, 6, 1, 
2020/5/3, 19, 8, 3, 
2020/5/4, 21, 7, 2, 
2020/5/5, 24, 6, 1, 1
2020/5/6, 17, 9, 2, 1
2020/5/7, 19, 19, 7, 1
2020/5/8, 36, 16, 5, 1
2020/5/9, 35, 15, 4, 1
2020/5/10, 46, 18, 5, 1
2020/5/11, 39, 5, 2, 
2020/5/12, 13, 14, 4, 1
2020/5/13, 35, 10, 2, 
2020/5/14, 36, 14, 2, 1
2020/5/15, 53, 14, 3, 1
2020/5/16, 50, 17, 3, 1
2020/5/17, 54, 14, 6, 1
2020/5/18, 40, 15, 4, 1
2020/5/19, 39, 9, 1, 1
2020/5/20, 23, 9, 2, 1
2020/5/21, 21, 11, 4, 1
2020/5/22, 21, 10, 4, 1
2020/5/23, 37, 6, 1, 1
2020/5/24, 19, 5, 1, 1
2020/5/25, 14, 5, 1, 
2020/5/26, 18, 9, 1, 
2020/5/27, 28, 7, 2, 
2020/5/28, 28, 9, 2, 
2020/5/29, 28, 7, 1, 
2020/5/30, 16, 5, 1, 
2020/5/31, 15, 11, 1, 
2020/6/1, 24, 10, 1, 
2020/6/2, 15, 6, 1, 
2020/6/3, 16, 10, 5, 
2020/6/4, 27, 5, 2, 
2020/6/5, 16, 8, 2, 
2020/6/6, 18, 6, 1, 
2020/6/7, 13, 7, 1, 
2020/6/8, 21, 13, 2, 
2020/6/9, 45, 10, 2, 
2020/6/10, 33, 8, 2, 
2020/6/11, 28, 10, 1, 
2020/6/12, 28, 15, 3, 
2020/6/13, 42, 7, 1, 
2020/6/14, 19, 3, 1, 
2020/6/15, 10, 14, 2, 
2020/6/16, 42, 20, 2, 
2020/6/17, 56, 5, 1, 
2020/6/18, 19, 6, 2, 
2020/6/19, 19, 5, 1, 
2020/6/20, 17, 5, 1, 
2020/6/21, 19, 9, 1, 
2020/6/22, 22, 9, 1, 
2020/6/23, 22, 6, 1, 
2020/6/24, 16, 8, 5, 
2020/6/25, 22, 10, 4, 
2020/6/26, 30, 8, 3, 
2020/6/27, 26, 9, 3, 
2020/6/28, 25, 5, 1, 
2020/6/29, 17, 6, 2, 
2020/6/30, 15, 9, 5, 
2020/1/1, 48, 29, 16, 
2020/1/2, 83, 49, 16, 
2020/1/3, 122, 5, 2, 
2020/1/4, 21, 6, 1, 
2020/1/5, 18, 13, 12, 
2020/1/6, 43, 21, 15, 
2020/1/7, 67, 19, 14, 
2020/1/8, 60, 47, 15, 
2020/1/9, 123, 49, 14, 
2020/1/10, 135, 5, 3, 
2020/1/11, 21, 13, 13, 
2020/1/12, 44, 27, 12, 
2020/1/13, 79, 28, 6, 
2020/1/14, 79, 25, 8, 
2020/1/15, 76, 38, 15, 
2020/1/16, 96, 31, 11, 
2020/1/17, 82, 17, 9, 
2020/1/18, 58, 13, 3, 
2020/1/19, 53, 12, 4, 
2020/1/20, 48, 30, 17, 
2020/1/21, 80, 19, 6, 
2020/1/22, 63, 15, 8, 
2020/1/23, 53, 33, 14, 
2020/1/24, 92, 42, 16, 
2020/1/25, 102, 25, 8, 
2020/1/26, 72, 30, 12, 
2020/1/27, 77, 12, 8, 
2020/1/28, 44, 2, 2, 
2020/1/29, 11, 5, 4, 
2020/1/30, 19, 2, 2, 
2020/1/31, 9, 3, 3, 
2020/2/1, 10, 1, 1, 
2020/2/2, 6, 1, 1, 
2020/2/3, 6, 3, 2, 
2020/2/4, 12, 3, 1, 
2020/2/5, 11, 9, 4, 
2020/2/6, 34, 13, 4, 
2020/2/7, 51, 16, 7, 
2020/2/8, 57, 26, 10, 
2020/2/9, 77, 12, 5, 
2020/2/10, 40, 2, 2, 
2020/2/11, 9, 3, 2, 
2020/2/12, 10, 9, 6, 
2020/2/13, 28, 2, 2, 
2020/2/14, 11, 9, 5, 
2020/2/15, 36, 14, 6, 1
2020/2/16, 52, 25, 13, 1
2020/2/17, 69, 2, 2, 
2020/2/18, 12, 3, 4, 
2020/2/19, 12, 7, 5, 
2020/2/20, 24, 4, 2, 
2020/2/21, 14, 6, 8, 
2020/2/22, 20, 2, 1, 
2020/2/23, 12, 3, 4, 
2020/2/24, 14, 4, 3, 
2020/2/25, 13, 2, 2, 
2020/2/26, 9, 5, 4, 
2020/2/27, 19, 4, 2, 
2020/2/28, 16, 8, 8, 
2020/2/29, 25, 13, 10, 
2020/3/1, 43, 3, 3, 
2020/3/2, 12, 6, 3, 
2020/3/3, 22, 8, 3, 
2020/3/4, 32, 9, 6, 
2020/3/5, 27, 8, 9, 
2020/3/6, 26, 7, 2, 
2020/3/7, 28, 9, 2, 
2020/3/8, 38, 15, 12, 
2020/3/9, 47, 6, 2, 
2020/3/10, 26, 2, 2, 
2020/3/11, 7, 3, 1, 
2020/3/12, 13, 3, 2, 
2020/3/13, 12, 7, 1, 1
2020/3/14, 30, 8, 3, 
2020/3/15, 31, 13, 5, 1
2020/3/16, 38, 23, 11, 1
2020/3/17, 61, 20, 4, 
2020/3/18, 60, 25, 7, 1
2020/3/19, 65, 31, 6, 1
2020/3/20, 75, 14, 1, 
2020/3/21, 49, 8, 1, 
2020/3/22, 28, 12, 1, 1
2020/3/23, 45, 21, 3, 1
2020/3/24, 65, 20, 4, 
2020/3/25, 59, 23, 8, 1
2020/3/26, 59, 60, 4, 1
2020/3/27, 83, 44, 4, 1
2020/3/28, 74, 45, 2, 1
2020/3/29, 106, , , 
2019/10/2, 14, 6, 3, 
2019/10/3, 21, 5, 4, 
2019/10/4, 17, 2, 2, 
2019/10/5, 12, 11, 2, 
2019/10/6, 42, 13, 2, 
2019/10/7, 50, 10, 3, 
2019/10/8, 32, 16, 8, 
2019/10/9, 45, 2, 9, 
2019/10/10, 7, 5, 2, 
2019/10/11, 16, 16, 7, 
2019/10/12, 52, 23, 10, 
2019/10/13, 68, 25, 10, 
2019/10/14, 68, 23, 11, 
2019/10/15, 59, 6, 6, 
2019/10/16, 22, 17, 4, 
2019/10/17, 50, 18, 12, 
2019/10/18, 59, 24, 8, 
2019/10/19, 69, 18, 8, 
2019/10/20, 59, 23, 7, 
2019/10/21, 59, 31, 10, 1
2019/10/22, 74, 39, 10, 
2019/10/23, 89, 33, 13, 3
2019/10/24, 75, 17, 9, 1
2019/10/25, 48, 34, 6, 
2019/10/26, 84, 17, 13, 
2019/10/27, 49, 9, 4, 
2019/10/28, 35, 14, 2, 
2019/10/29, 48, 16, 4, 
2019/10/30, 55, 29, 4, 1
2019/10/31, 81, 18, 11, 
2019/11/1, 57, 24, 5, 
2019/11/2, 72, 8, 7, 1
2019/11/3, 27, 4, 4, 
2019/11/4, 14, 4, 9, 
2019/11/5, 17, 4, 7, 
2019/11/6, 13, 8, 7, 
2019/11/7, 29, 16, 11, 
2019/11/8, 55, 8, 6, 1
2019/11/9, 31, 11, 4, 
2019/11/10, 47, 14, 3, 
2019/11/11, 49, 11, 8, 
2019/11/12, 44, 5, 5, 
2019/11/13, 21, 7, 4, 
2019/11/14, 28, 18, 9, 
2019/11/15, 59, 11, 7, 1
2019/11/16, 36, 22, 6, 
2019/11/17, 66, 13, 6, 1
2019/11/18, 46, 14, 8, 1
2019/11/19, 42, 28, 11, 1
2019/11/20, 75, 13, 10, 1
2019/11/21, 45, 16, 8, 
2019/11/22, 56, 15, 6, 
2019/11/23, 53, 19, 5, 1
2019/11/24, 62, 21, 7, 2
2019/11/25, 64, 13, 9, 1
2019/11/26, 49, 17, 10, 1
2019/11/27, 57, 17, 9, 1
2019/11/28, 47, 2, 15, 1
2019/11/29, 9, 6, 4, 
2019/11/30, 21, 12, 2, 
2019/12/1, 47, 18, 9, 
2019/12/2, 60, 15, 4, 
2019/12/3, 54, 23, 6, 
2019/12/4, 69, 25, 12, 
2019/12/5, 79, 30, 7, 
2019/12/6, 86, 18, 9, 
2019/12/7, 54, 16, 9, 
2019/12/8, 47, 15, 10, 
2019/12/9, 49, 7, 13, 
2019/12/10, 25, 15, 3, 
2019/12/11, 47, 22, 12, 1
2019/12/12, 61, 20, 20, 
2019/12/13, 64, 4, 15, 
2019/12/14, 21, 13, 5, 
2019/12/15, 44, 30, 13, 
2019/12/16, 79, 18, 15, 
2019/12/17, 62, 29, 16, 
2019/12/18, 72, 24, 21, 1
2019/12/19, 66, 22, 15, 
2019/12/20, 61, 6, 8, 1
2019/12/21, 21, 7, 7, 
2019/12/22, 28, 3, 4, 
2019/12/23, 13, 3, 2, 
2019/12/24, 13, 3, 3, 
2019/12/25, 14, 3, 2, 
2019/12/26, 14, 5, 2, 
2019/12/27, 23, 4, 2, 
2019/12/28, 17, 7, 1, 
2019/12/29, 29, , 1, 
2019/7/1, 43, 11, 2, 
2019/7/2, 32, 12, 2, 
2019/7/3, 25, 12, 3, 1
2019/7/4, 24, 12, 3, 
2019/7/5, 26, 9, 3, 1
2019/7/6, 21, 8, 1, 
2019/7/7, 25, 9, 2, 
2019/7/8, 27, 9, 2, 
2019/7/9, 18, 8, 1, 
2019/7/10, 18, 9, 3, 1
2019/7/11, 21, 6, 2, 
2019/7/12, 21, , 2, 
2019/7/16, 40, 17, 4, 1
2019/7/17, 42, 10, 4, 
2019/7/18, 28, 15, 8, 
2019/7/19, 40, 16, 5, 1
2019/7/20, 43, 9, 2, 
2019/7/21, 28, 8, 3, 
2019/7/22, 24, 12, 3, 1
2019/7/23, 26, 17, 4, 1
2019/7/24, 40, 20, 8, 1
2019/7/25, 34, 23, 6, 1
2019/7/26, 41, 14, 5, 
2019/7/27, 46, 13, 3, 1
2019/7/28, 46, 12, 3, 
2019/7/29, 41, 13, 3, 
2019/7/30, 47, 13, 4, 
2019/7/31, 43, 11, 2, 
2019/8/1, 36, 13, 2, 1
2019/8/2, 33, 9, 2, 1
2019/8/3, 32, 8, 1, 
2019/8/4, 26, 8, 4, 1
2019/8/5, 26, 8, 5, 
2019/8/6, 26, 9, 3, 1
2019/8/7, 28, 4, 2, 1
2019/8/8, 15, 9, 5, 1
2019/8/9, 24, 10, 4, 1
2019/8/10, 31, 6, 2, 1
2019/8/11, 18, 8, 2, 1
2019/8/12, 26, 7, 3, 1
2019/8/13, 25, 7, 2, 1
2019/8/14, 22, 7, 3, 1
2019/8/15, 22, 4, 2, 1
2019/8/16, 17, 6, 4, 1
2019/8/17, 20, 8, 5, 1
2019/8/18, 22, 7, 3, 1
2019/8/19, 22, 11, 4, 1
2019/8/20, 27, 4, 2, 1
2019/8/21, 15, 12, 2, 1
2019/8/22, 42, 16, 4, 1
2019/8/23, 43, 21, 5, 1
2019/8/24, 56, 12, 4, 1
2019/8/25, 47, 19, 7, 1
2019/8/26, 56, 25, 5, 1
2019/8/27, 67, 26, 6, 1
2019/8/28, 66, 20, 4, 1
2019/8/29, 58, 9, 2, 1
2019/8/30, 31, 20, 5, 1
2019/8/31, 54, 18, 4, 1
2019/9/1, 53, 8, 2, 
2019/9/2, 31, 11, 2, 1
2019/9/3, 30, 9, 6, 1
2019/9/4, 21, 14, 7, 1
2019/9/5, 30, , 3, 
2019/9/6, 5, , 3, 
2019/9/7, 5, , 3, 
2019/9/10, 11, , 7, 
2019/9/13, 15, 7, 2, 
2019/9/14, 19, 10, 5, 
2019/9/15, 29, 10, 3, 
2019/9/16, 32, 7, 3, 
2019/9/17, 22, 7, 1, 
2019/9/18, 14, 8, 2, 
2019/9/19, 17, 8, 2, 
2019/9/20, 20, 12, 7, 1
2019/9/21, 26, 13, 4, 3
2019/9/22, 27, 12, 7, 1
2019/9/23, 37, 11, 4, 
2019/9/24, 40, 8, 4, 
2019/9/25, 29, 4, 2, 
2019/9/26, 13, 5, 6, 
2019/9/27, 14, 4, 3, 
2019/9/28, 14, 5, 4, 
2019/9/29, 16, 8, 2, 
2019/9/30, 12, , 2, 
2019/4/1, 59, 26, 8, 2
2019/4/2, 54, 38, 7, 2
2019/4/3, 69, 21, 5, 
2019/4/4, 56, 29, 8, 2
2019/4/5, 68, 5, 4, 
2019/4/6, 23, 16, 6, 1
2019/4/7, 54, 33, 4, 1
2019/4/8, 86, 29, 3, 1
2019/4/9, 78, 40, 5, 1
2019/4/10, 95, 28, 3, 1
2019/4/11, 72, 23, 3, 
2019/4/12, 65, 23, 3, 
2019/4/13, 69, 24, 3, 
2019/4/14, 75, 24, 3, 1
2019/4/15, 66, 28, 7, 1
2019/4/16, 65, 20, 3, 1
2019/4/17, 56, 18, 5, 
2019/4/18, 49, 16, 4, 1
2019/4/19, 47, 19, 4, 1
2019/4/20, 45, 15, 2, 1
2019/4/21, 39, 14, 3, 1
2019/4/22, 35, 24, 6, 1
2019/4/23, 62, 28, 4, 
2019/4/24, 59, 24, 6, 
2019/4/25, 47, 30, 6, 
2019/4/26, 48, 7, 2, 
2019/4/27, 23, 4, 1, 
2019/4/28, 16, 8, 3, 
2019/4/29, 34, 10, 3, 
2019/4/30, 36, 20, 2, 1
2019/5/1, 61, 17, 3, 1
2019/5/2, 50, 9, 3, 
2019/5/3, 32, 13, 4, 
2019/5/4, 47, 7, 1, 
2019/5/5, 30, 8, 2, 
2019/5/6, 27, 11, 3, 
2019/5/7, 36, 17, 8, 1
2019/5/8, 47, 6, 4, 
2019/5/9, 23, 3, 2, 
2019/5/10, 11, 5, 5, 
2019/5/11, 18, 3, 2, 
2019/5/12, 15, 7, 2, 
2019/5/13, 21, 8, 2, 
2019/5/14, 24, 6, 3, 
2019/5/15, 26, 6, 4, 
2019/5/16, 23, 13, 6, 1
2019/5/17, 44, 19, 4, 1
2019/5/18, 61, 19, 6, 1
2019/5/19, 62, 8, 5, 
2019/5/20, 30, 5, 6, 
2019/5/21, 18, 6, 3, 
2019/5/22, 30, 7, 1, 
2019/5/23, 27, 10, 2, 
2019/5/24, 31, 13, 3, 
2019/5/25, 43, 11, 2, 
2019/5/26, 41, 19, 8, 1
2019/5/27, 53, 9, 5, 
2019/5/28, 29, 8, 2, 
2019/5/29, 32, 9, 3, 
2019/5/30, 30, 9, 2, 
2019/5/31, 27, 10, 2, 
2019/6/1, 36, 10, 2, 
2019/6/2, 39, 10, 5, 1
2019/6/3, 29, 14, 5, 3
2019/6/4, 39, 20, 7, 6
2019/6/5, 50, 17, 5, 
2019/6/6, 50, 13, 3, 
2019/6/7, 41, 11, 2, 
2019/6/8, 27, 10, 3, 1
2019/6/9, 31, 19, 3, 
2019/6/10, 42, 20, 5, 1
2019/6/11, 52, 22, 4, 1
2019/6/12, 48, 25, 4, 1
2019/6/13, 52, 24, 3, 
2019/6/14, 56, 25, 5, 
2019/6/15, 53, 13, 2, 
2019/6/16, 38, 14, 2, 
2019/6/17, 35, 17, 5, 1
2019/6/18, 38, 22, 6, 
2019/6/19, 50, 14, 4, 
2019/6/20, 42, 6, 2, 
2019/6/21, 18, 11, 2, 
2019/6/22, 39, 15, 2, 
2019/6/23, 50, 13, 2, 1
2019/6/24, 34, 18, 5, 
2019/6/25, 46, 18, 6, 
2019/6/26, 47, 20, 2, 
2019/6/27, 45, 14, 2, 
2019/6/28, 30, 10, 3, 
2019/6/29, 23, 16, 7, 
2019/6/30, 34, 20, 10, 
2019/1/1, 26, 1, 1, 
2019/1/2, 6, 2, 2, 
2019/1/3, 7, 6, 4, 1
2019/1/4, 25, 2, 5, 1
2019/1/5, 10, 3, 2, 1
2019/1/6, 15, 18, 16, 1
2019/1/7, 60, 4, 5, 1
2019/1/8, 17, 1, 4, 
2019/1/9, 6, 9, 4, 1
2019/1/10, 43, 6, 3, 1
2019/1/11, 24, 6, 5, 1
2019/1/12, 28, 2, 2, 
2019/1/13, 7, 1, 1, 
2019/1/14, 6, 3, 3, 
2019/1/15, 16, 8, 5, 
2019/1/16, 27, 11, 13, 1
2019/1/17, 31, 5, 3, 1
2019/1/18, 17, 19, 10, 1
2019/1/19, 62, 27, 6, 1
2019/1/20, 79, 42, 12, 3
2019/1/21, 113, 58, 26, 1
2019/1/22, 148, 49, 16, 1
2019/1/23, 136, 39, 7, 2
2019/1/24, 108, 32, 8, 1
2019/1/25, 91, 9, 5, 1
2019/1/26, 37, 28, 13, 1
2019/1/27, 80, 13, 6, 1
2019/1/28, 40, 8, 6, 1
2019/1/29, 34, 22, 14, 1
2019/1/30, 67, 33, 16, 1
2019/1/31, 92, 28, 10, 2
2019/2/1, 82, 9, 5, 1
2019/2/2, 33, 12, 6, 1
2019/2/3, 42, 9, 3, 1
2019/2/4, 38, 14, 5, 1
2019/2/5, 52, 21, 6, 1
2019/2/6, 69, 29, 17, 1
2019/2/7, 82, 22, 13, 1
2019/2/8, 62, 41, 16, 1
2019/2/9, 107, 41, 9, 1
2019/2/10, 106, 3, 3, 1
2019/2/11, 16, 4, 2, 1
2019/2/12, 15, 11, 5, 1
2019/2/13, 42, 10, 5, 1
2019/2/14, 35, 15, 7, 2
2019/2/15, 50, 23, 23, 2
2019/2/16, 63, 43, 19, 3
2019/2/17, 113, 55, 24, 3
2019/2/18, 137, 31, 9, 2
2019/2/19, 86, 21, 5, 1
2019/2/20, 66, 28, 5, 2
2019/2/21, 79, 13, 3, 1
2019/2/22, 48, 10, 3, 2
2019/2/23, 33, 14, 4, 2
2019/2/24, 42, 9, 5, 2
2019/2/25, 28, 12, 5, 2
2019/2/26, 38, 17, 4, 2
2019/2/27, 51, 16, 4, 1
2019/2/28, 47, 12, 3, 1
2019/3/1, 39, 17, 4, 1
2019/3/2, 59, 9, 4, 1
2019/3/3, 30, 8, 9, 1
2019/3/4, 24, 3, 2, 1
2019/3/5, 10, 10, 6, 1
2019/3/6, 33, 12, 7, 2
2019/3/7, 31, 4, 5, 1
2019/3/8, 10, 3, 3, 
2019/3/9, 11, 4, 5, 1
2019/3/10, 17, 4, 2, 1
2019/3/11, 14, 8, 5, 1
2019/3/12, 29, 6, 7, 1
2019/3/13, 21, 3, 3, 1
2019/3/14, 13, 3, 3, 1
2019/3/15, 12, 7, 8, 1
2019/3/16, 25, 14, 8, 2
2019/3/17, 46, 4, 3, 1
2019/3/18, 15, 11, 3, 1
2019/3/19, 37, 12, 3, 1
2019/3/20, 41, 22, 14, 2
2019/3/21, 54, 25, 10, 2
2019/3/22, 62, 31, 8, 2
2019/3/23, 82, 35, 3, 1
2019/3/24, 92, 21, 3, 
2019/3/25, 60, 9, 2, 
2019/3/26, 34, 11, 4, 
2019/3/27, 41, 14, 4, 1
2019/3/28, 50, 17, 3, 2
2019/3/29, 57, 24, 9, 2
2019/3/30, 65, 17, 3, 2
2019/3/31, 55, 23, 3, 2
2018/10/1, 54, 5, 3, 
2018/10/2, 20, 6, 3, 
2018/10/3, 21, 11, 7, 
2018/10/4, 33, 17, 7, 
2018/10/5, 46, 20, 5, 2
2018/10/6, 57, 13, 4, 
2018/10/7, 43, 19, 3, 
2018/10/8, 60, 34, 12, 1
2018/10/9, 83, 39, 11, 1
2018/10/10, 92, 40, 12, 1
2018/10/11, 89, 35, 9, 1
2018/10/12, 81, , , 
2018/10/14, 59, 34, 8, 3
2018/10/15, 65, 43, 10, 1
2018/10/16, 83, 54, 17, 1
2018/10/17, 128, 50, 7, 1
2018/10/18, 128, 49, 4, 1
2018/10/19, 125, 42, 3, 
2018/10/20, 121, 8, 2, 
2018/10/21, 35, 14, 3, 1
2018/10/22, 53, 13, 4, 
2018/10/23, 44, 5, 2, 
2018/10/24, 18, 2, 3, 
2018/10/25, 11, 9, 6, 
2018/10/26, 37, 13, 5, 
2018/10/27, 49, 13, 7, 
2018/10/28, 53, 10, 7, 1
2018/10/29, 34, 7, 4, 1
2018/10/30, 17, 4, 7, 
2018/10/31, 11, 13, 4, 
2018/11/1, 29, 11, 11, 
2018/11/2, 35, 12, 5, 
2018/11/3, 48, 26, 8, 1
2018/11/4, 82, 25, 8, 1
2018/11/5, 78, 30, 7, 2
2018/11/6, 87, 37, 9, 2
2018/11/7, 99, 31, 6, 
2018/11/8, 90, 38, 11, 
2018/11/9, 107, 33, 6, 
2018/11/10, 96, 28, 8, 
2018/11/11, 85, 30, 10, 
2018/11/12, 91, 12, 8, 
2018/11/13, 50, 7, 3, 
2018/11/14, 27, 15, 7, 1
2018/11/15, 55, 19, 10, 1
2018/11/16, 65, 23, 7, 1
2018/11/17, 76, 33, 6, 2
2018/11/18, 97, 44, 10, 1
2018/11/19, 127, 16, 11, 
2018/11/20, 59, 17, 10, 
2018/11/21, 62, 23, 10, 
2018/11/22, 77, 21, 7, 
2018/11/23, 71, 20, 7, 1
2018/11/24, 69, 19, 7, 1
2018/11/25, 65, 19, 6, 1
2018/11/26, 67, 16, 4, 1
2018/11/27, 63, 20, 4, 1
2018/11/28, 64, 26, 11, 1
2018/11/29, 82, 19, 7, 3
2018/11/30, 59, 33, 15, 1
2018/12/1, 97, 53, 11, 1
2018/12/2, 150, 50, 15, 1
2018/12/3, 140, 2, 3, 
2018/12/4, 14, 10, 11, 1
2018/12/5, 32, 16, 15, 
2018/12/6, 53, 35, 17, 1
2018/12/7, 95, 8, 3, 
2018/12/8, 25, 1, 2, 
2018/12/9, 6, 2, 3, 
2018/12/10, 11, 4, 4, 
2018/12/11, 18, 5, 5, 
2018/12/12, 22, 25, 12, 1
2018/12/13, 81, 21, 9, 1
2018/12/14, 74, 16, 5, 1
2018/12/15, 61, 19, 7, 1
2018/12/16, 68, 27, 14, 1
2018/12/17, 82, 21, 17, 1
2018/12/18, 69, 30, 11, 1
2018/12/19, 92, 41, 16, 2
2018/12/20, 118, 33, 17, 1
2018/12/21, 103, 4, 3, 1
2018/12/22, 17, 2, 2, 
2018/12/23, 10, 3, 3, 
2018/12/24, 13, 4, 2, 
2018/12/25, 19, 9, 3, 1
2018/12/26, 42, 6, 3, 
2018/12/27, 24, 10, 9, 1
2018/12/28, 39, 16, 12, 1
2018/12/29, 60, 5, 3, 
2018/12/30, 23, , , 
2018/7/2, 11, 11, 6, 
2018/7/3, 17, 9, 3, 
2018/7/4, 18, 11, 3, 1
2018/7/5, 30, 8, 2, 
2018/7/6, 31, 10, 1, 1
2018/7/7, 26, 10, 1, 1
2018/7/8, 22, 12, 1, 1
2018/7/9, 35, 10, 4, 
2018/7/10, 33, 8, 1, 
2018/7/11, 30, 8, 2, 
2018/7/12, 25, 8, 2, 
2018/7/13, 24, 8, 1, 1
2018/7/14, 29, 10, 1, 1
2018/7/15, 29, 10, 2, 1
2018/7/16, 29, 11, 2, 1
2018/7/17, 36, 13, 2, 1
2018/7/18, 35, 13, 1, 1
2018/7/19, 31, 12, 2, 1
2018/7/20, 40, 16, 6, 1
2018/7/21, 49, 11, 1, 1
2018/7/22, 42, 15, 2, 1
2018/7/23, 50, 14, 2, 1
2018/7/24, 42, 11, 1, 1
2018/7/25, 25, 9, 1, 1
2018/7/26, 27, 11, 2, 1
2018/7/27, 35, 9, 3, 
2018/7/28, 30, 10, 2, 1
2018/7/29, 33, , , 
2018/4/1, 35, 9, 3, 
2018/4/2, 31, 15, 12, 1
2018/4/3, 43, 18, 11, 1
2018/4/4, 38, 4, 3, 
2018/4/5, 9, 9, 3, 
2018/4/6, 36, 19, 7, 1
2018/4/7, 57, 20, 4, 2
2018/4/8, 62, 18, 7, 1
2018/4/9, 38, 12, 5, 
2018/4/10, 30, 14, 7, 1
2018/4/11, 33, 29, 8, 1
2018/4/12, 50, 13, 4, 
2018/4/13, 33, 6, 5, 1
2018/4/14, 17, 29, 7, 2
2018/4/15, 62, 29, 8, 1
2018/4/16, 66, 16, 2, 
2018/4/17, 50, 20, 2, 
2018/4/18, 55, 19, 2, 1
2018/4/19, 48, 14, 2, 1
2018/4/20, 33, 19, 9, 1
2018/4/21, 37, 25, 4, 1
2018/4/22, 60, 23, 4, 1
2018/4/23, 52, 20, 3, 
2018/4/24, 45, 18, 7, 
2018/4/25, 36, 11, 4, 
2018/4/26, 34, 17, 7, 1
2018/4/27, 39, 21, 6, 2
2018/4/28, 54, 32, 5, 1
2018/4/29, 56, 25, 5, 1
2018/4/30, 41, 11, 3, 1
2018/5/1, 21, 21, 5, 1
2018/5/2, 47, 15, 3, 1
2018/5/3, 42, 27, 3, 1
2018/5/4, 72, 21, 2, 1
2018/5/5, 53, 12, 2, 1
2018/5/6, 24, 12, 3, 2
2018/5/7, 25, 12, 2, 1
2018/5/8, 30, 24, 4, 1
2018/5/9, 57, 26, 4, 1
2018/5/10, 63, 14, 3, 1
2018/5/11, 49, 21, 5, 2
2018/5/12, 64, 19, 5, 2
2018/5/13, 51, 20, 6, 1
2018/5/14, 47, 7, 4, 1
2018/5/15, 29, 9, 3, 
2018/5/16, 33, 10, 3, 
2018/5/17, 43, 20, 2, 1
2018/5/18, 63, 18, 2, 1
2018/5/19, 59, 13, 3, 2
2018/5/20, 43, 13, 5, 1
2018/5/21, 40, 19, 8, 2
2018/5/22, 49, 21, 6, 2
2018/5/23, 58, 22, 4, 1
2018/5/24, 63, , 3, 1
2018/5/26, 26, 5, 5, 1
2018/5/27, 18, , 8, 1
2018/5/29, 24, 24, 5, 3
2018/5/30, 39, 23, 5, 2
2018/5/31, 45, 16, 5, 2
2018/6/1, 43, 7, 2, 
2018/6/2, 24, 6, 2, 
2018/6/3, 21, 10, 3, 1
2018/6/4, 34, 12, 2, 1
2018/6/5, 40, 15, 4, 1
2018/6/6, 47, 18, 6, 1
2018/6/7, 52, 16, 5, 
2018/6/8, 44, 10, 4, 
2018/6/9, 29, 12, 3, 
2018/6/10, 39, 14, 3, 
2018/6/11, 44, 9, 5, 
2018/6/12, 27, 18, 2, 
2018/6/13, 54, 11, 2, 
2018/6/14, 38, 11, 2, 
2018/6/15, 40, 11, 2, 
2018/6/16, 35, 13, 2, 
2018/6/17, 42, 10, 2, 
2018/6/18, 28, 7, 2, 
2018/6/19, 18, 11, 4, 1
2018/6/20, 26, 15, 4, 
2018/6/21, 33, 8, 2, 
2018/6/22, 11, 4, 2, 
2018/6/23, 14, 4, 1, 
2018/6/24, 16, 5, 2, 
2018/6/25, 19, 6, 2, 
2018/6/26, 23, 10, 2, 
2018/6/27, 33, 10, 2, 
2018/6/28, 38, 18, 3, 
2018/6/29, 54, 12, 2, 
2018/6/30, 37, 6, 1, 
2018/7/1, 12, 8, 5, 
2018/1/3, 9, 4, 8, 1
2018/1/4, 22, 6, 9, 1
2018/1/5, 34, 10, 14, 1
2018/1/6, 82, 28, 12, 1
2018/1/7, 75, 24, 6, 2
2018/1/8, 57, 16, 10, 1
2018/1/9, 75, 24, 9, 3
2018/1/10, 55, 14, 11, 2
2018/1/11, 52, 14, 6, 2
2018/1/12, 71, 22, 8, 2
2018/1/13, 70, 21, 6, 1
2018/1/14, 60, 16, 6, 2
2018/1/15, 65, 19, 8, 2
2018/1/16, 68, 22, 9, 1
2018/1/17, 9, 2, 3, 1
2018/1/18, 14, 5, 9, 1
2018/1/19, 9, 2, 3, 1
2018/1/20, 23, 5, 4, 1
2018/1/21, 56, 14, , 1
2018/1/22, 68, 20, 9, 2
2018/1/23, 58, 15, 9, 
2018/1/24, 82, 28, 19, 1
2018/1/25, 92, 32, 13, 4
2018/1/26, 108, 39, 13, 2
2018/1/27, 66, 18, 5, 1
2018/1/28, 51, 14, 8, 1
2018/1/29, 19, 5, 4, 
2018/1/30, 19, 5, 3, 1
2018/1/31, 58, 18, 14, 2
2018/2/1, 73, 28, 14, 2
2018/2/2, 18, 5, 4, 1
2018/2/3, 51, 14, 7, 1
2018/2/4, 51, 12, 4, 1
2018/2/5, 61, 17, 5, 2
2018/2/6, 75, 24, 11, 4
2018/2/7, 71, 22, 12, 3
2018/2/8, 95, 31, 8, 2
2018/2/9, 103, 35, 5, 3
2018/2/10, 81, 26, 5, 2
2018/2/11, 85, 29, 11, 2
2018/2/12, 55, 14, 5, 1
2018/2/13, 51, 12, 4, 2
2018/2/14, 79, 25, 6, 3
2018/2/15, 79, 27, 9, 2
2018/2/16, 83, 27, 14, 1
2018/2/17, 103, 35, 10, 2
2018/2/18, 57, 15, 4, 2
2018/2/19, 79, 26, 11, 2
2018/2/20, 85, 28, 8, 3
2018/2/21, 115, 41, 7, 5
2018/2/22, 96, 32, 7, 6
2018/2/23, 100, 34, 7, 
2018/2/24, 71, 23, 4, 
2018/2/25, 72, 21, 3, 
2018/2/26, 91, 31, 6, 
2018/2/27, 89, 31, 6, 
2018/2/28, 94, 35, 6, 
2018/3/1, 114, 41, 12, 
2018/3/2, 108, 37, 11, 
2018/3/3, 129, 48, 9, 
2018/3/4, 153, 57, 11, 
2018/3/5, 111, 39, 11, 
2018/3/6, 113, 39, 16, 
2018/3/7, 79, 25, 13, 
2018/3/8, 28, 8, 9, 
2018/3/9, 28, 10, 11, 
2018/3/10, 92, 34, 18, 
2018/3/11, 58, 20, 10, 
2018/3/12, 25, 6, 7, 
2018/3/13, 9, 3, 4, 
2018/3/14, 22, 6, 5, 
2018/3/15, 62, 18, 11, 
2018/3/16, 41, 10, 7, 
2018/3/17, 79, 25, 5, 
2018/3/18, 58, 17, 3, 
2018/3/19, 69, 22, 4, 
2018/3/20, 75, 24, 6, 
2018/3/21, 63, 19, 4, 
2018/3/22, 56, 18, 7, 
2018/3/23, 70, 21, 6, 
2018/3/24, 87, 30, 6, 
2018/3/25, 78, 25, 5, 
2018/3/26, 86, 29, 6, 
2018/3/27, 83, 27, 4, 
2018/3/28, 66, 23, 19, 1
2018/3/29, 21, 6, 4, 
2018/3/30, 29, 8, 6, 
2018/3/31, 47, 13, 4, 
2025/11/1, , 17, 8, 
2025/10/1, , 12, 2, 
2024/12/31, , 31, 8, 
2025/3/2, , 9, 1, 
2024/10/19, , 15, , 1
2024/9/14, , 2, 1, 1
2024/4/27, , 22, 5, 1
2023/11/29, , 24, 11, 2
2023/2/12, , 10, 2, 
2022/1/16, , 8, 2, 
2021/2/7, , 24, 7, 
2020/10/17, , 9, 3, 
2020/3/31, , 15, 3, 
2019/12/31, , 13, 2, 
2019/10/1, , 4, 3, 
2019/7/15, , 14, 3, 1
2019/9/9, , 6, 5, 
2019/9/12, , 6, 3, 
2018/12/31, , 6, 4, 
2018/9/30, , 16, 10, 
2018/10/13, , 37, 8, 
2018/5/25, , 7, 5, 1
2018/5/28, , 9, 5, 1
2018/1/1, , 13, 6, 1
2018/1/2, , 5, 4, 1
2017/10/1, , 23, 11, 2
2017/10/2, , 34, 10, 1
2017/10/3, , 19, 4, 1
2017/10/4, , 7, 4, 1
2017/10/5, , 6, 3, 1
2017/10/6, , 4, 3, 
2017/10/7, , 5, 2, 1
2017/10/8, , 3, 3, 1
2017/10/9, , 6, 5, 1
2017/10/10, , 7, 3, 1
2017/10/11, , 5, 4, 2
2017/10/12, , 9, 4, 1
2017/10/13, , 10, 3, 1
2017/10/14, , 9, 14, 2
2017/10/15, , 15, 17, 2
2017/10/16, , 30, 18, 2
2017/10/17, , 36, 14, 2
2017/10/18, , 46, 10, 1
2017/10/19, , 30, 22, 2
2017/10/20, , 40, 8, 1
2017/10/21, , 22, 4, 1
2017/10/22, , 9, 2, 1
2017/10/23, , 4, 4, 2
2017/10/24, , 10, 13, 2
2017/10/25, , 10, 6, 2
2017/10/26, , 12, 4, 1
2017/10/27, , 11, 3, 1
2017/10/28, , 8, 1, 1
2017/10/29, , 4, 2, 1
2017/10/30, , 3, 5, 1
2017/10/31, , 11, 4, 2
2017/11/1, , 13, 9, 2
2017/11/2, , 13, 5, 2
2017/11/3, , 16, 10, 
2017/11/4, , 20, 6, 3
2017/11/5, , 22, 4, 
2017/11/6, , 7, 11, 3
2017/11/7, , 30, 15, 2
2017/11/8, , 26, 9, 2
2017/11/9, , 16, 8, 
2017/11/10, , 12, 6, 
2017/11/11, , 8, 5, 
2017/11/12, , 6, 3, 2
2017/11/13, , 5, 4, 2
2017/11/14, , 9, 9, 2
2017/11/15, , 16, 17, 3
2017/11/16, , 37, 8, 2
2017/11/17, , 16, 8, 2
2017/11/18, , 17, 3, 
2017/11/19, , 7, 4, 
2017/11/20, , 7, 4, 
2017/11/21, , 2, , 
2017/11/23, , 30, 11, 
2017/11/24, , 19, 7, 
2017/11/25, , 14, 3, 2
2017/11/26, , 7, 6, 
2017/11/27, , 10, 18, 1
2017/11/28, , 13, 16, 1
2017/11/29, , 26, 7, 2
2017/11/30, , 8, 13, 1
2017/12/1, , 17, 6, 1
2017/12/2, , 20, 4, 1
2017/12/3, , 17, 6, 1
2017/12/4, , 9, 7, 
2017/12/5, , 9, 4, 
2017/12/6, , 11, 19, 1
2017/12/7, , 32, 13, 1
2017/12/8, , 26, 4, 
2017/12/9, , 7, 10, 1
2017/12/10, , 8, 8, 1
2017/12/11, , 5, 4, 1
2017/12/12, , 4, 11, 1
2017/12/13, , 12, 13, 1
2017/12/14, , 8, 7, 1
2017/12/15, , 8, 8, 1
2017/12/16, , 12, 5, 1
2017/12/17, , 14, 4, 1
2017/12/18, , 10, 8, 1
2017/12/19, , 15, 14, 
2017/12/20, , 19, 8, 1
2017/12/21, , 8, 8, 1
2017/12/22, , 8, 5, 1
2017/12/23, , 9, 3, 1
2017/12/24, , 9, 9, 1
2017/12/25, , 18, , 
2017/12/27, , 9, 4, 1
2017/12/28, , 3, 5, 1
2017/12/29, , 7, 14, 1
2017/12/30, , 14, , 
2017/7/1, , 2, 2, 1
2017/7/2, , 3, 2, 
2017/7/3, , 8, 3, 2
2017/7/4, , 9, 5, 2
2017/7/5, , 11, 4, 2
2017/7/6, , 15, 6, 2
2017/7/7, , 16, 2, 
2017/7/8, , 11, 5, 2
2017/7/9, , 12, 7, 2
2017/7/10, , 14, 2, 
2017/7/11, , 5, 3, 
2017/7/12, , 5, 1, 1
2017/7/13, , 6, 4, 2
2017/7/14, , 13, 2, 
2017/7/15, , 7, 2, 2
2017/7/16, , 7, 2, 2
2017/7/17, , 5, 7, 2
2017/7/18, , 15, 8, 2
2017/7/19, , 16, 6, 2
2017/7/20, , 11, 3, 
2017/7/21, , 8, 4, 2
2017/7/22, , 11, 3, 
2017/7/23, , 8, 4, 
2017/7/24, , 8, 2, 
2017/7/25, , 4, 2, 
2017/7/26, , 1, 3, 
2017/7/27, , 6, 2, 
2017/7/28, , 6, 3, 2
2017/7/29, , 10, 6, 2
2017/7/30, , 13, 4, 2
2017/7/31, , 10, 6, 2
2017/8/1, , 16, 3, 2
2017/8/2, , 16, 6, 2
2017/8/3, , 17, 4, 2
2017/8/4, , 22, 5, 
2017/8/5, , 9, 2, 
2017/8/6, , 7, 3, 2
2017/8/7, , 10, 4, 
2017/8/8, , 13, 4, 2
2017/8/9, , 11, 5, 2
2017/8/10, , 16, 2, 2
2017/8/11, , 6, 2, 2
2017/8/12, , 5, 2, 2
2017/8/13, , 4, 2, 2
2017/8/14, , 5, 5, 2
2017/8/15, , 10, 4, 2
2017/8/16, , 9, 4, 2
2017/8/17, , 13, 8, 2
2017/8/18, , 17, 2, 2
2017/8/19, , 4, 2, 2
2017/8/20, , 4, 2, 2
2017/8/21, , 7, 3, 2
2017/8/22, , 9, 2, 2
2017/8/23, , 10, 13, 2
2017/8/24, , 20, 3, 2
2017/8/25, , 10, 4, 2
2017/8/26, , 12, 2, 2
2017/8/27, , 11, 2, 2
2017/8/28, , 13, 6, 3
2017/8/29, , 12, 7, 2
2017/8/30, , 20, 8, 2
2017/8/31, , 20, 2, 2
2017/9/1, , 5, 1, 2
2017/9/2, , 4, 1, 2
2017/9/3, , 5, 2, 2
2017/9/4, , 6, 3, 2
2017/9/5, , 7, , 
2017/9/11, , 10, 3, 
2017/9/12, , 4, 8, 1
2017/9/13, , 5, 7, 1
2017/9/14, , 7, 3, 1
2017/9/15, , 4, 5, 
2017/9/16, , 8, 2, 
2017/9/17, , 9, 3, 1
2017/9/18, , 3, 4, 1
2017/9/19, , 8, 3, 2
2017/9/20, , 12, 3, 2
2017/9/21, , 9, 3, 2
2017/9/22, , 15, 3, 2
2017/9/23, , 15, 2, 1
2017/9/24, , 8, 10, 1
2017/9/25, , 15, 11, 2
2017/9/26, , 17, 11, 2
2017/9/27, , 32, 9, 2
2017/9/28, , 29, 9, 2
2017/9/29, , 27, 6, 2
2017/9/30, , 22, 5, 2
2017/4/1, , 20, 8, 2
2017/4/2, , 16, 4, 2
2017/4/3, , 25, 2, 1
2017/4/4, , 9, 4, 1
2017/4/5, , 13, 2, 1
2017/4/6, , 10, 4, 1
2017/4/7, , 12, 2, 1
2017/4/8, , 15, 5, 2
2017/4/9, , 11, 11, 2
2017/4/10, , 19, 2, 1
2017/4/11, , 13, 5, 1
2017/4/12, , 15, 4, 1
2017/4/13, , 11, 4, 1
2017/4/14, , 16, 3, 1
2017/4/15, , 15, 2, 
2017/4/16, , 8, 2, 
2017/4/17, , 8, 2, 1
2017/4/18, , 8, 2, 1
2017/4/19, , 11, 2, 1
2017/4/20, , 12, 3, 1
2017/4/21, , 17, 3, 2
2017/4/22, , 11, 1, 
2017/4/23, , 4, 4, 1
2017/4/24, , 10, 10, 1
2017/4/25, , 19, 3, 1
2017/4/26, , 17, 3, 2
2017/4/27, , 8, 3, 1
2017/4/28, , 7, 2, 1
2017/4/29, , 15, 5, 2
2017/4/30, , 16, 3, 1
2017/5/1, , 16, 3, 1
2017/5/2, , 3, 10, 2
2017/5/3, , 14, 7, 1
2017/5/4, , 17, 3, 1
2017/5/5, , 8, 3, 2
2017/5/6, , 13, 3, 1
2017/5/7, , 12, 2, 1
2017/5/8, , 10, 2, 1
2017/5/9, , 8, 5, 2
2017/5/10, , 10, 8, 3
2017/5/11, , 14, 4, 2
2017/5/12, , 7, 2, 1
2017/5/13, , 3, 1, 2
2017/5/14, , 4, 2, 1
2017/5/15, , 6, 2, 
2017/5/16, , 9, 5, 2
2017/5/17, , 16, 6, 3
2017/5/18, , 16, 4, 2
2017/5/19, , 17, 1, 1
2017/5/20, , 6, 2, 2
2017/5/21, , 12, 2, 2
2017/5/22, , 14, 2, 2
2017/5/23, , 14, 2, 
2017/5/24, , 15, 1, 2
2017/5/25, , 8, 1, 2
2017/5/26, , 8, 2, 2
2017/5/27, , 10, 3, 2
2017/5/28, , 10, 9, 2
2017/5/29, , 15, 11, 2
2017/5/30, , 23, 2, 2
2017/5/31, , 11, 2, 2
2017/6/1, , 12, 5, 2
2017/6/2, , 12, 4, 2
2017/6/3, , 16, 3, 2
2017/6/4, , 11, 2, 2
2017/6/5, , 8, 5, 2
2017/6/6, , 13, 2, 2
2017/6/7, , 4, 2, 2
2017/6/8, , 6, 6, 2
2017/6/9, , 13, 1, 
2017/6/10, , 6, 2, 2
2017/6/11, , 7, 6, 2
2017/6/12, , 12, 2, 2
2017/6/13, , 11, 1, 2
2017/6/14, , 10, 4, 3
2017/6/15, , 11, 3, 2
2017/6/16, , 12, 1, 
2017/6/17, , 7, 1, 2
2017/6/18, , 7, 2, 2
2017/6/19, , 10, 8, 2
2017/6/20, , 13, 3, 2
2017/6/21, , 17, 5, 2
2017/6/22, , 15, 2, 2
2017/6/23, , 19, 3, 2
2017/6/24, , 20, 2, 2
2017/6/25, , 16, 3, 2
2017/6/26, , 9, 8, 2
2017/6/27, , 16, 7, 1
2017/6/28, , 18, 4, 1
2017/6/29, , 4, 2, 1
2017/6/30, , 2, 2, 1
2017/1/2, , 29, 4, 
2017/1/3, , 10, 3, 1
2017/1/4, , 4, 2, 
2017/1/5, , 4, 2, 2
2017/1/6, , 6, 4, 2
2017/1/7, , 12, 9, 2
2017/1/8, , 19, 9, 3
2017/1/9, , 21, 10, 4
2017/1/10, , 26, 25, 3
2017/1/11, , 49, 10, 2
2017/1/12, , 11, 6, 2
2017/1/13, , 8, 4, 
2017/1/14, , 5, 4, 
2017/1/15, , 7, 6, 2
2017/1/16, , 11, 5, 3
2017/1/17, , 17, 7, 5
2017/1/18, , 29, 13, 6
2017/1/19, , 46, 30, 5
2017/1/20, , 60, 28, 5
2017/1/21, , 66, 11, 11
2017/1/22, , 47, 12, 4
2017/1/23, , 58, 7, 3
2017/1/24, , 38, 9, 3
2017/1/25, , 25, 13, 4
2017/1/26, , 29, 9, 2
2017/1/27, , 38, 8, 7
2017/1/28, , 47, 11, 5
2017/1/29, , 48, 10, 2
2017/1/30, , 34, 13, 5
2017/1/31, , 45, 27, 5
2017/2/1, , 50, 25, 3
2017/2/2, , 46, 24, 2
2017/2/3, , 28, 20, 2
2017/2/4, , 31, 8, 2
2017/2/5, , 9, 8, 3
2017/2/6, , 18, 5, 3
2017/2/7, , 22, 6, 4
2017/2/8, , 31, 16, 6
2017/2/9, , 53, 9, 4
2017/2/10, , 31, 6, 5
2017/2/11, , 24, 7, 5
2017/2/12, , 28, 16, 3
2017/2/13, , 35, 15, 3
2017/2/14, , 45, 22, 4
2017/2/15, , 49, 35, 2
2017/2/16, , 53, 15, 1
2017/2/17, , 25, 5, 
2017/2/18, , 15, 13, 1
2017/2/19, , 22, 6, 1
2017/2/20, , 17, 3, 
2017/2/21, , 3, 5, 
2017/2/22, , 5, 10, 1
2017/2/23, , 9, 2, 1
2017/2/24, , 4, 6, 1
2017/2/25, , 10, 11, 1
2017/2/26, , 12, 16, 2
2017/2/27, , 21, 8, 1
2017/2/28, , 16, 3, 
2017/3/1, , 3, 4, 
2017/3/2, , 4, 6, 1
2017/3/3, , 10, 5, 1
2017/3/4, , 12, 2, 
2017/3/5, , 3, 4, 
2017/3/6, , 4, 4, 1
2017/3/7, , 10, 4, 1
2017/3/8, , 14, 3, 
2017/3/9, , 4, 2, 
2017/3/10, , 4, 2, 2
2017/3/11, , 13, 2, 2
2017/3/12, , 18, 4, 2
2017/3/13, , 26, 5, 2
2017/3/14, , 26, 6, 2
2017/3/15, , 30, 4, 2
2017/3/16, , 23, 8, 2
2017/3/17, , 23, 3, 1
2017/3/18, , 9, 3, 
2017/3/19, , 4, 3, 
2017/3/20, , 5, 4, 1
2017/3/21, , 11, 4, 2
2017/3/22, , 12, 6, 1
2017/3/23, , 27, 3, 
2017/3/24, , 20, 3, 2
2017/3/25, , 17, 2, 2
2017/3/26, , 11, 4, 2
2017/3/27, , 16, 14, 2
2017/3/28, , 20, 5, 2
2017/3/29, , 19, 5, 2
2017/3/30, , 15, 8, 1
2017/3/31, , 19, 5, 4
2016/10/1, , 27, 4, 1
2016/10/2, , 12, 3, 1
2016/10/3, , 5, 2, 1
2016/10/4, , 5, 2, 1
2016/10/5, , 3, 3, 1
2016/10/6, , 3, 5, 2
2016/10/7, , 14, 4, 2
2016/10/8, , 10, 3, 
2016/10/9, , 9, 3, 2
2016/10/10, , 10, 5, 1
2016/10/11, , 13, 5, 1
2016/10/12, , 7, 6, 
2016/10/13, , 11, 6, 4
2016/10/14, , 16, 6, 2
2016/10/15, , 19, 4, 2
2016/10/16, , 22, 10, 2
2016/10/17, , 29, 9, 2
2016/10/18, , 21, 10, 2
2016/10/19, , 22, 6, 1
2016/10/20, , 4, 16, 2
2016/10/21, , 16, 8, 2
2016/10/22, , 14, 8, 
2016/10/23, , 20, 11, 2
2016/10/24, , 25, 9, 2
2016/10/25, , 12, 4, 2
2016/10/26, , 15, 6, 2
2016/10/27, , 22, 9, 2
2016/10/28, , 23, 4, 
2016/10/29, , 10, 1, 
2016/10/30, , 7, 4, 2
2016/10/31, , 11, 7, 2
2016/11/1, , 12, 5, 1
2016/11/2, , 11, 5, 
2016/11/3, , 8, 16, 2
2016/11/4, , 20, 12, 2
2016/11/5, , 27, 4, 2
2016/11/6, , 10, 5, 2
2016/11/7, , 11, 7, 2
2016/11/8, , 14, 13, 2
2016/11/9, , 20, 10, 2
2016/11/10, , 12, 11, 2
2016/11/11, , 22, 4, 2
2016/11/12, , 20, 3, 2
2016/11/13, , 11, 6, 2
2016/11/14, , 18, 23, 2
2016/11/15, , 33, 21, 2
2016/11/16, , 31, 14, 2
2016/11/17, , 44, 14, 2
2016/11/18, , 28, 10, 2
2016/11/19, , 15, 6, 2
2016/11/20, , 6, 7, 2
2016/11/21, , 18, 9, 2
2016/11/22, , 20, 14, 3
2016/11/23, , 36, 14, 3
2016/11/24, , 39, 11, 3
2016/11/25, , 38, 10, 2
2016/11/26, , 47, 2, 1
2016/11/27, , 6, 3, 
2016/11/28, , 7, 5, 
2016/11/29, , 11, 8, 2
2016/11/30, , 14, 8, 1
2016/12/1, , 14, 4, 1
2016/12/2, , 7, 3, 2
2016/12/3, , 9, 17, 2
2016/12/4, , 29, 14, 1
2016/12/5, , 36, 10, 1
2016/12/6, , 21, 16, 2
2016/12/7, , 25, 16, 2
2016/12/8, , 45, 9, 
2016/12/9, , 10, 4, 2
2016/12/10, , 7, 6, 2
2016/12/11, , 10, 3, 1
2016/12/12, , 7, 11, 2
2016/12/13, , 16, 14, 2
2016/12/14, , 21, 4, 2
2016/12/15, , 9, 15, 2
2016/12/16, , 26, 14, 1
2016/12/17, , 33, 16, 2
2016/12/18, , 26, 10, 1
2016/12/19, , 30, 7, 1
2016/12/20, , 15, 8, 2
2016/12/21, , 20, 13, 
2016/12/22, , 26, 14, 1
2016/12/23, , 22, 10, 2
2016/12/24, , 17, 1, 1
2016/12/25, , 4, 2, 
2016/12/26, , 5, 2, 
2016/12/27, , 5, 2, 2
2016/12/28, , 4, 3, 2
2016/12/29, , 9, 11, 2
2016/12/30, , 9, 11, 2
2016/12/31, , 11, 23, 3
2017/1/1, , 62, 14, 2
2016/7/1, , 6, 3, 1
2016/7/2, , 11, 1, 1
2016/7/3, , 7, 1, 2
2016/7/4, , 7, 7, 2
2016/7/5, , 10, 1, 2
2016/7/6, , 8, 1, 2
2016/7/7, , 8, 6, 2
2016/7/8, , 14, 1, 1
2016/7/9, , 10, 4, 2
2016/7/10, , 14, 8, 
2016/7/11, , 17, 2, 1
2016/7/12, , 6, 1, 1
2016/7/13, , 7, 1, 2
2016/7/14, , 2, 1, 2
2016/7/15, , 7, , 2
2016/7/16, , 7, 1, 2
2016/7/17, , 10, 1, 2
2016/7/18, , 9, 1, 2
2016/7/19, , 9, 1, 2
2016/7/20, , 11, 7, 2
2016/7/21, , 18, 2, 
2016/7/22, , 12, 2, 2
2016/7/23, , 10, 1, 2
2016/7/24, , 10, 1, 2
2016/7/25, , 15, 1, 1
2016/7/26, , 11, 2, 1
2016/7/27, , 18, 1, 1
2016/7/28, , 8, 1, 1
2016/7/29, , 9, 2, 
2016/7/30, , 6, 4, 1
2016/7/31, , 8, 1, 1
2016/8/1, , 9, 1, 1
2016/8/2, , 7, 2, 
2016/8/3, , 7, 8, 1
2016/8/4, , 16, 1, 1
2016/8/5, , 8, 1, 1
2016/8/6, , 10, 1, 1
2016/8/7, , 9, 4, 1
2016/8/8, , 10, 4, 1
2016/8/9, , 11, , 
2016/8/10, , 7, 1, 1
2016/8/11, , 6, 1, 1
2016/8/12, , 5, 1, 
2016/8/13, , 5, 2, 
2016/8/14, , 6, , 1
2016/8/15, , 11, 2, 1
2016/8/16, , 11, 2, 1
2016/8/17, , 14, 9, 1
2016/8/18, , 16, 7, 1
2016/8/19, , 9, 6, 1
2016/8/20, , 13, 2, 1
2016/8/21, , 6, 3, 1
2016/8/22, , 6, 2, 1
2016/8/23, , 7, 3, 1
2016/8/24, , 11, 7, 2
2016/8/25, , 15, 6, 2
2016/8/26, , 14, 5, 2
2016/8/27, , 18, 5, 3
2016/8/28, , 22, 7, 2
2016/8/29, , 14, 2, 1
2016/8/30, , 9, 7, 2
2016/8/31, , 14, 5, 1
2016/9/1, , 13, 3, 1
2016/9/2, , 11, 5, 1
2016/9/3, , 12, 4, 1
2016/9/4, , 11, 2, 1
2016/9/5, , 4, 3, 
2016/9/6, , 9, 4, 1
2016/9/7, , 17, 11, 2
2016/9/8, , 27, 8, 2
2016/9/9, , 17, 10, 2
2016/9/10, , 22, 7, 2
2016/9/11, , 26, 14, 2
2016/9/12, , 34, 10, 6
2016/9/13, , 35, 9, 2
2016/9/14, , 30, 9, 2
2016/9/15, , 31, , 2
2016/9/16, , 28, , 1
2016/9/17, , 14, , 1
2016/9/18, , 2, 4, 1
2016/9/19, , 11, 3, 1
2016/9/20, , 19, 3, 2
2016/9/21, , 10, 3, 2
2016/9/22, , 9, 7, 
2016/9/23, , 9, 4, 2
2016/9/24, , 10, 9, 2
2016/9/25, , 20, 13, 2
2016/9/26, , 26, 10, 2
2016/9/27, , 28, 4, 2
2016/9/28, , 18, 4, 2
2016/9/29, , 9, 8, 2
2016/9/30, , 10, 10, 2
2016/4/1, , 16, 4, 2
2016/4/2, , 17, 5, 2
2016/4/3, , 19, 13, 2
2016/4/4, , 30, 15, 2
2016/4/5, , 42, 4, 1
2016/4/6, , 20, 7, 1
2016/4/7, , 15, 3, 1
2016/4/8, , 13, 1, 1
2016/4/9, , 10, 1, 1
2016/4/10, , 15, 3, 1
2016/4/11, , 19, 5, 1
2016/4/12, , 32, 10, 1
2016/4/13, , 30, 3, 
2016/4/14, , 12, 6, 1
2016/4/15, , 14, 7, 2
2016/4/16, , 11, 6, 1
2016/4/17, , 11, 2, 
2016/4/18, , 10, 2, 
2016/4/19, , 14, 2, 1
2016/4/20, , 12, 7, 3
2016/4/21, , 23, 4, 2
2016/4/22, , 19, 4, 2
2016/4/23, , 16, 1, 
2016/4/24, , 8, 2, 
2016/4/25, , 7, 7, 1
2016/4/26, , 7, 4, 
2016/4/27, , 5, 7, 1
2016/4/28, , 7, 12, 2
2016/4/29, , 16, 8, 2
2016/4/30, , 12, 5, 2
2016/5/1, , 17, 4, 2
2016/5/2, , 24, 2, 1
2016/5/3, , 16, 2, 
2016/5/4, , 5, 1, 1
2016/5/5, , 13, 3, 2
2016/5/6, , 14, 4, 2
2016/5/7, , 15, 4, 2
2016/5/8, , 11, 6, 2
2016/5/9, , 14, 5, 2
2016/5/10, , 17, 6, 2
2016/5/11, , 20, 7, 1
2016/5/12, , 20, 2, 1
2016/5/13, , 3, 1, 1
2016/5/14, , 12, 1, 1
2016/5/15, , 9, 1, 1
2016/5/16, , 6, 2, 1
2016/5/17, , 8, 4, 1
2016/5/18, , 11, 5, 2
2016/5/19, , 18, 2, 1
2016/5/20, , 12, 3, 2
2016/5/21, , 8, 6, 2
2016/5/22, , 16, 5, 2
2016/5/23, , 18, 2, 1
2016/5/24, , 2, 1, 1
2016/5/25, , 9, 1, 2
2016/5/26, , 17, 5, 2
2016/5/27, , 24, 4, 2
2016/5/28, , 18, 2, 2
2016/5/29, , 20, 4, 2
2016/5/30, , 7, 1, 2
2016/5/31, , 2, 2, 2
2016/6/2, , 5, 2, 
2016/6/3, , 8, 1, 2
2016/6/4, , 10, 1, 2
2016/6/5, , 10, 1, 2
2016/6/6, , 13, 2, 2
2016/6/7, , 10, 7, 3
2016/6/8, , 16, 2, 2
2016/6/9, , 11, 1, 2
2016/6/10, , 9, 2, 2
2016/6/11, , 11, 1, 2
2016/6/12, , 8, 1, 
2016/6/13, , 6, 1, 2
2016/6/14, , 6, 1, 2
2016/6/15, , 2, 5, 2
2016/6/16, , 12, 2, 3
2016/6/17, , 6, 2, 2
2016/6/18, , 3, , 2
2016/6/19, , 4, 1, 2
2016/6/20, , 6, 4, 2
2016/6/21, , 9, 4, 2
2016/6/22, , 12, 4, 3
2016/6/23, , 12, 7, 1
2016/6/24, , 28, 3, 2
2016/6/25, , 33, , 1
2016/6/26, , 8, 1, 1
2016/6/27, , 6, 1, 1
2016/6/28, , 7, 5, 1
2016/6/29, , 8, 6, 2
2016/6/30, , 12, 1, 2
2016/1/4, , 36, 12, 5
2016/1/5, , 51, 11, 
2016/1/6, , 47, 13, 2
2016/1/7, , 33, 11, 1
2016/1/8, , 22, 14, 1
2016/1/9, , 37, 15, 2
2016/1/10, , 22, 8, 1
2016/1/11, , 14, 2, 1
2016/1/12, , 2, 2, 
2016/1/13, , 2, 8, 1
2016/1/14, , 11, 4, 
2016/1/15, , 7, 2, 2
2016/1/16, , 12, 3, 2
2016/1/17, , 20, 2, 2
2016/1/18, , 20, 18, 3
2016/1/19, , 41, 10, 1
2016/1/20, , 27, 6, 1
2016/1/21, , 13, 16, 2
2016/1/22, , 24, 20, 1
2016/1/23, , 43, 4, 
2016/1/24, , 11, 4, 
2016/1/25, , 6, 11, 2
2016/1/26, , 11, 6, 1
2016/1/27, , 13, 7, 2
2016/1/28, , 10, 4, 1
2016/1/29, , 10, 13, 1
2016/1/30, , 24, 1, 2
2016/1/31, , 2, 2, 
2016/2/1, , 2, 5, 
2016/2/2, , 7, 4, 1
2016/2/3, , 5, 3, 1
2016/2/4, , 9, 5, 
2016/2/5, , 8, 11, 2
2016/2/6, , 15, 8, 2
2016/2/7, , 11, 12, 
2016/2/8, , 12, 9, 
2016/2/9, , 6, 3, 
2016/2/10, , 3, 4, 1
2016/2/11, , 4, 12, 1
2016/2/12, , 14, 5, 1
2016/2/13, , 13, 7, 1
2016/2/14, , 19, 5, 1
2016/2/15, , 11, 3, 1
2016/2/16, , 12, 9, 2
2016/2/17, , 18, 7, 1
2016/2/18, , 18, 6, 2
2016/2/19, , 17, 3, 1
2016/2/20, , 8, 1, 1
2016/2/21, , 2, 4, 1
2016/2/22, , 22, 2, 1
2016/2/23, , 38, 3, 2
2016/2/24, , 8, 10, 2
2016/2/25, , 18, 5, 2
2016/2/26, , 12, 6, 3
2016/2/27, , 20, 6, 4
2016/2/28, , 30, 12, 2
2016/2/29, , 23, 6, 1
2016/3/1, , 14, 13, 1
2016/3/2, , 24, 3, 2
2016/3/3, , 8, 6, 2
2016/3/4, , 14, 10, 2
2016/3/5, , 13, 2, 2
2016/3/6, , 4, 4, 1
2016/3/7, , 11, 5, 2
2016/3/8, , 15, 9, 2
2016/3/9, , 21, 6, 2
2016/3/10, , 32, 4, 1
2016/3/11, , 22, 3, 1
2016/3/12, , 11, 3, 2
2016/3/13, , 18, 3, 2
2016/3/14, , 20, 4, 2
2016/3/15, , 15, 10, 2
2016/3/16, , 24, 9, 3
2016/3/17, , 34, 5, 2
2016/3/18, , 28, 4, 1
2016/3/19, , 25, 4, 1
2016/3/20, , 25, 5, 1
2016/3/21, , 17, 5, 1
2016/3/22, , 14, 3, 2
2016/3/23, , 17, 2, 1
2016/3/24, , 12, 4, 2
2016/3/25, , 21, 3, 
2016/3/26, , 9, 5, 2
2016/3/27, , 14, 7, 2
2016/3/28, , 20, 4, 
2016/3/29, , 10, 10, 2
2016/3/30, , 13, 12, 2
2016/3/31, , 16, 4, 1
2015/10/1, , 15, 8, 1
2015/10/2, , 18, 5, 3
2015/10/3, , 20, 4, 1
2015/10/4, , 20, 5, 1
2015/10/5, , 16, 13, 1
2015/10/6, , 35, 10, 1
2015/10/7, , 19, 5, 
2015/10/8, , 6, 6, 1
2015/10/9, , 21, 7, 2
2015/10/10, , 43, 3, 2
2015/10/11, , 33, 6, 1
2015/10/12, , 27, 13, 1
2015/10/13, , 37, 7, 1
2015/10/14, , 14, 10, 1
2015/10/15, , 13, 6, 1
2015/10/16, , 12, 7, 1
2015/10/17, , 12, 9, 1
2015/10/18, , 24, 4, 1
2015/10/19, , 14, 5, 1
2015/10/20, , 22, 7, 1
2015/10/21, , 20, 7, 1
2015/10/22, , 18, 5, 1
2015/10/23, , 13, 10, 1
2015/10/24, , 20, 9, 1
2015/10/25, , 21, 7, 2
2015/10/26, , 29, 7, 1
2015/10/27, , 28, 6, 4
2015/10/28, , 36, 12, 1
2015/10/29, , 35, 9, 1
2015/10/30, , 24, , 
2015/11/1, , 20, 17, 2
2015/11/2, , 36, 18, 2
2015/11/3, , 53, 17, 2
2015/11/4, , 58, 15, 2
2015/11/5, , 37, 31, 1
2015/11/6, , 45, 5, 1
2015/11/7, , 10, 2, 1
2015/11/8, , 7, 7, 1
2015/11/9, , 11, 4, 1
2015/11/10, , 12, 3, 1
2015/11/11, , 8, 5, 1
2015/11/12, , 18, 19, 1
2015/11/13, , 31, 2, 1
2015/11/14, , 8, 1, 1
2015/11/15, , 8, 5, 1
2015/11/16, , 21, 6, 1
2015/11/17, , 15, 2, 1
2015/11/18, , 5, 4, 1
2015/11/19, , 5, 6, 
2015/11/20, , 5, 2, 
2015/11/21, , 8, 2, 
2015/11/22, , 10, 6, 1
2015/11/23, , 8, 15, 1
2015/11/24, , 17, 16, 1
2015/11/25, , 26, 10, 1
2015/11/26, , 25, 5, 2
2015/11/27, , 19, 5, 1
2015/11/28, , 20, 1, 1
2015/11/29, , 5, 1, 
2015/11/30, , 3, 1, 
2015/12/1, , 3, 6, 1
2015/12/2, , 7, 12, 1
2015/12/3, , 22, 13, 1
2015/12/4, , 22, 16, 1
2015/12/5, , 34, 8, 1
2015/12/6, , 16, 14, 1
2015/12/7, , 22, 5, 1
2015/12/8, , 5, 11, 1
2015/12/9, , 17, 8, 1
2015/12/10, , 26, 24, 1
2015/12/11, , 33, 3, 1
2015/12/12, , 7, 5, 1
2015/12/13, , 9, 12, 1
2015/12/14, , 16, 14, 1
2015/12/15, , 40, 14, 1
2015/12/16, , 49, 11, 1
2015/12/17, , 24, 12, 1
2015/12/18, , 32, 12, 1
2015/12/19, , 31, 6, 1
2015/12/20, , 28, 13, 1
2015/12/21, , 24, 9, 
2015/12/22, , 9, 9, 1
2015/12/23, , 20, 16, 1
2015/12/24, , 33, 11, 1
2015/12/25, , 29, 13, 1
2015/12/26, , 27, 14, 1
2015/12/27, , 31, 20, 1
2015/12/28, , 30, 11, 1
2015/12/29, , 30, 9, 2
2015/12/30, , 21, , 
2016/1/3, , 38, 8, 5
2015/7/1, , 19, 3, 3
2015/7/2, , 21, 5, 2
2015/7/3, , 23, 5, 2
2015/7/4, , 20, 7, 2
2015/7/5, , 18, 5, 1
2015/7/6, , 25, 9, 2
2015/7/7, , 30, 3, 1
2015/7/8, , 15, 3, 1
2015/7/9, , 11, 2, 1
2015/7/10, , 10, 4, 2
2015/7/11, , 12, 4, 2
2015/7/12, , 14, 3, 1
2015/7/13, , 12, 4, 1
2015/7/14, , 11, 2, 1
2015/7/15, , 9, 6, 2
2015/7/16, , 17, 4, 1
2015/7/17, , 18, 4, 1
2015/7/18, , 13, 5, 2
2015/7/19, , 17, 2, 1
2015/7/20, , 11, 4, 1
2015/7/21, , 12, 5, 2
2015/7/22, , 17, 3, 1
2015/7/23, , 13, 4, 6
2015/7/24, , 20, 4, 8
2015/7/25, , 14, 2, 
2015/7/26, , 6, 3, 1
2015/7/27, , 6, 5, 
2015/7/28, , 6, 4, 1
2015/7/29, , 6, 2, 1
2015/7/30, , 7, 3, 1
2015/7/31, , 8, 5, 1
2015/8/1, , 12, 3, 1
2015/8/2, , 14, 4, 2
2015/8/3, , 16, 7, 1
2015/8/4, , 25, 4, 1
2015/8/5, , 16, 8, 2
2015/8/6, , 22, 8, 2
2015/8/7, , 23, 7, 3
2015/8/8, , 27, 5, 2
2015/8/9, , 21, 8, 2
2015/8/10, , 24, 9, 1
2015/8/11, , 24, 3, 2
2015/8/12, , 25, 4, 2
2015/8/13, , 30, 7, 1
2015/8/14, , 36, 5, 1
2015/8/15, , 20, 3, 1
2015/8/16, , 15, 3, 1
2015/8/17, , 4, 2, 1
2015/8/18, , 11, 3, 1
2015/8/19, , 12, 3, 1
2015/8/20, , 19, 4, 1
2015/8/21, , 24, 3, 2
2015/8/22, , 20, 4, 1
2015/8/23, , 19, 4, 2
2015/8/24, , 21, 3, 1
2015/8/25, , 5, 7, 1
2015/8/26, , 9, 10, 1
2015/8/27, , 18, 5, 1
2015/8/28, , 26, 5, 1
2015/8/29, , 18, 7, 3
2015/8/30, , 19, 11, 2
2015/8/31, , 26, 16, 1
2015/9/1, , 29, 2, 
2015/9/2, , 6, 6, 2
2015/9/3, , 12, 4, 1
2015/9/4, , 6, 3, 
2015/9/5, , 9, 2, 1
2015/9/6, , 5, 3, 1
2015/9/7, , 6, 2, 1
2015/9/8, , 5, 3, 1
2015/9/9, , 7, 3, 1
2015/9/10, , 11, 7, 1
2015/9/11, , 16, 5, 
2015/9/12, , 15, 3, 3
2015/9/13, , 20, 6, 2
2015/9/14, , 14, 8, 
2015/9/15, , 10, 11, 1
2015/9/16, , 16, 10, 1
2015/9/17, , 19, 2, 
2015/9/18, , 3, 2, 
2015/9/19, , 5, 2, 1
2015/9/20, , 7, 4, 1
2015/9/21, , 7, 9, 1
2015/9/22, , 13, 4, 1
2015/9/23, , 8, 3, 
2015/9/24, , 8, 5, 1
2015/9/25, , 14, 2, 
2015/9/26, , 12, 1, 1
2015/9/27, , 8, 2, 2
2015/9/28, , 6, 3, 2
2015/9/29, , 9, 5, 1
2015/9/30, , 11, 10, 1
2015/4/1, , 3, 2, 
2015/4/2, , 4, 2, 
2015/4/3, , 5, 2, 1
2015/4/4, , 8, 1, 1
2015/4/5, , 8, 1, 1
2015/4/6, , 7, 2, 2
2015/4/7, , 16, 6, 1
2015/4/8, , 24, 5, 2
2015/4/9, , 22, 11, 2
2015/4/10, , 30, 6, 2
2015/4/11, , 25, 2, 1
2015/4/12, , 10, 3, 1
2015/4/13, , 13, 3, 1
2015/4/14, , 11, 4, 1
2015/4/15, , 11, 5, 1
2015/4/16, , 13, 5, 1
2015/4/17, , 24, 2, 1
2015/4/18, , 9, 2, 1
2015/4/22, , 22, 7, 1
2015/4/23, , 23, 3, 1
2015/4/24, , 6, 9, 1
2015/4/25, , 15, 4, 1
2015/4/26, , 6, 7, 1
2015/4/27, , 6, 5, 1
2015/4/28, , 9, 4, 1
2015/4/29, , 15, 8, 1
2015/4/30, , 19, 3, 1
2015/5/4, , 13, 7, 1
2015/5/5, , 25, 2, 1
2015/5/6, , 8, 2, 1
2015/5/7, , 7, 7, 2
2015/5/8, , 15, 3, 1
2015/5/9, , 13, 1, 
2015/5/10, , 9, 2, 1
2015/5/11, , 10, 11, 1
2015/5/12, , 22, 6, 1
2015/5/13, , 21, 2, 1
2015/5/14, , 14, 9, 2
2015/5/15, , 23, 4, 1
2015/5/16, , 24, 2, 1
2015/5/17, , 11, 7, 2
2015/5/18, , 18, 6, 1
2015/5/19, , 17, 2, 
2015/5/20, , 10, 3, 
2015/5/21, , 16, 2, 1
2015/5/22, , 23, 2, 1
2015/5/23, , 13, 1, 
2015/5/24, , 12, 2, 
2015/5/25, , 20, 2, 
2015/5/26, , 18, 2, 1
2015/5/27, , 14, 3, 1
2015/5/28, , 13, 10, 1
2015/5/29, , 21, 3, 1
2015/5/30, , 12, 2, 
2015/5/31, , 9, 11, 1
2015/6/1, , 17, 4, 1
2015/6/2, , 8, 6, 1
2015/6/3, , 12, 2, 2
2015/6/4, , 18, 3, 2
2015/6/5, , 20, 5, 2
2015/6/6, , 25, 6, 2
2015/6/7, , 21, 5, 3
2015/6/8, , 27, 2, 2
2015/6/9, , 21, 2, 2
2015/6/10, , 23, 5, 2
2015/6/11, , 26, 7, 2
2015/6/12, , 29, 5, 1
2015/6/13, , 27, 6, 1
2015/6/14, , 17, 3, 
2015/6/15, , 20, 2, 1
2015/6/16, , 12, 2, 1
2015/6/17, , 10, 4, 1
2015/6/18, , 14, 2, 
2015/6/19, , 11, 2, 
2015/6/20, , 10, 1, 
2015/6/21, , 7, 3, 
2015/6/22, , 5, 4, 
2015/6/23, , 4, 2, 1
2015/6/24, , 5, 2, 1
2015/6/25, , 10, 1, 1
2015/6/26, , 10, 2, 1
2015/6/27, , 11, 1, 2
2015/6/28, , 10, 1, 1
2015/6/29, , 9, 5, 1
2015/6/30, , 13, 6, 2
2015/1/1, , 22, 4, 1
2015/1/2, , 9, 5, 1
2015/1/3, , 12, 2, 2
2015/1/4, , 4, 3, 1
2015/1/5, , 10, 4, 2
2015/1/6, , 14, 14, 3
2015/1/7, , 30, 16, 1
2015/1/8, , 48, 4, 1
2015/1/9, , 3, 1, 1
2015/1/10, , 2, 1, 
2015/1/11, , 3, 4, 
2015/1/12, , 5, 22, 1
2015/1/13, , 27, 16, 1
2015/1/14, , 32, 13, 1
2015/1/15, , 17, 5, 1
2015/1/16, , 35, 12, 1
2015/1/17, , 21, 4, 1
2015/1/18, , 14, 14, 2
2015/1/19, , 27, 9, 1
2015/1/20, , 31, 12, 1
2015/1/21, , 30, 8, 3
2015/1/22, , 20, 9, 1
2015/1/23, , 16, 4, 2
2015/1/24, , 20, 3, 1
2015/1/25, , 12, 5, 1
2015/1/26, , 14, 7, 1
2015/1/27, , 11, 10, 1
2015/1/28, , 18, 12, 1
2015/1/29, , 15, 7, 1
2015/1/30, , 12, 9, 1
2015/1/31, , 11, 19, 1
2015/2/1, , 36, 6, 1
2015/2/2, , 13, 9, 1
2015/2/3, , 17, 6, 1
2015/2/4, , 28, 10, 6
2015/2/5, , 33, 6, 4
2015/2/6, , 32, 4, 3
2015/2/7, , 32, 4, 2
2015/2/8, , 14, 5, 1
2015/2/9, , 7, 7, 2
2015/2/10, , 16, 5, 1
2015/2/11, , 17, 8, 1
2015/2/12, , 18, 10, 3
2015/2/13, , 32, 8, 4
2015/2/14, , 43, 10, 5
2015/2/15, , 50, 16, 4
2015/2/16, , 38, 9, 3
2015/2/17, , 29, 7, 1
2015/2/18, , 33, 16, 1
2015/2/19, , 39, 26, 2
2015/2/20, , 53, 13, 1
2015/2/21, , 35, 9, 2
2015/2/22, , 42, 13, 2
2015/2/23, , 36, 10, 1
2015/2/24, , 17, 4, 1
2015/2/25, , 15, 5, 2
2015/2/26, , 23, 11, 2
2015/2/27, , 28, 8, 1
2015/2/28, , 23, 11, 1
2015/3/1, , 20, 6, 1
2015/3/2, , 3, 4, 1
2015/3/3, , 8, 4, 1
2015/3/4, , 5, 4, 1
2015/3/5, , 12, 3, 1
2015/3/6, , 13, 4, 2
2015/3/7, , 23, 12, 2
2015/3/8, , 25, 11, 2
2015/3/9, , 24, 11, 2
2015/3/10, , 36, 4, 2
2015/3/11, , 20, 3, 1
2015/3/12, , 17, 4, 1
2015/3/13, , 26, 5, 
2015/3/14, , 23, 8, 2
2015/3/15, , 38, 8, 3
2015/3/16, , 31, 12, 2
2015/3/17, , 44, 12, 4
2015/3/18, , 35, 6, 4
2015/3/19, , 45, 15, 3
2015/3/20, , 52, 17, 2
2015/3/21, , 52, 4, 2
2015/3/22, , 33, 10, 2
2015/3/23, , 34, 10, 3
2015/3/24, , 50, 10, 3
2015/3/25, , 40, 10, 2
2015/3/26, , 35, 5, 1
2015/3/27, , 13, 3, 
2015/3/28, , 15, 3, 
2015/3/29, , 9, 3, 
2015/3/30, , 2, 5, 
2015/3/31, , 4, 3, 
2014/10/1, , 23, 2, 1
2014/10/2, , 18, 4, 2
2014/10/3, , 23, 7, 2
2014/10/4, , 36, 6, 2
2014/10/5, , 30, 8, 3
2014/10/6, , 38, 7, 3
2014/10/7, , 42, 10, 1
2014/10/8, , 36, 9, 1
2014/10/9, , 23, 7, 1
2014/10/10, , 24, 8, 1
2014/10/11, , 28, 6, 1
2014/10/12, , 24, 11, 1
2014/10/13, , 37, 6, 1
2014/10/14, , 12, 12, 2
2014/10/15, , 18, 6, 1
2014/10/16, , 9, 5, 1
2014/10/17, , 6, 6, 1
2014/10/18, , 12, 9, 1
2014/10/19, , 18, 6, 1
2014/10/20, , 11, 5, 
2014/10/21, , 5, 3, 1
2014/10/22, , 4, 3, 1
2014/10/23, , 8, 4, 1
2014/10/24, , 21, 9, 2
2014/10/25, , 34, 13, 1
2014/10/26, , 30, 13, 1
2014/10/27, , 29, 14, 1
2014/10/28, , 35, 15, 3
2014/10/29, , 36, 19, 2
2014/10/30, , 52, 11, 1
2014/10/31, , 34, 15, 1
2014/11/1, , 34, 11, 1
2014/11/2, , 33, 13, 1
2014/11/3, , 49, 14, 1
2014/11/4, , 32, 9, 1
2014/11/5, , 20, 6, 1
2014/11/6, , 11, 15, 1
2014/11/7, , 40, 7, 1
2014/11/8, , 15, 7, 1
2014/11/9, , 19, 13, 1
2014/11/10, , 22, 11, 1
2014/11/11, , 30, 11, 2
2014/11/12, , 50, 11, 3
2014/11/13, , 32, 12, 3
2014/11/14, , 44, 6, 3
2014/11/15, , 33, 7, 2
2014/11/16, , 37, 7, 1
2014/11/17, , 20, 7, 1
2014/11/18, , 12, 6, 1
2014/11/19, , 4, 7, 1
2014/11/20, , 12, 7, 2
2014/11/21, , 20, 11, 
2014/11/22, , 31, 6, 3
2014/11/23, , 33, 10, 4
2014/11/24, , 38, 13, 2
2014/11/25, , 39, 9, 3
2014/11/26, , 37, 7, 5
2014/11/27, , 31, 10, 3
2014/11/28, , 23, 9, 2
2014/11/29, , 18, 8, 1
2014/11/30, , 19, 9, 2
2014/12/1, , 9, 10, 1
2014/12/2, , 13, 11, 2
2014/12/3, , 22, 10, 4
2014/12/4, , 25, 9, 6
2014/12/5, , 25, 8, 3
2014/12/6, , 16, 10, 
2014/12/7, , 6, 5, 
2014/12/8, , 11, 4, 2
2014/12/9, , 20, 9, 1
2014/12/10, , 19, 7, 
2014/12/11, , 6, 19, 1
2014/12/12, , 16, 17, 1
2014/12/13, , 43, 12, 1
2014/12/14, , 41, 18, 2
2014/12/15, , 35, 17, 2
2014/12/16, , 35, 13, 1
2014/12/17, , 15, 5, 
2014/12/18, , 4, 3, 
2014/12/19, , 3, 2, 
2014/12/20, , 5, 1, 3
2014/12/21, , 6, 3, 1
2014/12/22, , 6, 4, 1
2014/12/23, , 4, 4, 1
2014/12/24, , 9, 2, 
2014/12/25, , 5, 1, 1
2014/12/26, , 5, 5, 1
2014/12/27, , 15, 4, 3
2014/12/28, , 26, , 
2014/7/1, , 9, 6, 
2014/7/2, , 11, 3, 
2014/7/3, , 9, 8, 
2014/7/4, , 17, 5, 
2014/7/5, , 16, 3, 
2014/7/6, , 7, 7, 
2014/7/7, , 15, 5, 
2014/7/8, , 19, 3, 
2014/7/9, , 2, 3, 
2014/7/10, , 4, 4, 
2014/7/11, , 8, 3, 
2014/7/12, , 11, 5, 
2014/7/13, , 12, 6, 
2014/7/14, , 10, 2, 
2014/7/15, , 8, 2, 
2014/7/16, , 10, 2, 1
2014/7/17, , 13, 3, 1
2014/7/18, , 19, 5, 1
2014/7/19, , 22, 4, 
2014/7/20, , 23, 3, 
2014/7/21, , 20, 3, 
2014/7/22, , 9, 2, 1
2014/7/23, , 17, 3, 
2014/7/24, , 14, 8, 1
2014/7/25, , 13, 8, 
2014/7/26, , 15, 4, 1
2014/7/27, , 14, 5, 
2014/7/28, , 17, 6, 
2014/7/29, , 19, 8, 1
2014/7/30, , 16, 3, 
2014/7/31, , 11, 2, 
2014/8/1, , 14, 5, 1
2014/8/2, , 17, 4, 
2014/8/3, , 23, 2, 
2014/8/4, , 8, 2, 
2014/8/5, , 9, 2, 
2014/8/6, , 14, 2, 
2014/8/7, , 12, 3, 1
2014/8/8, , 14, 4, 
2014/8/9, , 13, 3, 
2014/8/10, , 8, 2, 
2014/8/11, , 8, 2, 
2014/8/12, , 6, 6, 
2014/8/13, , 9, 2, 
2014/8/14, , 6, 2, 
2014/8/15, , 4, 2, 
2014/8/16, , 6, 1, 1
2014/8/17, , 5, 6, 1
2014/8/18, , 8, 7, 
2014/8/19, , 11, 4, 
2014/8/20, , 9, 2, 
2014/8/21, , 7, 8, 
2014/8/22, , 13, 4, 1
2014/8/23, , 10, 2, 
2014/8/24, , 7, 7, 
2014/8/25, , 9, 8, 
2014/8/26, , 7, 3, 1
2014/8/27, , 7, 5, 1
2014/8/28, , 11, 13, 1
2014/8/29, , 22, 6, 
2014/8/30, , 11, 3, 
2014/8/31, , 8, 2, 
2014/9/1, , 2, 3, 
2014/9/2, , 6, 4, 1
2014/9/3, , 23, 3, 1
2014/9/4, , 37, 7, 2
2014/9/5, , 38, 9, 1
2014/9/6, , 30, 7, 1
2014/9/7, , 23, 10, 1
2014/9/8, , 27, 4, 
2014/9/9, , 22, 3, 1
2014/9/10, , 25, 4, 1
2014/9/11, , 17, 2, 
2014/9/12, , 7, 3, 
2014/9/13, , 6, 2, 
2014/9/14, , 10, 5, 1
2014/9/15, , 20, 11, 1
2014/9/16, , 24, 9, 1
2014/9/17, , 20, 6, 2
2014/9/18, , 24, 9, 1
2014/9/19, , 33, 6, 1
2014/9/20, , 22, 2, 1
2014/9/21, , 9, 1, 4
2014/9/22, , 9, 2, 
2014/9/23, , 7, 7, 1
2014/9/24, , 15, 4, 1
2014/9/25, , 11, 5, 
2014/9/26, , 15, 3, 
2014/9/27, , 12, 6, 2
2014/9/28, , 16, 9, 1
2014/9/29, , 21, 9, 
2014/9/30, , 20, 8, 
2014/4/1, , 45, 13, 2
2014/4/2, , 50, 17, 1
2014/4/3, , 53, 23, 2
2014/4/4, , 53, 7, 2
2014/4/5, , 50, 5, 2
2014/4/6, , 47, 7, 1
2014/4/7, , 27, 10, 1
2014/4/8, , 25, 1, 1
2014/4/9, , 8, 2, 1
2014/4/10, , 12, 1, 1
2014/4/11, , 14, 4, 1
2014/4/12, , 22, 5, 1
2014/4/13, , 20, 3, 1
2014/4/14, , 21, 2, 1
2014/4/15, , 7, , 1
2014/4/16, , 11, 1, 1
2014/4/17, , 17, 2, 1
2014/4/18, , 13, 2, 1
2014/4/19, , 28, 2, 1
2014/4/20, , 10, 2, 
2014/4/21, , 17, 7, 
2014/4/22, , 16, 2, 1
2014/4/23, , 16, 2, 1
2014/4/24, , 20, 5, 1
2014/4/25, , 16, 3, 1
2014/4/26, , 16, 3, 2
2014/4/27, , 21, 1, 
2014/4/28, , 9, 3, 1
2014/4/29, , 25, 2, 1
2014/4/30, , 21, 1, 1
2014/5/1, , 21, 4, 1
2014/5/2, , 23, 1, 1
2014/5/3, , 21, , 1
2014/5/4, , 13, 2, 1
2014/5/5, , 16, 7, 1
2014/5/6, , 24, 8, 2
2014/5/7, , 23, 1, 1
2014/5/8, , 7, 2, 
2014/5/9, , 4, , 1
2014/5/10, , 7, , 
2014/5/12, , 3, 1, 1
2014/5/13, , 5, , 1
2014/5/14, , 11, , 1
2014/5/15, , 10, , 
2014/5/16, , 7, , 
2014/5/17, , 4, 3, 
2014/5/18, , 5, 4, 
2014/5/19, , 14, 4, 1
2014/5/20, , 12, 4, 1
2014/5/21, , 15, 3, 2
2014/5/22, , 23, 3, 
2014/5/23, , 35, , 
2014/5/26, , 19, 5, 1
2014/5/27, , 13, 3, 1
2014/5/28, , 3, 3, 1
2014/5/29, , 5, 2, 1
2014/5/30, , 6, 2, 1
2014/5/31, , 9, 2, 
2014/6/1, , 11, 3, 2
2014/6/2, , 14, 6, 2
2014/6/3, , 17, 9, 2
2014/6/4, , 19, 4, 
2014/6/5, , 8, 3, 2
2014/6/6, , 8, 5, 4
2014/6/7, , 14, 3, 2
2014/6/8, , 13, 7, 3
2014/6/9, , 15, 10, 2
2014/6/10, , 24, 5, 2
2014/6/11, , 24, 2, 1
2014/6/12, , 18, 2, 2
2014/6/13, , 12, 2, 2
2014/6/14, , 10, 2, 2
2014/6/15, , 7, 2, 2
2014/6/16, , 9, 3, 2
2014/6/17, , 10, 3, 2
2014/6/18, , 12, 3, 2
2014/6/19, , 13, 2, 2
2014/6/20, , 8, 2, 2
2014/6/21, , 7, 3, 2
2014/6/22, , 9, 4, 2
2014/6/23, , 14, 3, 2
2014/6/24, , 16, 8, 2
2014/6/25, , 13, 3, 2
2014/6/26, , 9, 8, 2
2014/6/27, , 16, 6, 3
2014/6/28, , 17, 3, 2
2014/6/29, , 11, 2, 2
2014/6/30, , 5, 4, 1
2014/2/7, , 32, 7, 1
2014/2/8, , 9, 6, 1
2014/2/9, , 9, 8, 2
2014/2/10, , 12, 5, 1
2014/2/11, , 11, 10, 1
2014/2/12, , 21, 12, 1
2014/2/13, , 21, 3, 
2014/2/14, , 5, 6, 4
2014/2/15, , 13, 2, 1
2014/2/16, , 8, 15, 1
2014/2/17, , 8, 13, 2
2014/2/18, , 16, 7, 1
2014/2/19, , 23, 9, 1
2014/2/20, , 22, 11, 2
2014/2/21, , 27, 2, 1
2014/2/22, , 10, 1, 2
2014/2/23, , 14, 11, 3
2014/2/24, , 33, 8, 2
2014/2/25, , 26, 10, 2
2014/2/26, , 42, 13, 1
2014/2/27, , 48, 12, 2
2014/2/28, , 42, 10, 3
2014/3/1, , 23, 6, 5
2014/3/2, , 28, 11, 3
2014/3/3, , 35, 10, 2
2014/3/4, , 34, 7, 4
2014/3/5, , 42, 4, 2
2014/3/6, , 42, 4, 2
2014/3/7, , 44, 4, 3
2014/3/8, , 45, 4, 4
2014/3/9, , 45, 14, 3
2014/3/10, , 34, 4, 4
2014/3/11, , 31, 5, 4
2014/3/12, , 42, 15, 5
2014/3/13, , 52, 10, 3
2014/3/14, , 49, 5, 1
2014/3/15, , 35, 3, 
2014/3/16, , 12, 3, 
2014/3/17, , 18, 6, 1
2014/3/18, , 23, 3, 1
2014/3/19, , 13, 7, 1
2014/3/20, , 14, 11, 1
2014/3/21, , 25, 11, 1
2014/3/22, , 26, 2, 
2014/3/23, , 5, 3, 
2014/3/24, , 11, 5, 
2014/3/25, , 19, 8, 1
2014/3/26, , 22, 7, 2
2014/3/27, , 24, 3, 2
2014/3/28, , 28, 9, 2
2014/3/29, , 48, 10, 2
2014/3/30, , 43, 4, 2
2014/3/31, , 33, 7, 3
2024/4/10, , , 1, 
2019/7/13, , , 1, 
2019/7/14, , , 1, 
2019/9/8, , , 2, 
2019/9/11, , , 3, 
2017/12/26, , , 8, 1
2017/9/10, , , 3, 1
2016/6/1, , , 3, 1
2015/10/31, , , 9, 2
2016/1/2, , , 5, 3
2015/4/19, , , 2, 2
2015/4/20, , , 2, 1
2015/4/21, , , 5, 2
2015/5/1, , , 2, 1
2015/5/2, , , 7, 
2015/5/3, , , 6, 7
2014/12/31, , , 5, 2
2014/5/11, , , , 
2014/5/25, , , 6, 2
2014/2/6, , , 14, 1