date, pm25, pm10, no2, co
2025/11/2, 48, 4, 10, 
2025/11/3, 10, 14, 4, 
2025/11/4, 33, 14, 17, 
2025/11/5, 45, 17, 9, 
2025/11/6, 54, 13, 5, 
2025/11/7, 43, 19, 5, 
2025/11/8, 59, 11, 10, 
2025/11/9, 42, 13, 8, 
2025/11/10, 43, 12, 10, 
2025/11/11, 38, 14, 9, 
2025/11/12, 56, , 9, 
2025/10/2, 43, 13, 8, 
2025/10/3, 41, 12, 6, 
2025/10/4, 38, 3, 2, 
2025/10/5, 10, 4, 3, 
2025/10/6, 12, 5, 5, 
2025/10/7, 13, 12, 6, 
2025/10/8, 37, 9, 5, 
2025/10/9, 33, 9, 5, 
2025/10/10, 26, 9, 3, 
2025/10/11, 32, 9, 5, 
2025/10/12, 31, 9, 4, 
2025/10/13, 31, 13, 9, 
2025/10/14, 38, 10, 6, 
2025/10/15, 36, 11, 8, 
2025/10/16, 32, 12, 10, 
2025/10/17, 33, 8, 8, 
2025/10/18, 30, 8, 7, 
2025/10/19, 24, 15, 7, 
2025/10/20, 36, 27, 11, 
2025/10/21, 56, 18, 9, 
2025/10/22, 52, 14, 6, 
2025/10/23, 35, 4, 3, 
2025/10/24, 7, 4, 8, 
2025/10/25, 12, 3, 4, 
2025/10/26, 9, 4, 4, 
2025/10/27, 9, 5, 7, 
2025/10/28, 15, 9, 10, 
2025/10/29, 21, 9, 11, 
2025/10/30, 25, 7, 7, 
2025/10/31, 23, , 8, 
2025/7/1, 20, 18, 5, 
2025/7/2, 23, 15, 5, 
2025/7/3, 25, 12, 4, 
2025/7/4, 36, 14, 4, 
2025/7/5, 32, 11, 2, 
2025/7/6, 26, 7, 3, 
2025/7/7, 22, 4, 2, 
2025/7/8, 13, 9, 2, 
2025/7/9, 22, 7, 3, 
2025/7/10, 21, 6, 3, 
2025/7/11, 18, 6, 5, 
2025/7/12, 18, 8, 4, 
2025/7/13, 24, 10, 4, 
2025/7/14, 21, 7, 2, 
2025/7/15, 19, 11, 3, 
2025/7/16, 30, 5, 2, 
2025/7/17, 15, 7, 2, 
2025/7/18, 20, 9, 5, 
2025/7/19, 21, 11, 3, 
2025/7/20, 26, 13, 4, 
2025/7/21, 27, 10, 2, 
2025/7/22, 30, 9, 6, 
2025/7/23, 15, 12, 6, 
2025/7/24, 23, 10, 5, 
2025/7/25, 30, 11, 4, 
2025/7/26, 38, 11, 2, 
2025/7/27, 35, 7, 2, 
2025/7/28, 20, 8, 2, 
2025/7/29, 25, 8, 3, 
2025/7/30, 19, 7, 2, 
2025/7/31, 18, 6, 3, 
2025/8/1, 16, 5, 3, 
2025/8/2, 13, 5, 1, 
2025/8/3, 15, 6, 2, 
2025/8/4, 19, 7, 3, 
2025/8/5, 20, 8, 4, 
2025/8/6, 16, 10, 4, 
2025/8/7, 22, 13, 7, 
2025/8/8, 30, 16, 6, 
2025/8/9, 32, 16, 4, 
2025/8/10, 40, 17, 5, 
2025/8/11, 31, 20, 7, 
2025/8/12, 33, 24, 5, 
2025/8/13, 39, 21, 7, 
2025/8/14, 38, 18, 5, 
2025/8/15, 38, 20, 3, 
2025/8/16, 46, 15, 3, 
2025/8/17, 39, 14, 4, 
2025/8/18, 20, 19, 7, 
2025/8/19, 25, 20, 7, 
2025/8/20, 28, 18, 9, 
2025/8/21, 44, 11, 5, 
2025/8/22, 27, 9, 3, 
2025/8/23, 17, 4, 3, 
2025/8/24, 10, 7, 5, 
2025/8/25, 15, 15, 8, 
2025/8/26, 26, 17, 8, 
2025/8/27, 37, 19, 6, 
2025/8/28, 43, 11, 4, 
2025/8/29, 24, 5, 3, 
2025/8/30, 14, 6, 5, 
2025/8/31, 21, 9, 6, 
2025/9/1, 23, 6, 4, 
2025/9/2, 18, 6, 4, 
2025/9/3, 12, 8, 7, 
2025/9/4, 16, 6, 2, 
2025/9/5, 11, 5, 4, 
2025/9/6, 13, 7, 5, 
2025/9/7, 20, 11, 5, 
2025/9/8, 35, 14, 8, 
2025/9/9, 31, 12, 7, 
2025/9/10, 41, 5, 4, 
2025/9/11, 16, 6, 8, 
2025/9/12, 16, 8, 5, 
2025/9/13, 25, 5, 2, 
2025/9/14, 17, 7, 8, 
2025/9/15, 16, 7, 4, 
2025/9/16, 15, 7, 4, 
2025/9/17, 15, 9, 8, 
2025/9/18, 18, 9, 9, 
2025/9/19, 19, 10, 5, 
2025/9/20, 25, 9, 3, 
2025/9/21, 18, 14, 5, 
2025/9/22, 32, 10, 6, 
2025/9/23, 25, 7, 4, 
2025/9/24, 22, , , 
2025/4/1, 53, 23, 9, 
2025/4/2, 64, 21, 9, 
2025/4/3, 47, 14, 11, 
2025/4/4, 37, 15, 5, 
2025/4/5, 31, 16, 3, 
2025/4/6, 21, 8, 8, 
2025/4/7, 16, 10, 7, 
2025/4/8, 28, 11, 8, 
2025/4/9, 27, 17, 7, 
2025/4/10, 39, 19, 6, 
2025/4/11, 40, 13, 5, 
2025/4/12, 39, 17, 9, 
2025/4/13, 48, 19, 8, 
2025/4/14, 44, 12, 3, 
2025/4/15, 37, 17, 7, 
2025/4/16, 35, 20, 3, 
2025/4/17, 38, 9, 4, 
2025/4/18, 28, 5, 3, 
2025/4/19, 15, 10, 7, 
2025/4/20, 34, 10, 4, 
2025/4/21, 24, 8, 6, 
2025/4/22, 18, 10, 6, 
2025/4/23, 24, 9, 4, 
2025/4/24, 21, 5, 5, 
2025/4/25, 17, 13, 7, 
2025/4/26, 38, 11, 5, 
2025/4/27, 30, 14, 9, 
2025/4/28, 35, 16, 9, 
2025/4/29, 41, 13, 8, 
2025/4/30, 30, 11, 6, 
2025/5/1, 29, 14, 7, 
2025/5/2, 34, 16, 6, 
2025/5/3, 37, 9, 5, 
2025/5/4, 29, 11, 7, 
2025/5/5, 35, 16, 6, 
2025/5/6, 43, 20, 7, 
2025/5/7, 45, 17, 9, 
2025/5/8, 33, 16, 8, 
2025/5/9, 30, 12, 6, 
2025/5/10, 27, 9, 7, 
2025/5/11, 25, 14, 8, 
2025/5/12, 31, 13, 8, 
2025/5/13, 30, 11, 7, 
2025/5/14, 25, 19, 6, 
2025/5/15, 30, 8, 4, 
2025/5/16, 17, 9, 3, 
2025/5/17, 26, 5, 4, 
2025/5/18, 16, 10, 7, 
2025/5/19, 24, 12, 7, 
2025/5/20, 33, 15, 8, 
2025/5/21, 39, 9, 6, 
2025/5/22, 26, 11, 5, 
2025/5/23, 25, 9, 5, 
2025/5/24, 22, 7, 3, 
2025/5/25, 17, 7, 4, 
2025/5/26, 20, 10, 4, 
2025/5/27, 26, 9, 3, 
2025/5/28, 16, 5, 3, 
2025/5/29, 14, 10, 5, 
2025/5/30, 27, 9, 5, 
2025/5/31, 23, 11, 7, 
2025/6/1, 33, 10, 5, 
2025/6/2, 26, 6, 4, 
2025/6/3, 17, 14, 5, 
2025/6/4, 31, 9, 4, 
2025/6/5, 18, 11, 6, 
2025/6/6, 24, 6, 4, 
2025/6/7, 16, 7, 3, 
2025/6/8, 23, 8, 3, 
2025/6/9, 24, 16, 5, 
2025/6/10, 42, 19, 7, 
2025/6/11, 50, 18, 8, 
2025/6/12, 37, 15, 7, 
2025/6/13, 28, 14, 7, 
2025/6/14, 24, 14, 6, 
2025/6/15, 32, 8, 4, 
2025/6/16, 20, 12, 6, 
2025/6/17, 25, 13, 6, 
2025/6/18, 36, 13, 4, 
2025/6/19, 36, 14, 5, 
2025/6/20, 23, 12, 5, 
2025/6/21, 23, 12, 6, 
2025/6/22, 26, 18, 7, 
2025/6/23, 37, 12, 3, 
2025/6/24, 26, 10, 5, 
2025/6/25, 18, 19, 8, 
2025/6/26, 30, 8, 2, 
2025/6/27, 22, 8, 4, 
2025/6/28, 18, 8, 4, 
2025/6/29, 18, 11, 5, 
2025/6/30, 19, 14, 7, 
2025/1/1, 94, 26, 10, 
2025/1/2, 81, 7, 4, 
2025/1/3, 24, 10, 7, 
2025/1/4, 34, 17, 8, 
2025/1/5, 62, 22, 10, 
2025/1/6, 72, 8, 16, 
2025/1/7, 31, 8, 13, 
2025/1/8, 17, 21, 17, 
2025/1/9, 61, 5, 4, 
2025/1/10, 14, 8, 4, 
2025/1/11, 30, 8, 4, 
2025/1/12, 29, 9, 9, 
2025/1/13, 29, 18, 15, 
2025/1/14, 53, 15, 10, 
2025/1/15, 55, 14, 14, 
2025/1/16, 52, 18, 9, 
2025/1/17, 63, 18, 6, 
2025/1/18, 63, 19, 4, 
2025/1/19, 67, 20, 5, 
2025/1/20, 68, 21, 6, 
2025/1/21, 68, 17, 7, 
2025/1/22, 60, 15, 10, 
2025/1/23, 56, 16, 16, 
2025/1/24, 53, 15, 9, 
2025/1/25, 56, 13, 11, 
2025/1/26, 43, 23, 21, 
2025/1/27, 61, 8, 6, 
2025/1/28, 20, 12, 18, 
2025/1/29, 28, 20, 15, 
2025/1/30, 57, 11, 14, 
2025/1/31, 38, 12, 13, 
2025/2/1, 39, 18, 10, 
2025/2/2, 59, 19, 12, 
2025/2/3, 57, 25, 17, 
2025/2/4, 67, 21, 10, 
2025/2/5, 66, 15, 11, 
2025/2/6, 48, 33, 7, 
2025/2/7, 91, 22, 4, 
2025/2/8, 68, 26, 10, 
2025/2/9, 73, 22, 13, 
2025/2/10, 61, 21, 8, 
2025/2/11, 59, 27, 7, 
2025/2/12, 77, 25, 7, 
2025/2/13, 78, 21, 8, 
2025/2/14, 69, 10, 8, 
2025/2/15, 35, 11, 8, 
2025/2/16, 40, 25, 12, 
2025/2/17, 73, 25, 14, 
2025/2/18, 68, 25, 13, 
2025/2/19, 70, 25, 11, 
2025/2/20, 71, 22, 7, 
2025/2/21, 68, 30, 7, 
2025/2/22, 84, 34, 21, 
2025/2/23, 97, 41, 24, 
2025/2/24, 101, 31, 11, 
2025/2/25, 92, 13, 8, 
2025/2/26, 40, 12, 9, 
2025/2/27, 42, 9, 6, 
2025/2/28, 30, , , 
2025/3/3, 45, 31, 21, 
2025/3/4, 62, 39, 22, 
2025/3/5, 81, 26, 12, 
2025/3/6, 59, 24, 18, 
2025/3/7, 48, 24, 17, 
2025/3/8, 59, 40, 12, 
2025/3/9, 85, 27, 14, 
2025/3/10, 50, 18, 18, 
2025/3/11, 43, 12, 7, 
2025/3/12, 32, 7, 5, 
2025/3/13, 23, 12, 8, 
2025/3/14, 43, 14, 9, 
2025/3/15, 54, 14, 5, 
2025/3/16, 53, 10, 7, 
2025/3/17, 34, 11, 12, 
2025/3/18, 33, 14, 11, 
2025/3/19, 43, 19, 16, 
2025/3/20, 52, 24, 15, 
2025/3/21, 61, 24, 12, 
2025/3/22, 61, 8, 6, 
2025/3/23, 22, 10, 10, 
2025/3/24, 31, 17, 9, 
2025/3/25, 55, 18, 6, 
2025/3/26, 52, 18, 8, 
2025/3/27, 50, 23, 7, 
2025/3/28, 68, 9, 7, 
2025/3/29, 35, 14, 2, 
2025/3/30, 51, 5, 5, 
2025/3/31, 16, 19, 7, 
2024/10/1, 34, 11, 8, 
2024/10/2, 39, 8, 7, 
2024/10/3, 26, 6, 6, 
2024/10/4, 21, 6, 5, 
2024/10/5, 21, 8, 6, 
2024/10/6, 29, 12, 11, 
2024/10/7, 41, 10, 6, 
2024/10/8, 23, 5, 6, 
2024/10/9, 15, 6, 5, 
2024/10/10, 18, 4, 4, 
2024/10/11, 13, 8, 6, 
2024/10/12, 25, 7, 5, 
2024/10/13, 22, 9, 9, 
2024/10/14, 22, 10, 10, 
2024/10/15, 29, 10, 4, 
2024/10/16, 31, 12, 3, 
2024/10/17, 38, 16, 4, 
2024/10/18, 41, , , 
2024/10/20, 37, 19, 7, 
2024/10/21, 52, 31, 15, 
2024/10/22, 71, 22, 12, 
2024/10/23, 64, 16, 8, 
2024/10/24, 47, 25, 5, 
2024/10/25, 69, 26, 8, 
2024/10/26, 72, 28, 9, 
2024/10/27, 75, 19, 12, 
2024/10/28, 53, 20, 14, 
2024/10/29, 51, 14, 8, 
2024/10/30, 42, 17, 10, 
2024/10/31, 50, 17, 9, 
2024/11/1, 52, 12, 4, 
2024/11/2, 40, 12, 11, 
2024/11/3, 43, 16, 13, 
2024/11/4, 47, 18, 9, 
2024/11/5, 55, 30, 15, 
2024/11/6, 76, 34, 16, 
2024/11/7, 88, 37, 15, 
2024/11/8, 95, 44, 21, 
2024/11/9, 112, 39, 11, 
2024/11/10, 111, 30, 12, 
2024/11/11, 87, 25, 11, 
2024/11/12, 71, 13, 8, 
2024/11/13, 47, 10, 5, 
2024/11/14, 42, 10, 7, 
2024/11/15, 39, 13, 10, 
2024/11/16, 47, 17, 9, 
2024/11/17, 59, 4, 6, 
2024/11/18, 13, 19, 10, 
2024/11/19, 60, 7, 7, 
2024/11/20, 29, 6, 5, 
2024/11/21, 18, 7, 4, 
2024/11/22, 24, 6, 8, 
2024/11/23, 20, 11, 12, 
2024/11/24, 42, 22, 16, 
2024/11/25, 63, 14, 12, 
2024/11/26, 49, 24, 21, 
2024/11/27, 65, 9, 9, 
2024/11/28, 31, 5, 5, 
2024/11/29, 21, 12, 9, 
2024/11/30, 45, 17, 14, 
2024/12/1, 61, 25, 15, 
2024/12/2, 74, 17, 18, 
2024/12/3, 60, 10, 11, 
2024/12/4, 36, 14, 15, 
2024/12/5, 49, 8, 8, 
2024/12/6, 27, 8, 6, 
2024/12/7, 30, 13, 9, 
2024/12/8, 52, 14, 8, 
2024/12/9, 53, 10, 8, 
2024/12/10, 36, 11, 9, 
2024/12/11, 39, 19, 10, 
2024/12/12, 50, 17, 8, 
2024/12/13, 52, 13, 7, 
2024/12/14, 51, 5, 3, 
2024/12/15, 21, 3, 2, 
2024/12/16, 7, 6, 4, 
2024/12/17, 19, 21, 16, 
2024/12/18, 60, 30, 12, 
2024/12/19, 86, 4, 3, 
2024/12/20, 13, 9, 11, 
2024/12/21, 31, 7, 10, 
2024/12/22, 25, 4, 4, 
2024/12/23, 16, 5, 3, 
2024/12/24, 19, 9, 8, 
2024/12/25, 31, 12, 11, 
2024/12/26, 44, 14, 15, 
2024/12/27, 50, 14, 15, 
2024/12/28, 47, 16, 20, 
2024/12/29, 56, , , 
2024/7/1, 17, 9, 4, 
2024/7/2, 15, 5, 4, 
2024/7/3, 13, 7, 2, 
2024/7/4, 11, 6, 3, 
2024/7/5, 13, 12, 3, 
2024/7/6, 21, 4, 3, 
2024/7/7, 13, 12, 6, 
2024/7/8, 27, 20, 8, 
2024/7/9, 44, 25, 5, 
2024/7/10, 49, 10, 4, 
2024/7/11, 29, 12, 5, 
2024/7/12, 36, 5, 4, 
2024/7/13, 15, 6, 4, 
2024/7/14, 16, 13, 6, 
2024/7/15, 27, 10, 5, 
2024/7/16, 26, 9, 4, 
2024/7/17, 19, 19, 8, 
2024/7/18, 23, 17, 8, 
2024/7/19, 28, 13, 5, 
2024/7/20, 32, 12, 4, 
2024/7/21, 32, 10, 3, 
2024/7/22, 24, 9, 4, 
2024/7/23, 22, 6, 3, 
2024/7/24, 17, 9, 4, 
2024/7/25, 23, 13, 8, 
2024/7/26, 28, 11, 4, 
2024/7/27, 29, 8, 4, 
2024/7/28, 24, 11, 6, 
2024/7/29, 20, 13, 6, 
2024/7/30, 20, 18, 9, 
2024/7/31, 28, 19, 8, 
2024/8/1, 36, 7, 3, 
2024/8/2, 19, 9, 2, 
2024/8/3, 28, 8, 3, 
2024/8/4, 31, 8, 5, 
2024/8/5, 30, 9, 7, 
2024/8/6, 21, 10, 6, 
2024/8/7, 26, 7, 4, 
2024/8/8, 19, 7, 4, 
2024/8/9, 21, 8, 4, 
2024/8/10, 21, 7, 5, 
2024/8/11, 19, 14, 10, 
2024/8/12, 30, 12, 9, 
2024/8/13, 32, 14, 9, 
2024/8/14, 32, 6, 4, 
2024/8/15, 20, 10, 4, 
2024/8/16, 26, 10, 5, 
2024/8/17, 29, 12, 3, 
2024/8/18, 38, 5, 2, 
2024/8/19, 14, 12, 6, 
2024/8/20, 30, 10, 3, 
2024/8/21, 30, 12, 8, 
2024/8/22, 22, 13, 8, 
2024/8/23, 30, 11, 4, 
2024/8/24, 32, 10, 4, 
2024/8/25, 30, 7, 3, 
2024/8/26, 17, 15, 7, 
2024/8/27, 31, 17, 9, 
2024/8/28, 42, 21, 10, 
2024/8/29, 50, 16, 8, 
2024/8/30, 46, 18, 7, 
2024/8/31, 45, 17, 8, 
2024/9/1, 45, 22, 10, 
2024/9/2, 49, 22, 11, 
2024/9/3, 48, 27, 10, 
2024/9/4, 47, 30, 8, 
2024/9/5, 50, 38, 10, 
2024/9/6, 56, 16, 4, 
2024/9/7, 34, 15, 2, 
2024/9/8, 33, 7, 3, 
2024/9/9, 23, 5, 2, 
2024/9/10, 13, 6, 4, 
2024/9/11, 18, 3, 3, 
2024/9/12, 10, 2, 1, 
2024/9/13, 5, 1, , 
2024/9/15, 7, 2, 3, 
2024/9/16, 6, 7, 7, 
2024/9/17, 21, 24, 11, 
2024/9/18, 50, 18, 13, 
2024/9/19, 50, 19, 11, 
2024/9/20, 49, 15, 7, 
2024/9/21, 39, 17, 4, 
2024/9/22, 41, 19, 9, 
2024/9/23, 45, 8, 10, 
2024/9/24, 23, 6, 10, 
2024/9/25, 19, 11, 9, 
2024/9/26, 31, 3, 8, 
2024/9/27, 9, 3, 2, 
2024/9/28, 7, 5, 4, 
2024/9/29, 16, 9, 8, 
2024/9/30, 22, 14, 8, 
2024/4/1, 53, 4, 4, 
2024/4/2, 9, 6, 9, 
2024/4/3, 12, 5, 6, 
2024/4/4, 10, 7, 9, 
2024/4/5, 15, 12, 13, 
2024/4/6, 26, 12, 8, 
2024/4/7, 31, 16, 6, 
2024/4/8, 28, 21, 10, 
2024/4/9, 30, , , 
2024/4/11, 35, 14, 9, 
2024/4/12, 36, 16, 5, 
2024/4/13, 37, 14, 6, 
2024/4/14, 31, 13, 8, 
2024/4/15, 29, 7, 5, 
2024/4/16, 16, 7, 5, 
2024/4/17, 18, 10, 5, 
2024/4/18, 28, 8, 4, 
2024/4/19, 25, 3, 4, 
2024/4/20, 9, 8, 4, 
2024/4/21, 28, 14, 9, 
2024/4/22, 45, 19, 10, 
2024/4/23, 60, 13, 6, 
2024/4/24, 47, 9, 4, 
2024/4/25, 23, , , 
2024/4/28, 42, 15, 5, 
2024/4/29, 23, 18, 8, 
2024/4/30, 31, 19, 3, 
2024/5/1, 29, 15, 4, 
2024/5/2, 27, 7, 7, 
2024/5/3, 22, 9, 4, 
2024/5/4, 28, 8, 5, 
2024/5/5, 23, 9, 7, 
2024/5/6, 22, 9, 5, 
2024/5/7, 25, 14, 9, 
2024/5/8, 45, 12, 6, 
2024/5/9, 32, 12, 8, 
2024/5/10, 34, 11, 7, 
2024/5/11, 27, 9, 7, 
2024/5/12, 27, 12, 4, 
2024/5/13, 19, 11, 6, 
2024/5/14, 21, 13, 6, 
2024/5/15, 24, 15, 7, 
2024/5/16, 31, 15, 9, 
2024/5/17, 45, 10, 4, 
2024/5/18, 35, 5, 5, 
2024/5/19, 20, 8, 6, 
2024/5/20, 25, 16, 9, 
2024/5/21, 44, 4, 4, 
2024/5/22, 10, 8, 6, 
2024/5/23, 14, 6, 8, 
2024/5/24, 19, 10, 10, 
2024/5/25, 33, 10, 6, 
2024/5/26, 30, 13, 7, 
2024/5/27, 31, 9, 6, 
2024/5/28, 27, 8, 6, 
2024/5/29, 18, 6, 4, 
2024/5/30, 15, 8, 8, 
2024/5/31, 26, 2, 2, 
2024/6/1, 7, 4, 2, 
2024/6/2, 13, 11, 7, 
2024/6/3, 36, 12, 5, 
2024/6/4, 41, 11, 6, 
2024/6/5, 34, 9, 5, 
2024/6/6, 25, 9, 5, 
2024/6/7, 23, 10, 4, 
2024/6/8, 30, 7, 2, 
2024/6/9, 21, 13, 6, 
2024/6/10, 41, 9, 3, 
2024/6/11, 19, 6, 5, 
2024/6/12, 15, 8, 5, 
2024/6/13, 20, 7, 5, 
2024/6/14, 21, 9, 4, 
2024/6/15, 28, 4, 3, 
2024/6/16, 14, 8, 6, 
2024/6/17, 18, 10, 5, 
2024/6/18, 23, 18, 10, 
2024/6/19, 44, 16, 10, 
2024/6/20, 26, 21, 6, 
2024/6/21, 44, 8, 2, 
2024/6/22, 19, 7, 5, 
2024/6/23, 20, 14, 9, 
2024/6/24, 27, 15, 6, 
2024/6/25, 32, 15, 6, 
2024/6/26, 38, 17, 7, 
2024/6/27, 46, 10, 5, 
2024/6/28, 30, 11, 4, 
2024/6/29, 37, 16, 2, 
2024/6/30, 37, 7, 3, 
2024/1/1, 13, 7, 16, 
2024/1/2, 24, 7, 12, 
2024/1/3, 21, 3, 2, 
2024/1/4, 6, 12, 16, 
2024/1/5, 38, 13, 10, 
2024/1/6, 45, 11, 6, 
2024/1/7, 40, 22, 8, 
2024/1/8, 63, 32, 16, 
2024/1/9, 82, 36, 19, 
2024/1/10, 99, 29, 13, 
2024/1/11, 84, 29, 15, 
2024/1/12, 87, 19, 11, 
2024/1/13, 65, 11, 9, 
2024/1/14, 40, 9, 7, 
2024/1/15, 30, 10, 11, 
2024/1/16, 25, 21, 16, 
2024/1/17, 69, 20, 18, 
2024/1/18, 64, 10, 8, 
2024/1/19, 34, 11, 7, 
2024/1/20, 36, 12, 16, 
2024/1/21, 41, 23, 13, 
2024/1/22, 71, 15, 12, 
2024/1/23, 45, 5, 11, 
2024/1/24, 15, 8, 5, 
2024/1/25, 22, 9, 10, 
2024/1/26, 30, 6, 4, 
2024/1/27, 17, 13, 14, 
2024/1/28, 39, 18, 14, 
2024/1/29, 59, 19, 13, 
2024/1/30, 61, 36, 23, 
2024/1/31, 95, 15, 12, 
2024/2/1, 47, 7, 6, 
2024/2/2, 27, 5, 4, 
2024/2/3, 15, 4, 3, 
2024/2/4, 11, 6, 3, 
2024/2/5, 14, 9, 4, 
2024/2/6, 21, 6, 4, 
2024/2/7, 14, 6, 10, 
2024/2/8, 17, 21, 22, 
2024/2/9, 61, 17, 13, 
2024/2/10, 51, 5, 3, 
2024/2/11, 15, 5, 5, 
2024/2/12, 13, 8, 8, 
2024/2/13, 26, 9, 12, 
2024/2/14, 23, 15, 19, 
2024/2/15, 44, 13, 11, 
2024/2/16, 44, 14, 15, 
2024/2/17, 49, 9, 9, 
2024/2/18, 34, 5, 6, 
2024/2/19, 18, 5, 5, 
2024/2/20, 15, 10, 12, 
2024/2/21, 29, 13, 18, 
2024/2/22, 44, 6, 12, 
2024/2/23, 19, 6, 11, 
2024/2/24, 20, 9, 10, 
2024/2/25, 35, 7, 7, 
2024/2/26, 22, 12, 12, 
2024/2/27, 38, 17, 9, 
2024/2/28, 58, 23, 11, 
2024/2/29, 68, 31, 11, 
2024/3/1, 88, 28, 10, 
2024/3/2, 85, 12, 6, 
2024/3/3, 40, 13, 15, 
2024/3/4, 35, 19, 10, 
2024/3/5, 64, 20, 11, 
2024/3/6, 64, 20, 10, 
2024/3/7, 64, 21, 10, 
2024/3/8, 68, 16, 5, 
2024/3/9, 58, 12, 5, 
2024/3/10, 42, 9, 10, 
2024/3/11, 28, 5, 5, 
2024/3/12, 17, 10, 7, 
2024/3/13, 38, 8, 11, 
2024/3/14, 25, 11, 12, 
2024/3/15, 38, 5, 7, 
2024/3/16, 14, 7, 9, 
2024/3/17, 24, 12, 10, 
2024/3/18, 37, 16, 11, 
2024/3/19, 51, 23, 22, 
2024/3/20, 61, 18, 15, 
2024/3/21, 47, 14, 7, 
2024/3/22, 44, 10, 7, 
2024/3/23, 25, 4, 2, 
2024/3/24, 11, 7, 9, 
2024/3/25, 21, 10, 4, 
2024/3/26, 21, 11, 4, 
2024/3/27, 27, 4, 4, 
2024/3/28, 8, 6, 9, 
2024/3/29, 13, 50, 8, 
2024/3/30, 71, 48, 3, 
2024/3/31, 70, 38, 1, 
2023/10/1, 29, 17, 12, 
2023/10/2, 39, 21, 10, 
2023/10/3, 51, 12, 8, 
2023/10/4, 17, 11, 8, 
2023/10/5, 19, 13, 9, 
2023/10/6, 29, 15, 4, 
2023/10/7, 26, 10, 4, 
2023/10/8, 15, 14, 8, 
2023/10/9, 30, 16, 10, 
2023/10/10, 42, 18, 13, 
2023/10/11, 47, 17, 12, 
2023/10/12, 39, 18, 14, 
2023/10/13, 40, 16, 8, 
2023/10/14, 45, 5, 4, 
2023/10/15, 12, 7, 10, 
2023/10/16, 19, 10, 11, 
2023/10/17, 29, 16, 8, 
2023/10/18, 50, 24, 14, 
2023/10/19, 67, 26, 8, 
2023/10/20, 55, 10, 10, 
2023/10/21, 26, 5, 7, 
2023/10/22, 12, 10, 14, 
2023/10/23, 30, 15, 11, 
2023/10/24, 47, 7, 7, 
2023/10/25, 26, 5, 7, 
2023/10/26, 17, 6, 8, 
2023/10/27, 18, 5, 10, 
2023/10/28, 14, 12, 9, 
2023/10/29, 44, 14, 12, 
2023/10/30, 42, 4, 4, 
2023/10/31, 9, 4, 6, 
2023/11/1, 11, 7, 6, 
2023/11/2, 16, 3, 7, 
2023/11/3, 8, 4, 6, 
2023/11/4, 13, 5, 9, 
2023/11/5, 14, 7, 12, 
2023/11/6, 15, 7, 13, 
2023/11/7, 17, 7, 11, 
2023/11/8, 20, 11, 13, 
2023/11/9, 36, 12, 13, 
2023/11/10, 42, 5, 5, 
2023/11/11, 13, 8, 11, 
2023/11/12, 27, 10, 14, 
2023/11/13, 36, 4, 5, 
2023/11/14, 13, 3, 4, 
2023/11/15, 6, 7, 10, 
2023/11/16, 20, 7, 6, 
2023/11/17, 21, 8, 8, 
2023/11/18, 26, 12, 12, 
2023/11/19, 43, 6, 11, 
2023/11/20, 17, 7, 12, 
2023/11/21, 21, 13, 8, 
2023/11/22, 47, 8, 6, 
2023/11/23, 30, 4, 5, 
2023/11/24, 9, 5, 5, 
2023/11/25, 13, 5, 4, 
2023/11/26, 13, 7, 10, 
2023/11/27, 23, 11, 12, 
2023/11/28, 38, , , 
2023/11/30, 65, 20, 16, 
2023/12/1, 66, 12, 11, 
2023/12/2, 43, 10, 7, 
2023/12/3, 40, 14, 13, 
2023/12/4, 50, 24, 12, 
2023/12/5, 75, 26, 18, 
2023/12/6, 82, 16, 13, 
2023/12/7, 58, 18, 12, 
2023/12/8, 62, 17, 8, 
2023/12/9, 59, 12, 16, 
2023/12/10, 42, 19, 17, 
2023/12/11, 61, 10, 22, 
2023/12/12, 29, 22, 19, 
2023/12/13, 68, 8, 9, 
2023/12/14, 31, 8, 10, 
2023/12/15, 27, 11, 9, 
2023/12/16, 41, 10, 14, 
2023/12/17, 32, 13, 20, 
2023/12/18, 36, 26, 23, 
2023/12/19, 70, 9, 9, 
2023/12/20, 29, 3, 3, 
2023/12/21, 6, 3, 5, 
2023/12/22, 7, 3, 7, 
2023/12/23, 8, 2, 2, 
2023/12/24, 5, 3, 2, 
2023/12/25, 8, 4, 6, 
2023/12/26, 10, 8, 9, 
2023/12/27, 27, 18, 13, 
2023/12/28, 62, 12, 16, 
2023/12/29, 40, 7, 11, 
2023/12/30, 32, 18, 10, 
2023/12/31, 63, 5, 5, 
2023/7/1, 52, 9, 3, 
2023/7/2, 22, 14, 5, 
2023/7/3, 42, 14, 5, 
2023/7/4, 28, 11, 7, 
2023/7/5, 27, 9, 5, 
2023/7/6, 21, 13, 8, 
2023/7/7, 28, 14, 7, 
2023/7/8, 31, 14, 6, 
2023/7/9, 37, 21, 10, 
2023/7/10, 46, 20, 6, 
2023/7/11, 46, 15, 6, 
2023/7/12, 26, 8, 3, 
2023/7/13, 18, 11, 5, 
2023/7/14, 20, 12, 5, 
2023/7/15, 29, 12, 5, 
2023/7/16, 28, 10, 4, 
2023/7/17, 28, 16, 6, 
2023/7/18, 31, 14, 5, 
2023/7/19, 28, 11, 4, 
2023/7/20, 23, 13, 8, 
2023/7/21, 27, 8, 3, 
2023/7/22, 18, 9, 3, 
2023/7/23, 20, 17, 6, 
2023/7/24, 33, 6, 4, 
2023/7/25, 18, 6, 4, 
2023/7/26, 14, 7, 4, 
2023/7/27, 15, 8, 6, 
2023/7/28, 17, 5, 2, 
2023/7/29, 11, 5, 3, 
2023/7/30, 12, 8, 4, 
2023/7/31, 17, 11, 11, 
2023/8/1, 32, 6, 3, 
2023/8/2, 12, 8, 9, 
2023/8/3, 16, 7, 9, 
2023/8/4, 18, 5, 3, 
2023/8/5, 15, 4, 2, 
2023/8/6, 11, 6, 2, 
2023/8/7, 10, 6, 4, 
2023/8/8, 14, 8, 8, 
2023/8/9, 19, 6, 6, 
2023/8/10, 17, 8, 6, 
2023/8/11, 20, 10, 5, 
2023/8/12, 25, 12, 5, 
2023/8/13, 33, 14, 5, 
2023/8/14, 35, 17, 4, 
2023/8/15, 45, 15, 7, 
2023/8/16, 40, 17, 9, 
2023/8/17, 49, 19, 9, 
2023/8/18, 55, 18, 6, 
2023/8/19, 54, 17, 6, 
2023/8/20, 47, 18, 9, 
2023/8/21, 44, 19, 7, 
2023/8/22, 44, 15, 8, 
2023/8/23, 40, 19, 7, 
2023/8/24, 49, 12, 5, 
2023/8/25, 22, 10, 7, 
2023/8/26, 23, 8, 3, 
2023/8/27, 21, 12, 7, 
2023/8/28, 26, 4, 3, 
2023/8/29, 11, 5, 3, 
2023/8/30, 13, 7, 5, 
2023/8/31, 17, 7, 7, 
2023/9/1, 15, 7, 9, 
2023/9/2, 17, 7, 7, 
2023/9/3, 18, 9, 7, 
2023/9/4, 23, 13, 11, 
2023/9/5, 28, 16, 13, 
2023/9/6, 36, 17, 13, 
2023/9/7, 35, 18, 11, 
2023/9/8, 37, 18, 13, 
2023/9/9, 43, 18, 13, 
2023/9/10, 46, 25, 17, 
2023/9/11, 52, 30, 16, 
2023/9/12, 58, 18, 7, 
2023/9/13, 41, 8, 8, 
2023/9/14, 24, 12, 11, 
2023/9/15, 30, 11, 6, 
2023/9/16, 25, 10, 8, 
2023/9/17, 27, 17, 6, 
2023/9/18, 38, 5, 4, 
2023/9/19, 9, 9, 7, 
2023/9/20, 19, 14, 4, 
2023/9/21, 29, 9, 7, 
2023/9/22, 18, 5, 4, 
2023/9/23, 12, 6, 6, 
2023/9/24, 17, 12, 10, 
2023/9/25, 28, 18, 12, 
2023/9/26, 44, 27, 11, 
2023/9/27, 51, 26, 9, 
2023/9/28, 46, 21, 14, 
2023/9/29, 45, 11, 8, 
2023/9/30, 32, 10, 8, 
2023/4/1, 7, 6, 5, 
2023/4/2, 17, 8, 7, 
2023/4/3, 25, 9, 7, 
2023/4/4, 32, 11, 10, 
2023/4/5, 37, 13, 9, 
2023/4/6, 43, 21, 12, 
2023/4/7, 66, 10, 10, 
2023/4/8, 42, 15, 7, 
2023/4/9, 59, 17, 9, 
2023/4/10, 64, 15, 13, 
2023/4/11, 43, 8, 12, 
2023/4/12, 26, 5, 9, 
2023/4/13, 21, 2, 5, 
2023/4/14, 8, 3, 7, 
2023/4/15, 10, 7, 7, 
2023/4/16, 28, 12, 6, 
2023/4/17, 47, 11, 7, 
2023/4/18, 39, 14, 7, 
2023/4/19, 50, 19, 12, 
2023/4/20, 62, 22, 13, 
2023/4/21, 57, 20, 9, 
2023/4/22, 51, 15, 11, 
2023/4/23, 45, 5, 5, 
2023/4/24, 19, 6, 5, 
2023/4/25, 18, 10, 8, 
2023/4/26, 32, 14, 11, 
2023/4/27, 39, 18, 13, 
2023/4/28, 51, 13, 11, 
2023/4/29, 46, 14, 7, 
2023/4/30, 51, 12, 6, 
2023/5/1, 39, 14, 5, 
2023/5/2, 52, 17, 8, 
2023/5/3, 55, 15, 9, 
2023/5/4, 44, 18, 11, 
2023/5/5, 45, 8, 7, 
2023/5/6, 19, 15, 6, 
2023/5/7, 48, 14, 7, 
2023/5/8, 44, 15, 6, 
2023/5/9, 36, 14, 5, 
2023/5/10, 28, 17, 6, 
2023/5/11, 34, 9, 10, 
2023/5/12, 31, 17, 8, 
2023/5/13, 54, 13, 10, 
2023/5/14, 44, 6, 5, 
2023/5/15, 15, 13, 10, 
2023/5/16, 40, 7, 6, 
2023/5/17, 21, 13, 5, 
2023/5/18, 37, 13, 11, 
2023/5/19, 43, 20, 11, 
2023/5/20, 58, 18, 9, 
2023/5/21, 52, 19, 9, 
2023/5/22, 51, 18, 8, 
2023/5/23, 52, 10, 6, 
2023/5/24, 28, 17, 8, 
2023/5/25, 51, 18, 8, 
2023/5/26, 51, 16, 7, 
2023/5/27, 38, 14, 8, 
2023/5/28, 37, 12, 6, 
2023/5/29, 29, 15, 8, 
2023/5/30, 32, 16, 9, 
2023/5/31, 32, 18, 11, 
2023/6/1, 33, 17, 8, 
2023/6/2, 37, 12, 6, 
2023/6/3, 26, 15, 7, 
2023/6/4, 33, 17, 9, 
2023/6/5, 50, 18, 10, 
2023/6/6, 55, 13, 9, 
2023/6/7, 44, 14, 6, 
2023/6/8, 47, 12, 5, 
2023/6/9, 39, 15, 7, 
2023/6/10, 49, 17, 5, 
2023/6/11, 51, 16, 7, 
2023/6/12, 37, 18, 8, 
2023/6/13, 32, 19, 9, 
2023/6/14, 39, 15, 8, 
2023/6/15, 40, 14, 5, 
2023/6/16, 33, 11, 4, 
2023/6/17, 30, 13, 7, 
2023/6/18, 41, 19, 10, 
2023/6/19, 49, 20, 7, 
2023/6/20, 53, 19, 8, 
2023/6/21, 47, 20, 8, 
2023/6/22, 45, 19, 3, 
2023/6/23, 35, 7, 3, 
2023/6/24, 23, 13, 5, 
2023/6/25, 40, 15, 7, 
2023/6/26, 35, 14, 7, 
2023/6/27, 35, 8, 5, 
2023/6/28, 17, 11, 7, 
2023/6/29, 22, 14, 9, 
2023/6/30, 35, 16, 4, 
2023/1/2, 61, 14, 11, 
2023/1/3, 52, 14, 13, 
2023/1/4, 48, 3, 3, 
2023/1/5, 11, 9, 10, 
2023/1/6, 29, 12, 12, 
2023/1/7, 42, 22, 8, 
2023/1/8, 73, 9, 9, 
2023/1/9, 34, 4, 4, 
2023/1/10, 17, 12, 16, 
2023/1/11, 36, 9, 12, 
2023/1/12, 29, 18, 15, 
2023/1/13, 55, 7, 7, 
2023/1/14, 23, 8, 8, 
2023/1/15, 37, 5, 9, 
2023/1/16, 19, 12, 13, 
2023/1/17, 39, 13, 16, 
2023/1/18, 37, 15, 7, 
2023/1/19, 54, 17, 8, 
2023/1/20, 60, 9, 7, 
2023/1/21, 41, 15, 7, 
2023/1/22, 58, 20, 12, 
2023/1/23, 69, 20, 11, 
2023/1/24, 67, 19, 11, 
2023/1/25, 64, 15, 13, 
2023/1/26, 57, 20, 11, 
2023/1/27, 66, 19, 9, 
2023/1/28, 67, 17, 9, 
2023/1/29, 56, 12, 6, 
2023/1/30, 43, 7, 4, 
2023/1/31, 22, 5, 4, 
2023/2/1, 17, 3, 5, 
2023/2/2, 13, 2, 4, 
2023/2/3, 11, 4, 4, 
2023/2/4, 15, 10, 8, 
2023/2/5, 29, 20, 13, 
2023/2/6, 62, 31, 14, 
2023/2/7, 85, 33, 17, 
2023/2/8, 83, 27, 12, 
2023/2/9, 75, 29, 17, 
2023/2/10, 79, 25, 10, 
2023/2/11, 76, 22, 9, 
2023/2/12, 74, 14, 12, 
2023/2/13, 45, 20, 10, 
2023/2/14, 62, 28, 13, 
2023/2/15, 81, 35, 18, 
2023/2/16, 86, 16, 12, 
2023/2/17, 40, 4, 2, 
2023/2/18, 11, 3, 3, 
2023/2/19, 11, 7, 6, 
2023/2/20, 23, 7, 6, 
2023/2/21, 21, 14, 13, 
2023/2/22, 36, 26, 12, 
2023/2/23, 73, 24, 12, 
2023/2/24, 67, 3, 3, 
2023/2/25, 12, 6, 7, 
2023/2/26, 22, 10, 9, 
2023/2/27, 35, 23, 14, 
2023/2/28, 68, 35, 20, 
2023/3/1, 89, 40, 21, 
2023/3/2, 97, 33, 17, 
2023/3/3, 89, 27, 9, 
2023/3/4, 78, 14, 8, 
2023/3/5, 50, 15, 9, 
2023/3/6, 49, 22, 13, 
2023/3/7, 62, 22, 13, 
2023/3/8, 58, 11, 12, 
2023/3/9, 27, 10, 11, 
2023/3/10, 28, 4, 4, 
2023/3/11, 14, 8, 8, 
2023/3/12, 31, 18, 15, 
2023/3/13, 39, 11, 14, 
2023/3/14, 29, 7, 6, 
2023/3/15, 19, 12, 10, 
2023/3/16, 36, 15, 6, 
2023/3/17, 40, 14, 6, 
2023/3/18, 48, 23, 13, 
2023/3/19, 68, 20, 8, 
2023/3/20, 60, 12, 11, 
2023/3/21, 38, 18, 13, 
2023/3/22, 43, 29, 17, 
2023/3/23, 57, 25, 14, 
2023/3/24, 56, 3, 2, 
2023/3/25, 8, 3, 2, 
2023/3/26, 11, 4, 4, 
2023/3/27, 15, 6, 5, 
2023/3/28, 16, 10, 14, 
2023/3/29, 27, 15, 14, 
2023/3/30, 49, 10, 12, 
2023/3/31, 28, 2, 3, 
2022/10/1, 36, 3, 3, 
2022/10/2, 9, 5, 3, 
2022/10/3, 13, 9, 8, 
2022/10/4, 25, 15, 8, 
2022/10/5, 37, 16, 12, 
2022/10/6, 42, 20, 8, 
2022/10/7, 55, 26, 11, 
2022/10/8, 71, 9, 9, 
2022/10/9, 28, 19, 7, 
2022/10/10, 40, 22, 12, 
2022/10/11, 60, 23, 15, 
2022/10/12, 58, 35, 14, 
2022/10/13, 81, 22, 14, 
2022/10/14, 64, 29, 10, 
2022/10/15, 82, 31, 13, 
2022/10/16, 89, 29, 10, 
2022/10/17, 75, 32, 21, 
2022/10/18, 71, 10, 8, 
2022/10/19, 33, 15, 9, 
2022/10/20, 40, 21, 9, 
2022/10/21, 49, 17, 9, 
2022/10/22, 42, 13, 10, 
2022/10/23, 50, 17, 11, 
2022/10/24, 53, 7, 9, 
2022/10/25, 19, 20, 12, 
2022/10/26, 65, 26, 16, 
2022/10/27, 71, 14, 8, 
2022/10/28, 55, 13, 6, 
2022/10/29, 53, 14, 6, 
2022/10/30, 53, 14, 7, 
2022/10/31, 48, 15, 7, 
2022/11/1, 53, 15, 9, 
2022/11/2, 45, 14, 8, 
2022/11/3, 38, 16, 8, 
2022/11/4, 48, 7, 5, 
2022/11/5, 28, 11, 9, 
2022/11/6, 40, 12, 15, 
2022/11/7, 40, 23, 13, 
2022/11/8, 70, 23, 13, 
2022/11/9, 72, 12, 10, 
2022/11/10, 47, 19, 17, 
2022/11/11, 54, 13, 16, 
2022/11/12, 41, 24, 10, 
2022/11/13, 78, 28, 12, 
2022/11/14, 83, 24, 10, 
2022/11/15, 76, 15, 10, 
2022/11/16, 57, 16, 13, 
2022/11/17, 55, 15, 11, 
2022/11/18, 56, 20, 11, 
2022/11/19, 68, 25, 12, 
2022/11/20, 76, 11, 16, 
2022/11/21, 39, 19, 10, 
2022/11/22, 65, 11, 10, 
2022/11/23, 44, 9, 12, 
2022/11/24, 37, 14, 19, 
2022/11/25, 40, 11, 8, 
2022/11/26, 45, 17, 13, 
2022/11/27, 60, 16, 6, 
2022/11/28, 59, 22, 9, 
2022/11/29, 72, 32, 21, 
2022/11/30, 89, 30, 15, 
2022/12/1, 87, 27, 13, 
2022/12/2, 83, 18, 6, 
2022/12/3, 65, 23, 7, 
2022/12/4, 77, 14, 9, 
2022/12/5, 55, 8, 9, 
2022/12/6, 31, 12, 11, 
2022/12/7, 47, 17, 11, 
2022/12/8, 58, 13, 11, 
2022/12/9, 50, 18, 10, 
2022/12/10, 65, 16, 6, 
2022/12/11, 60, 15, 8, 
2022/12/12, 55, 27, 19, 
2022/12/13, 63, 29, 9, 
2022/12/14, 88, 40, 16, 
2022/12/15, 117, 21, 12, 
2022/12/16, 68, 24, 9, 
2022/12/17, 79, 25, 14, 
2022/12/18, 77, 25, 8, 
2022/12/19, 81, 24, 8, 
2022/12/20, 77, 20, 9, 
2022/12/21, 68, 23, 11, 
2022/12/22, 73, 18, 17, 
2022/12/23, 61, 4, 5, 
2022/12/24, 15, 15, 14, 
2022/12/25, 52, 20, 9, 
2022/12/26, 70, 5, 8, 
2022/12/27, 25, 23, 21, 
2022/12/28, 61, 25, 15, 
2022/12/29, 78, 30, 15, 
2022/12/30, 91, 33, 11, 
2022/12/31, 98, 37, 11, 
2023/1/1, 104, 16, 8, 
2022/7/1, 29, 6, 4, 
2022/7/2, 20, 8, 6, 
2022/7/3, 25, 9, 6, 
2022/7/4, 21, 7, 5, 
2022/7/5, 24, 9, 5, 
2022/7/6, 28, 11, 6, 
2022/7/7, 28, 8, 3, 
2022/7/8, 25, 6, 4, 
2022/7/9, 17, 6, 3, 
2022/7/10, 17, 7, 4, 
2022/7/11, 13, 7, 6, 
2022/7/12, 16, 8, 4, 
2022/7/13, 16, 9, 7, 
2022/7/14, 14, 9, 6, 
2022/7/15, 25, 9, 5, 
2022/7/16, 22, 8, 6, 
2022/7/17, 18, 12, 9, 
2022/7/18, 19, 14, 10, 
2022/7/19, 21, 18, 9, 
2022/7/20, 28, 20, 9, 
2022/7/21, 41, 16, 9, 
2022/7/22, 44, 13, 4, 
2022/7/23, 36, 10, 6, 
2022/7/24, 35, 17, 7, 
2022/7/25, 38, 18, 6, 
2022/7/26, 47, 10, 8, 
2022/7/27, 31, 14, 10, 
2022/7/28, 35, 15, 10, 
2022/7/29, 44, 7, 3, 
2022/7/30, 25, 10, 3, 
2022/7/31, 31, 10, 7, 
2022/8/1, 31, 6, 5, 
2022/8/2, 16, 10, 8, 
2022/8/3, 21, 13, 10, 
2022/8/4, 29, 16, 13, 
2022/8/5, 38, 8, 5, 
2022/8/6, 26, 9, 6, 
2022/8/7, 28, 9, 7, 
2022/8/8, 25, 10, 7, 
2022/8/9, 20, 11, 8, 
2022/8/10, 24, 12, 9, 
2022/8/11, 26, 9, 7, 
2022/8/12, 18, 11, 6, 
2022/8/13, 36, 11, 4, 
2022/8/14, 40, 11, 5, 
2022/8/15, 35, 9, 5, 
2022/8/16, 23, 17, 15, 
2022/8/17, 33, 19, 11, 
2022/8/18, 40, 18, 9, 
2022/8/19, 42, 4, 3, 
2022/8/20, 14, 6, 5, 
2022/8/21, 20, 3, 4, 
2022/8/22, 12, 3, 4, 
2022/8/23, 13, 9, 6, 
2022/8/24, 28, 23, 10, 
2022/8/25, 57, 23, 9, 
2022/8/26, 52, 11, 5, 
2022/8/27, 36, 8, 4, 
2022/8/28, 29, 12, 6, 
2022/8/29, 34, 13, 10, 
2022/8/30, 39, 11, 9, 
2022/8/31, 34, 7, 7, 
2022/9/1, 17, 11, 9, 
2022/9/2, 19, 10, 7, 
2022/9/3, 25, 8, 6, 
2022/9/4, 26, 17, 12, 
2022/9/5, 48, 20, 12, 
2022/9/6, 54, 19, 10, 
2022/9/7, 50, 16, 7, 
2022/9/8, 36, 8, 11, 
2022/9/9, 19, 4, 2, 
2022/9/10, 12, 3, 3, 
2022/9/11, 11, 9, 7, 
2022/9/12, 29, 12, 11, 
2022/9/13, 32, 16, 16, 
2022/9/14, 42, 6, 6, 
2022/9/15, 15, 9, 4, 
2022/9/16, 29, 5, 3, 
2022/9/17, 16, 2, 2, 
2022/9/18, 7, 3, 3, 
2022/9/19, 8, 4, 5, 
2022/9/20, 14, 6, 5, 
2022/9/21, 21, 6, 7, 
2022/9/22, 21, 11, 14, 
2022/9/23, 31, 16, 16, 
2022/9/24, 49, 20, 11, 
2022/9/25, 64, 11, 9, 
2022/9/26, 42, 7, 8, 
2022/9/27, 26, 6, 7, 
2022/9/28, 13, 7, 9, 
2022/9/29, 20, 10, 8, 
2022/9/30, 37, 11, 5, 
2022/4/1, 48, 20, 6, 
2022/4/2, 58, 14, 4, 
2022/4/3, 43, 11, 8, 
2022/4/4, 40, 7, 4, 
2022/4/5, 22, 10, 7, 
2022/4/6, 23, 5, 5, 
2022/4/7, 12, 8, 6, 
2022/4/8, 17, 6, 5, 
2022/4/9, 18, 6, 4, 
2022/4/10, 19, 10, 8, 
2022/4/11, 27, 22, 14, 
2022/4/12, 42, 18, 8, 
2022/4/13, 41, 19, 9, 
2022/4/14, 37, 15, 8, 
2022/4/15, 44, 7, 6, 
2022/4/16, 22, 10, 5, 
2022/4/17, 35, 10, 5, 
2022/4/18, 34, 12, 10, 
2022/4/19, 40, 23, 9, 
2022/4/20, 56, 19, 11, 
2022/4/21, 53, 19, 17, 
2022/4/22, 59, 20, 7, 
2022/4/23, 69, 10, 6, 
2022/4/24, 30, 6, 4, 
2022/4/25, 20, 16, 12, 
2022/4/26, 51, 7, 6, 
2022/4/27, 23, 14, 11, 
2022/4/28, 38, 15, 11, 
2022/4/29, 41, 13, 10, 
2022/4/30, 40, 11, 6, 
2022/5/1, 45, 18, 9, 
2022/5/2, 48, 11, 9, 
2022/5/3, 32, 15, 11, 
2022/5/4, 43, 10, 8, 
2022/5/5, 29, 11, 13, 
2022/5/6, 32, 4, 9, 
2022/5/7, 16, 4, 6, 
2022/5/8, 15, 3, 11, 
2022/5/9, 13, 3, 11, 
2022/5/10, 11, 3, 8, 
2022/5/11, 11, 12, 7, 
2022/5/12, 21, 9, 4, 
2022/5/13, 27, 12, 6, 
2022/5/14, 27, 10, 7, 
2022/5/15, 25, 21, 10, 
2022/5/16, 42, 9, 5, 
2022/5/17, 28, 12, 8, 
2022/5/18, 28, 16, 9, 
2022/5/19, 23, 16, 12, 
2022/5/20, 30, 10, 4, 
2022/5/21, 25, 7, 6, 
2022/5/22, 21, 11, 7, 
2022/5/23, 27, 15, 8, 
2022/5/24, 39, 4, 6, 
2022/5/25, 15, 5, 4, 
2022/5/26, 13, 7, 5, 
2022/5/27, 15, 6, 5, 
2022/5/28, 18, 5, 5, 
2022/5/29, 15, 8, 4, 
2022/5/30, 17, 9, 6, 
2022/5/31, 19, 6, 4, 
2022/6/1, 16, 9, 7, 
2022/6/2, 24, 11, 7, 
2022/6/3, 29, 6, 4, 
2022/6/4, 16, 11, 3, 
2022/6/5, 36, 6, 4, 
2022/6/6, 19, 8, 6, 
2022/6/7, 27, 7, 7, 
2022/6/8, 19, 4, 4, 
2022/6/9, 14, 8, 5, 
2022/6/10, 27, 12, 8, 
2022/6/11, 29, 8, 5, 
2022/6/12, 26, 8, 6, 
2022/6/13, 25, 9, 8, 
2022/6/14, 25, 12, 8, 
2022/6/15, 32, 10, 6, 
2022/6/16, 31, 10, 7, 
2022/6/17, 29, 7, 4, 
2022/6/18, 18, 13, 4, 
2022/6/19, 35, 17, 7, 
2022/6/20, 43, 11, 6, 
2022/6/21, 24, 12, 8, 
2022/6/22, 27, 13, 10, 
2022/6/23, 33, 14, 6, 
2022/6/24, 38, 4, 4, 
2022/6/25, 12, 6, 7, 
2022/6/26, 21, 14, 7, 
2022/6/27, 33, 9, 7, 
2022/6/28, 25, 17, 9, 
2022/6/29, 44, 11, 7, 
2022/6/30, 33, 14, 4, 
2022/1/3, 15, 15, 20, 
2022/1/4, 42, 4, 5, 
2022/1/5, 12, 6, 4, 
2022/1/6, 18, 10, 14, 
2022/1/7, 33, 15, 12, 
2022/1/8, 49, 30, 16, 
2022/1/9, 78, 13, 11, 
2022/1/10, 46, 23, 9, 
2022/1/11, 69, 23, 11, 
2022/1/12, 67, 15, 6, 
2022/1/13, 46, 8, 7, 
2022/1/14, 25, 9, 7, 
2022/1/15, 33, , , 
2022/1/17, 27, 9, 8, 
2022/1/18, 29, 20, 20, 
2022/1/19, 53, 7, 6, 
2022/1/20, 23, 7, 4, 
2022/1/21, 17, 6, 9, 
2022/1/22, 20, 10, 10, 
2022/1/23, 37, 12, 16, 
2022/1/24, 43, 14, 12, 
2022/1/25, 50, 17, 9, 
2022/1/26, 56, 16, 7, 
2022/1/27, 54, 5, 5, 
2022/1/28, 14, 7, 5, 
2022/1/29, 24, 4, 2, 
2022/1/30, 13, 7, 9, 
2022/1/31, 21, 8, 6, 
2022/2/1, 28, 3, 5, 
2022/2/2, 11, , 10, 
2022/2/4, 44, 6, 9, 
2022/2/5, 20, 5, 11, 
2022/2/6, 19, 3, 3, 
2022/2/7, 10, 6, 4, 
2022/2/8, 16, 6, 9, 
2022/2/9, 20, 10, 15, 
2022/2/10, 31, 11, 11, 
2022/2/11, 32, 9, 8, 
2022/2/12, 31, 11, 6, 
2022/2/13, 40, 23, 18, 
2022/2/14, 62, 19, 14, 
2022/2/15, 52, 7, 10, 
2022/2/16, 23, 4, 3, 
2022/2/17, 11, 9, 13, 
2022/2/18, 27, 5, 4, 
2022/2/19, 16, 5, 9, 
2022/2/20, 16, 6, 9, 
2022/2/21, 16, 5, 5, 
2022/2/22, 14, 6, 6, 
2022/2/23, 17, 12, 15, 
2022/2/24, 33, 6, 8, 
2022/2/25, 20, 9, 9, 
2022/2/26, 29, 20, 10, 
2022/2/27, 63, 14, 12, 
2022/2/28, 46, 20, 13, 
2022/3/1, 59, 20, 17, 
2022/3/2, 56, 25, 18, 
2022/3/3, 65, 22, 13, 
2022/3/4, 65, 17, 11, 
2022/3/5, 57, 22, 10, 
2022/3/6, 68, 23, 9, 
2022/3/7, 64, 18, 12, 
2022/3/8, 54, 17, 12, 
2022/3/9, 51, 19, 11, 
2022/3/10, 54, 16, 8, 
2022/3/11, 43, 16, 7, 
2022/3/12, 43, 18, 6, 
2022/3/13, 53, 23, 14, 
2022/3/14, 57, 31, 15, 
2022/3/15, 66, 24, 10, 
2022/3/16, 70, 38, 16, 
2022/3/17, 91, 35, 15, 
2022/3/18, 88, 36, 11, 
2022/3/19, 89, 19, 6, 
2022/3/20, 56, 19, 15, 
2022/3/21, 50, 28, 26, 
2022/3/22, 64, 31, 25, 
2022/3/23, 63, 31, 23, 
2022/3/24, 61, 33, 18, 
2022/3/25, 69, 32, 10, 
2022/3/26, 68, 19, 9, 
2022/3/27, 50, 25, 17, 
2022/3/28, 50, 32, 11, 
2022/3/29, 58, 42, 14, 
2022/3/30, 73, 29, 13, 
2022/3/31, 70, 16, 8, 
2021/10/1, 22, 18, 7, 
2021/10/2, 54, 18, 4, 
2021/10/3, 52, 17, 13, 
2021/10/4, 45, 16, 7, 
2021/10/5, 40, 5, 6, 
2021/10/6, 18, 7, 9, 
2021/10/7, 22, 27, 11, 
2021/10/8, 63, 28, 12, 
2021/10/9, 66, 22, 8, 
2021/10/10, 59, 20, 7, 
2021/10/11, 56, 14, 6, 
2021/10/12, 45, 7, 7, 
2021/10/13, 21, 9, 6, 
2021/10/14, 33, 7, 11, 
2021/10/15, 22, 8, 10, 
2021/10/16, 28, 13, 13, 
2021/10/17, 44, 11, 15, 
2021/10/18, 35, 20, 18, 
2021/10/19, 52, 22, 15, 
2021/10/20, 59, 20, 12, 
2021/10/21, 47, 4, 7, 
2021/10/22, 14, 7, 7, 
2021/10/23, 25, 8, 8, 
2021/10/24, 26, 13, 5, 
2021/10/25, 29, 18, 15, 
2021/10/26, 55, 21, 22, 
2021/10/27, 59, 29, 13, 
2021/10/28, 74, 33, 9, 
2021/10/29, 82, 42, 8, 
2021/10/30, 104, 36, 6, 
2021/10/31, 97, 33, 7, 
2021/11/1, 92, 7, 12, 
2021/11/2, 23, 11, 10, 
2021/11/3, 37, 8, 6, 
2021/11/4, 31, 6, 7, 
2021/11/5, 19, 10, 16, 
2021/11/6, 36, 11, 9, 
2021/11/7, 38, 10, 9, 
2021/11/8, 33, 11, 10, 
2021/11/9, 32, 15, 6, 
2021/11/10, 49, 24, 8, 
2021/11/11, 71, 19, 10, 
2021/11/12, 62, 17, 9, 
2021/11/13, 56, 17, 10, 
2021/11/14, 58, 26, 15, 
2021/11/15, 74, 26, 8, 
2021/11/16, 72, 15, 10, 
2021/11/17, 43, 12, 8, 
2021/11/18, 41, 12, 6, 
2021/11/19, 40, 11, 7, 
2021/11/20, 42, 19, 11, 
2021/11/21, 61, 21, 8, 
2021/11/22, 60, 13, 11, 
2021/11/23, 42, 19, 13, 
2021/11/24, 55, 30, 14, 
2021/11/25, 77, 17, 10, 
2021/11/26, 48, 13, 12, 
2021/11/27, 48, 12, 9, 
2021/11/28, 45, 12, 8, 
2021/11/29, 44, 5, 5, 
2021/11/30, 19, 8, 14, 
2021/12/1, 24, 7, 9, 
2021/12/2, 14, 10, 10, 
2021/12/3, 34, 12, 11, 
2021/12/4, 42, 10, 8, 
2021/12/5, 40, 15, 10, 
2021/12/6, 50, 20, 12, 
2021/12/7, 60, 19, 9, 
2021/12/8, 61, 21, 14, 
2021/12/9, 67, 15, 13, 
2021/12/10, 51, 22, 14, 
2021/12/11, 68, 12, 6, 
2021/12/12, 42, 6, 9, 
2021/12/13, 22, 12, 12, 
2021/12/14, 40, 10, 11, 
2021/12/15, 37, 9, 7, 
2021/12/16, 31, 11, 7, 
2021/12/17, 39, 13, 6, 
2021/12/18, 47, 9, 4, 
2021/12/19, 33, 6, 6, 
2021/12/20, 17, 13, 16, 
2021/12/21, 35, 24, 18, 
2021/12/22, 64, 35, 15, 
2021/12/23, 90, 9, 6, 
2021/12/24, 33, 8, 10, 
2021/12/25, 28, 28, 14, 
2021/12/26, 76, 22, 12, 
2021/12/27, 66, 16, 8, 
2021/12/28, 54, 10, 11, 
2021/12/29, 34, 7, 14, 
2021/12/30, 24, 4, 6, 
2021/12/31, 15, 6, 4, 
2022/1/1, 21, 14, 15, 
2022/1/2, 47, 5, 6, 
2021/7/1, 10, 8, 4, 
2021/7/2, 21, 9, 6, 
2021/7/3, 26, 9, 4, 
2021/7/4, 24, 8, 4, 
2021/7/5, 14, 12, 7, 
2021/7/6, 20, 10, 6, 
2021/7/7, 18, 15, 5, 
2021/7/8, 27, 6, 3, 
2021/7/9, 12, 6, 7, 
2021/7/10, 15, 8, 5, 
2021/7/11, 18, 8, 5, 
2021/7/12, 21, 22, 7, 
2021/7/13, 39, 10, 6, 
2021/7/14, 24, 7, 6, 
2021/7/15, 16, 11, 5, 
2021/7/16, 20, 14, 5, 
2021/7/17, 40, 10, 2, 
2021/7/18, 28, 15, 5, 
2021/7/19, 26, 15, 6, 
2021/7/20, 38, 15, 7, 
2021/7/21, 35, 19, 9, 
2021/7/22, 35, 19, 12, 
2021/7/23, 37, 19, 8, 
2021/7/24, 44, 11, 4, 
2021/7/25, 35, 13, 6, 
2021/7/26, 33, 11, 6, 
2021/7/27, 23, 12, 5, 
2021/7/28, 29, 6, 4, 
2021/7/29, 18, 11, 8, 
2021/7/30, 25, 7, 4, 
2021/7/31, 18, 5, 3, 
2021/8/1, 19, 5, 4, 
2021/8/2, 16, 7, 5, 
2021/8/3, 16, 6, 5, 
2021/8/4, 15, 4, 5, 
2021/8/5, 14, 7, 6, 
2021/8/6, 19, 8, 4, 
2021/8/7, 19, 4, 4, 
2021/8/8, 12, 7, 6, 
2021/8/9, 14, 10, 7, 
2021/8/10, 20, 10, 7, 
2021/8/11, 23, 15, 11, 
2021/8/12, 31, 17, 10, 
2021/8/13, 37, 17, 5, 
2021/8/14, 42, 18, 5, 
2021/8/15, 40, 12, 8, 
2021/8/16, 32, 6, 4, 
2021/8/17, 14, 8, 4, 
2021/8/18, 22, 9, 8, 
2021/8/19, 23, 9, 8, 
2021/8/20, 23, 9, 5, 
2021/8/21, 25, 10, 7, 
2021/8/22, 29, 5, 3, 
2021/8/23, 15, 5, 6, 
2021/8/24, 16, 9, 6, 
2021/8/25, 23, 8, 6, 
2021/8/26, 27, 4, 4, 
2021/8/27, 13, 4, 4, 
2021/8/28, 12, 6, 2, 
2021/8/29, 18, 5, 4, 
2021/8/30, 12, 6, 4, 
2021/8/31, 18, 10, 4, 
2021/9/1, 28, 12, 8, 
2021/9/2, 33, 12, 13, 
2021/9/3, 31, 10, 10, 
2021/9/4, 28, 13, 9, 
2021/9/5, 40, 18, 13, 
2021/9/6, 41, 20, 18, 
2021/9/7, 46, 20, 10, 
2021/9/8, 39, 20, 8, 
2021/9/9, 28, 18, 16, 
2021/9/10, 32, 14, 9, 
2021/9/11, 41, 10, 6, 
2021/9/12, 36, 10, 9, 
2021/9/13, 30, 15, 12, 
2021/9/14, 40, 21, 15, 
2021/9/15, 53, 12, 7, 
2021/9/16, 36, 7, 5, 
2021/9/17, 22, 9, 6, 
2021/9/18, 30, 7, 7, 
2021/9/19, 22, 11, 9, 
2021/9/20, 28, 11, 11, 
2021/9/21, 33, 12, 7, 
2021/9/22, 42, 10, 8, 
2021/9/23, 32, 10, 8, 
2021/9/24, 26, 9, 11, 
2021/9/25, 28, 17, 14, 
2021/9/26, 52, 13, 10, 
2021/9/27, 40, 14, 12, 
2021/9/28, 45, 13, 10, 
2021/9/29, 37, 7, 10, 
2021/9/30, 17, 9, 8, 
2021/4/1, 50, 26, 7, 
2021/4/2, 67, 11, 3, 
2021/4/3, 35, 8, 6, 
2021/4/4, 29, 10, 7, 
2021/4/5, 27, 7, 5, 
2021/4/6, 19, 8, 6, 
2021/4/7, 27, 10, 6, 
2021/4/8, 35, 20, 12, 
2021/4/9, 45, 17, 9, 
2021/4/10, 36, 10, 4, 
2021/4/11, 23, 11, 9, 
2021/4/12, 29, 10, 7, 
2021/4/13, 37, 11, 7, 
2021/4/14, 38, 10, 8, 
2021/4/15, 32, 11, 7, 
2021/4/16, 42, 19, 8, 
2021/4/17, 62, 20, 5, 
2021/4/18, 65, 25, 8, 
2021/4/19, 76, 18, 7, 
2021/4/20, 56, 15, 9, 
2021/4/21, 45, 16, 10, 
2021/4/22, 49, 16, 10, 
2021/4/23, 41, 19, 8, 
2021/4/24, 55, 17, 7, 
2021/4/25, 48, 15, 8, 
2021/4/26, 39, 25, 9, 
2021/4/27, 62, 23, 5, 
2021/4/28, 53, 26, 11, 
2021/4/29, 63, 11, 6, 
2021/4/30, 32, 18, 7, 
2021/5/1, 53, 11, 3, 
2021/5/2, 32, 14, 5, 
2021/5/3, 43, 15, 9, 
2021/5/4, 29, 14, 10, 
2021/5/5, 26, 9, 7, 
2021/5/6, 17, 6, 6, 
2021/5/7, 13, 8, 4, 
2021/5/8, 22, 10, 4, 
2021/5/9, 23, 16, 6, 
2021/5/10, 24, 19, 7, 
2021/5/11, 26, 7, 4, 
2021/5/12, 28, 3, 1, 
2021/5/13, 9, 7, 7, 
2021/5/14, 17, 7, 5, 
2021/5/15, 20, 4, 2, 
2021/5/16, 11, 4, 5, 
2021/5/17, 12, 5, 4, 
2021/5/18, 11, 7, 8, 
2021/5/19, 17, 8, 5, 
2021/5/20, 22, 11, 7, 
2021/5/21, 16, 5, 5, 
2021/5/22, 12, 5, 6, 
2021/5/23, 15, 6, 4, 
2021/5/24, 16, 7, 6, 
2021/5/25, 15, 9, 6, 
2021/5/26, 16, 6, 5, 
2021/5/27, 13, 7, 7, 
2021/5/28, 19, 8, 6, 
2021/5/29, 22, 9, 4, 
2021/5/30, 29, 12, 7, 
2021/5/31, 31, 13, 9, 
2021/6/1, 28, 19, 11, 
2021/6/2, 32, 16, 11, 
2021/6/3, 35, 21, 8, 
2021/6/4, 41, 17, 7, 
2021/6/5, 44, 6, 1, 
2021/6/6, 14, 12, 8, 
2021/6/7, 26, 18, 9, 
2021/6/8, 43, 18, 7, 
2021/6/9, 44, 12, 7, 
2021/6/10, 33, 9, 4, 
2021/6/11, 25, 10, 3, 
2021/6/12, 29, 11, 4, 
2021/6/13, 26, 12, 8, 
2021/6/14, 28, 16, 9, 
2021/6/15, 33, 20, 10, 
2021/6/16, 35, 18, 8, 
2021/6/17, 31, 17, 7, 
2021/6/18, 32, 17, 7, 
2021/6/19, 39, 17, 6, 
2021/6/20, 44, 26, 7, 
2021/6/21, 54, 13, 7, 
2021/6/22, 29, 15, 7, 
2021/6/23, 40, 26, 11, 
2021/6/24, 59, 8, 5, 
2021/6/25, 20, 6, 5, 
2021/6/26, 17, 10, 6, 
2021/6/27, 27, 16, 12, 
2021/6/28, 34, 23, 8, 
2021/6/29, 38, 9, 4, 
2021/6/30, 14, 9, 3, 
2021/1/4, 65, 24, 13, 
2021/1/5, 75, 14, 9, 
2021/1/6, 51, 11, 10, 
2021/1/7, 42, 13, 11, 
2021/1/8, 49, 16, 8, 
2021/1/9, 58, 22, 12, 
2021/1/10, 70, 21, 13, 
2021/1/11, 67, 23, 15, 
2021/1/12, 61, 8, 6, 
2021/1/13, 25, 7, 7, 
2021/1/14, 24, 15, 10, 
2021/1/15, 51, 13, 8, 
2021/1/16, 41, 16, 8, 
2021/1/17, 43, 34, 16, 
2021/1/18, 64, 18, 12, 
2021/1/19, 26, 23, 24, 
2021/1/20, 47, 34, 21, 
2021/1/21, 86, 25, 21, 
2021/1/22, 62, 6, 5, 
2021/1/23, 22, 6, 4, 
2021/1/24, 24, 13, 12, 
2021/1/25, 37, 14, 7, 
2021/1/26, 46, 16, 12, 
2021/1/27, 52, 18, 18, 
2021/1/28, 53, 6, 10, 
2021/1/29, 24, 8, 6, 
2021/1/30, 32, 21, 12, 
2021/1/31, 58, 31, 14, 
2021/2/1, 79, 34, 13, 
2021/2/2, 92, 29, 13, 
2021/2/3, 78, 13, 11, 
2021/2/4, 29, 25, 20, 
2021/2/5, 57, , , 
2021/2/8, 82, 31, 15, 
2021/2/9, 78, 34, 17, 
2021/2/10, 95, 20, 9, 
2021/2/11, 58, 33, 11, 
2021/2/12, 48, 15, 7, 
2021/2/13, 50, 14, 8, 
2021/2/14, 40, 24, 19, 
2021/2/15, 45, 27, 17, 
2021/2/16, 75, 18, 14, 
2021/2/17, 48, 19, 19, 
2021/2/18, 42, 35, 17, 
2021/2/19, 90, 49, 12, 
2021/2/20, 132, 37, 7, 
2021/2/21, 103, 43, 16, 
2021/2/22, 104, 42, 17, 
2021/2/23, 90, 50, 25, 
2021/2/24, 98, 59, 25, 
2021/2/25, 122, 55, 14, 
2021/2/26, 93, 12, 6, 
2021/2/27, 40, 13, 9, 
2021/2/28, 46, 25, 14, 
2021/3/1, 66, 43, 20, 
2021/3/2, 94, 50, 23, 
2021/3/3, 104, 39, 19, 
2021/3/4, 69, 15, 10, 
2021/3/5, 42, 12, 12, 
2021/3/6, 38, 20, 18, 
2021/3/7, 59, 19, 12, 
2021/3/8, 55, 28, 17, 
2021/3/9, 63, 39, 14, 
2021/3/10, 72, 34, 17, 
2021/3/11, 75, 7, 9, 
2021/3/12, 18, 12, 13, 
2021/3/13, 31, 3, 3, 
2021/3/14, 13, 10, 6, 
2021/3/15, 31, 9, 5, 
2021/3/16, 29, 14, 9, 
2021/3/17, 43, 14, 10, 
2021/3/18, 45, 12, 10, 
2021/3/19, 48, 13, 9, 
2021/3/20, 45, 12, 6, 
2021/3/21, 43, 10, 10, 
2021/3/22, 30, 16, 9, 
2021/3/23, 52, 22, 14, 
2021/3/24, 64, 33, 20, 
2021/3/25, 75, 26, 15, 
2021/3/26, 59, 19, 10, 
2021/3/27, 53, 9, 7, 
2021/3/28, 25, 16, 11, 
2021/3/29, 33, 19, 10, 
2021/3/30, 40, 31, 19, 
2021/3/31, 50, 28, 11, 
2020/10/1, 44, 16, 8, 
2020/10/2, 46, 14, 3, 
2020/10/3, 34, 5, 4, 
2020/10/4, 13, 8, 7, 
2020/10/5, 15, 9, 12, 
2020/10/6, 20, 6, 5, 
2020/10/7, 14, 9, 9, 
2020/10/8, 25, 11, 14, 
2020/10/9, 23, 10, 7, 
2020/10/10, 30, , , 
2020/10/12, 40, 8, 6, 
2020/10/13, 30, 5, 5, 
2020/10/14, 18, 7, 10, 
2020/10/15, 24, 13, 8, 
2020/10/16, 47, , , 
2020/10/18, 50, 17, 12, 
2020/10/19, 49, 22, 7, 
2020/10/20, 59, 28, 14, 
2020/10/21, 71, 30, 16, 
2020/10/22, 72, 37, 15, 
2020/10/23, 91, 13, 8, 
2020/10/24, 38, 18, 9, 
2020/10/25, 57, 13, 4, 
2020/10/26, 41, 5, 7, 
2020/10/27, 16, 13, 13, 
2020/10/28, 31, 8, 11, 
2020/10/29, 24, 4, 9, 
2020/10/30, 14, 10, 9, 
2020/10/31, 27, 15, 9, 
2020/11/1, 52, 14, 13, 
2020/11/2, 38, 21, 15, 
2020/11/3, 49, 11, 6, 
2020/11/4, 27, 17, 10, 
2020/11/5, 48, 24, 15, 
2020/11/6, 64, 25, 12, 
2020/11/7, 68, 29, 12, 
2020/11/8, 83, 22, 10, 
2020/11/9, 68, 19, 9, 
2020/11/10, 60, 17, 8, 
2020/11/11, 56, 18, 9, 
2020/11/12, 54, 23, 9, 
2020/11/13, 64, 21, 7, 
2020/11/14, 65, 12, 4, 
2020/11/15, 46, 12, 9, 
2020/11/16, 39, 11, 12, 
2020/11/17, 30, 19, 16, 
2020/11/18, 49, 16, 8, 
2020/11/19, 52, 9, 9, 
2020/11/20, 29, 12, 10, 
2020/11/21, 41, 17, 16, 
2020/11/22, 55, 21, 16, 
2020/11/23, 61, 27, 14, 
2020/11/24, 76, 23, 8, 
2020/11/25, 70, 26, 11, 
2020/11/26, 76, 28, 14, 
2020/11/27, 77, 14, 10, 
2020/11/28, 53, 13, 5, 
2020/11/29, 48, 16, 11, 
2020/11/30, 54, 26, 11, 
2020/12/1, 78, 28, 10, 
2020/12/2, 81, 26, 12, 
2020/12/3, 79, 18, 8, 
2020/12/4, 64, 26, 7, 
2020/12/5, 81, 18, 7, 
2020/12/6, 58, 16, 7, 
2020/12/7, 57, 15, 6, 
2020/12/8, 57, 15, 13, 
2020/12/9, 52, 13, 13, 
2020/12/10, 43, 16, 8, 
2020/12/11, 55, 11, 6, 
2020/12/12, 47, 15, 9, 
2020/12/13, 54, 18, 12, 
2020/12/14, 56, 18, 7, 
2020/12/15, 61, 21, 10, 
2020/12/16, 65, 16, 10, 
2020/12/17, 55, 18, 12, 
2020/12/18, 57, 10, 7, 
2020/12/19, 38, 8, 5, 
2020/12/20, 35, 14, 8, 
2020/12/21, 52, 11, 9, 
2020/12/22, 41, 15, 18, 
2020/12/23, 47, 9, 7, 
2020/12/24, 42, 5, 5, 
2020/12/25, 19, 5, 4, 
2020/12/26, 18, 8, 4, 
2020/12/27, 34, 13, 7, 
2020/12/28, 49, 11, 18, 
2020/12/29, 33, 11, 13, 
2020/12/30, 41, 18, 15, 
2020/12/31, 58, 22, 10, 
2021/1/1, 71, 18, 12, 
2021/1/2, 63, 14, 6, 
2021/1/3, 54, 20, 11, 
2020/9/14, 50, 25, 11, 
2020/9/15, 48, 32, 13, 
2020/9/16, 56, 23, 9, 
2020/9/17, 51, 13, 10, 
2020/9/18, 20, 16, 9, 
2020/9/19, 27, 22, 8, 
2020/9/20, 32, 35, 9, 
2020/9/21, 51, 40, 9, 
2020/9/22, 53, 23, 10, 
2020/9/23, 46, 11, 10, 
2020/9/24, 24, 6, 6, 
2020/9/25, 18, 2, 2, 
2020/9/26, 7, 3, 4, 
2020/9/27, 9, 5, 10, 
2020/9/28, 17, 8, 5, 
2020/9/29, 27, 12, 7, 
2020/9/30, 39, 15, 11, 
2025/11/1, , 17, 10, 
2025/10/1, , 15, 10, 
2024/12/31, , 31, 5, 
2025/3/2, , 18, 16, 
2024/10/19, , 13, , 
2024/9/14, , 2, 1, 
2024/4/27, , 21, 11, 
2023/11/29, , 20, 16, 
2022/1/16, , 9, 5, 
2022/2/3, , 13, 18, 
2021/2/7, , 29, 17, 
2020/10/11, , 12, 9, 
2020/10/17, , 11, 12, 
2020/9/13, , 26, 19, 
2017/10/1, , 24, 15, 
2017/10/2, , 34, 17, 
2017/10/3, , 20, 16, 
2017/10/4, , 8, 12, 
2017/10/5, , 9, 9, 
2017/10/6, , 5, 6, 
2017/10/7, , 6, 7, 
2017/10/8, , 4, 12, 
2017/10/9, , 8, 10, 
2017/10/10, , 8, 13, 
2017/10/11, , 8, 11, 
2017/10/12, , 11, 11, 
2017/10/13, , 12, 15, 
2017/10/14, , 13, 17, 
2017/10/15, , 16, 20, 
2017/10/16, , 28, 24, 
2017/10/17, , 32, 25, 
2017/10/18, , 47, 16, 
2017/10/19, , 30, 21, 
2017/10/20, , 36, 17, 
2017/10/21, , 23, 8, 
2017/10/22, , 12, 7, 
2017/10/23, , 4, 10, 
2017/10/24, , 11, 21, 
2017/10/25, , 12, 13, 
2017/10/26, , 11, 10, 
2017/10/27, , 12, 5, 
2017/10/28, , 7, 3, 
2017/10/29, , 4, 8, 
2017/10/30, , 3, 13, 
2017/10/31, , 9, 12, 
2017/11/1, , 8, 23, 
2017/11/2, , 14, , 
2017/7/1, , 3, 4, 
2017/7/2, , 4, 8, 
2017/7/3, , 9, 12, 
2017/7/4, , 15, 11, 
2017/7/5, , 12, 13, 
2017/7/6, , 17, 12, 
2017/7/7, , 17, 8, 
2017/7/8, , 11, 9, 
2017/7/9, , 12, 13, 
2017/7/10, , 14, 6, 
2017/7/11, , 9, 7, 
2017/7/12, , 7, 8, 
2017/7/13, , 9, 7, 
2017/7/14, , 13, 4, 
2017/7/15, , 6, 5, 
2017/7/16, , 8, 10, 
2017/7/17, , 10, 9, 
2017/7/18, , 16, 13, 
2017/7/19, , 17, 9, 
2017/7/20, , 17, 9, 
2017/7/21, , 10, 6, 
2017/7/22, , 11, 8, 
2017/7/23, , 9, 10, 
2017/7/24, , 8, 5, 
2017/7/25, , 18, 6, 
2017/7/26, , 5, 7, 
2017/7/27, , 8, 5, 
2017/7/28, , 7, 8, 
2017/7/29, , 9, 8, 
2017/7/30, , 11, 8, 
2017/7/31, , 12, 8, 
2017/8/1, , 19, 9, 
2017/8/2, , 19, 11, 
2017/8/3, , 20, 12, 
2017/8/4, , 22, 7, 
2017/8/5, , 11, 5, 
2017/8/6, , 6, 9, 
2017/8/7, , 10, 6, 
2017/8/8, , 13, 7, 
2017/8/9, , 14, 15, 
2017/8/10, , 18, 6, 
2017/8/11, , 6, 3, 
2017/8/12, , 4, 3, 
2017/8/13, , 5, 11, 
2017/8/14, , 7, 8, 
2017/8/15, , 10, 10, 
2017/8/16, , 13, 12, 
2017/8/17, , 15, 10, 
2017/8/18, , 18, 5, 
2017/8/19, , 4, 3, 
2017/8/20, , 4, 7, 
2017/8/21, , 9, 9, 
2017/8/22, , 11, 12, 
2017/8/23, , 12, 17, 
2017/8/24, , 23, 9, 
2017/8/25, , 12, 10, 
2017/8/26, , 12, 7, 
2017/8/27, , 12, 11, 
2017/8/28, , 14, 13, 
2017/8/29, , 14, 13, 
2017/8/30, , 19, 15, 
2017/8/31, , 24, 6, 
2017/9/1, , 5, 8, 
2017/9/2, , 3, 4, 
2017/9/3, , 5, 8, 
2017/9/4, , 6, 7, 
2017/9/5, , 8, , 
2017/9/11, , 9, 7, 
2017/9/12, , 5, 12, 
2017/9/13, , 7, 11, 
2017/9/14, , 10, 5, 
2017/9/15, , 4, 8, 
2017/9/16, , 7, 6, 
2017/9/17, , 8, 13, 
2017/9/18, , 5, 13, 
2017/9/19, , 8, 9, 
2017/9/20, , 11, 7, 
2017/9/21, , 9, 11, 
2017/9/22, , 16, 10, 
2017/9/23, , 16, 11, 
2017/9/24, , 9, 13, 
2017/9/25, , 15, 19, 
2017/9/26, , 21, 15, 
2017/9/27, , 31, 12, 
2017/9/28, , 29, 13, 
2017/9/29, , 28, 8, 
2017/9/30, , 23, 7, 
2017/4/1, , 23, 20, 
2017/4/2, , 20, 14, 
2017/4/3, , 27, 8, 
2017/4/4, , 11, 8, 
2017/4/5, , 15, 9, 
2017/4/6, , 11, 10, 
2017/4/7, , 15, 9, 
2017/4/8, , 18, 11, 
2017/4/9, , 13, 19, 
2017/4/10, , 20, 11, 
2017/4/11, , 16, 16, 
2017/4/12, , 20, 17, 
2017/4/13, , 15, 18, 
2017/4/14, , 21, 11, 
2017/4/15, , 17, 6, 
2017/4/16, , 9, 6, 
2017/4/17, , 9, 9, 
2017/4/18, , 10, 10, 
2017/4/19, , 13, 13, 
2017/4/20, , 16, 10, 
2017/4/21, , 21, 8, 
2017/4/22, , 13, 6, 
2017/4/23, , 6, 11, 
2017/4/24, , 12, 18, 
2017/4/25, , 21, 15, 
2017/4/26, , 22, 11, 
2017/4/27, , 10, 12, 
2017/4/28, , 8, 8, 
2017/4/29, , 17, 10, 
2017/4/30, , 17, 7, 
2017/5/1, , 18, 12, 
2017/5/2, , 5, 27, 
2017/5/3, , 18, 21, 
2017/5/4, , 21, 9, 
2017/5/5, , 9, 9, 
2017/5/6, , 13, 10, 
2017/5/7, , 13, 9, 
2017/5/8, , 11, 13, 
2017/5/9, , 10, 10, 
2017/5/10, , 12, 15, 
2017/5/11, , 16, 17, 
2017/5/12, , 11, 7, 
2017/5/13, , 6, 8, 
2017/5/14, , 5, 9, 
2017/5/15, , 9, 12, 
2017/5/16, , 11, 13, 
2017/5/17, , 18, 9, 
2017/5/18, , 19, 6, 
2017/5/19, , 20, 4, 
2017/5/20, , 8, 4, 
2017/5/21, , 12, 11, 
2017/5/22, , 17, 13, 
2017/5/23, , 17, 14, 
2017/5/24, , 16, 7, 
2017/5/25, , 9, 11, 
2017/5/26, , 10, 11, 
2017/5/27, , 10, 6, 
2017/5/28, , 10, 15, 
2017/5/29, , 16, 14, 
2017/5/30, , 22, 9, 
2017/5/31, , 13, 14, 
2017/6/1, , 13, 14, 
2017/6/2, , 17, 9, 
2017/6/3, , 16, 5, 
2017/6/4, , 11, 6, 
2017/6/5, , 7, 9, 
2017/6/6, , 14, 6, 
2017/6/7, , 5, 8, 
2017/6/8, , 8, 11, 
2017/6/9, , 11, 9, 
2017/6/10, , 6, 9, 
2017/6/11, , 8, 15, 
2017/6/12, , 16, 10, 
2017/6/13, , 14, 12, 
2017/6/14, , 11, 9, 
2017/6/15, , 9, 10, 
2017/6/16, , 11, 7, 
2017/6/17, , 7, 8, 
2017/6/18, , 6, 13, 
2017/6/19, , 16, 15, 
2017/6/20, , 14, 12, 
2017/6/21, , 18, 15, 
2017/6/22, , 19, 15, 
2017/6/23, , 21, 6, 
2017/6/24, , 20, 6, 
2017/6/25, , 15, 6, 
2017/6/26, , 9, 12, 
2017/6/27, , 16, 8, 
2017/6/28, , 20, 7, 
2017/6/29, , 8, 8, 
2017/6/30, , 5, 5, 
2017/1/2, , 33, 7, 
2017/1/3, , 12, 4, 
2017/1/4, , 4, 9, 
2017/1/5, , 8, 7, 
2017/1/6, , 10, 9, 
2017/1/7, , 13, 18, 
2017/1/8, , 25, 22, 
2017/1/9, , 25, 13, 
2017/1/10, , 35, 25, 
2017/1/11, , 53, 16, 
2017/1/12, , 15, 15, 
2017/1/13, , 12, 7, 
2017/1/14, , 7, 7, 
2017/1/15, , 9, 19, 
2017/1/16, , 21, 16, 
2017/1/17, , 30, 18, 
2017/1/18, , 39, 22, 
2017/1/19, , 55, 32, 
2017/1/20, , 67, 33, 
2017/1/21, , 72, 16, 
2017/1/22, , 54, 16, 
2017/1/23, , 62, 16, 
2017/1/24, , 44, 21, 
2017/1/25, , 36, 18, 
2017/1/26, , 39, 13, 
2017/1/27, , 44, 9, 
2017/1/28, , 50, 9, 
2017/1/29, , 48, 12, 
2017/1/30, , 41, 14, 
2017/1/31, , 50, 32, 
2017/2/1, , 58, 24, 
2017/2/2, , 42, 23, 
2017/2/3, , 32, 24, 
2017/2/4, , 34, 18, 
2017/2/5, , 16, 18, 
2017/2/6, , 23, 16, 
2017/2/7, , 28, 16, 
2017/2/8, , 39, 21, 
2017/2/9, , 59, 11, 
2017/2/10, , 35, 9, 
2017/2/11, , 28, 12, 
2017/2/12, , 32, 21, 
2017/2/13, , 40, 27, 
2017/2/14, , 52, 37, 
2017/2/15, , 57, 27, 
2017/2/16, , 53, 19, 
2017/2/17, , 32, 15, 
2017/2/18, , 20, 19, 
2017/2/19, , 25, 20, 
2017/2/20, , 24, 9, 
2017/2/21, , 4, 13, 
2017/2/22, , 9, 15, 
2017/2/23, , 13, 7, 
2017/2/24, , 6, 11, 
2017/2/25, , 10, 22, 
2017/2/26, , 18, 20, 
2017/2/27, , 27, 18, 
2017/2/28, , 25, 10, 
2017/3/1, , 5, 18, 
2017/3/2, , 7, 15, 
2017/3/3, , 14, 12, 
2017/3/4, , 17, 9, 
2017/3/5, , 6, 8, 
2017/3/6, , 5, 10, 
2017/3/7, , 12, 15, 
2017/3/8, , 19, 14, 
2017/3/9, , 8, 8, 
2017/3/10, , 6, 13, 
2017/3/11, , 16, 11, 
2017/3/12, , 21, 17, 
2017/3/13, , 32, 16, 
2017/3/14, , 32, 16, 
2017/3/15, , 36, 16, 
2017/3/16, , 31, 17, 
2017/3/17, , 27, 6, 
2017/3/18, , 10, 8, 
2017/3/19, , 5, 11, 
2017/3/20, , 8, 13, 
2017/3/21, , 16, 17, 
2017/3/22, , 15, 16, 
2017/3/23, , 30, 13, 
2017/3/24, , 23, 17, 
2017/3/25, , 23, 13, 
2017/3/26, , 14, 20, 
2017/3/27, , 23, 29, 
2017/3/28, , 28, 12, 
2017/3/29, , 25, 17, 
2017/3/30, , 21, 14, 
2017/3/31, , 23, 6, 
2016/10/1, , 30, 11, 
2016/10/2, , 15, 8, 
2016/10/3, , 6, 9, 
2016/10/4, , 7, 6, 
2016/10/5, , 5, 7, 
2016/10/6, , 4, 13, 
2016/10/7, , 19, 10, 
2016/10/8, , 15, 8, 
2016/10/9, , 11, 11, 
2016/10/10, , 12, 13, 
2016/10/11, , 17, 8, 
2016/10/12, , 10, 13, 
2016/10/13, , 15, 9, 
2016/10/14, , 19, 12, 
2016/10/15, , 23, 11, 
2016/10/16, , 25, 14, 
2016/10/17, , 33, 11, 
2016/10/18, , 24, 12, 
2016/10/19, , 26, 16, 
2016/10/20, , 8, 19, 
2016/10/21, , 19, 14, 
2016/10/22, , 16, 12, 
2016/10/23, , 19, 14, 
2016/10/24, , 31, 17, 
2016/10/25, , 20, 13, 
2016/10/26, , 18, 16, 
2016/10/27, , 27, 16, 
2016/10/28, , 29, 11, 
2016/10/29, , 12, 7, 
2016/10/30, , 9, 16, 
2016/10/31, , 15, 13, 
2016/11/1, , 15, 12, 
2016/11/2, , 13, 17, 
2016/11/3, , 13, 18, 
2016/11/4, , 27, 16, 
2016/11/5, , 33, 10, 
2016/11/6, , 15, 12, 
2016/11/7, , 13, 18, 
2016/11/8, , 21, 18, 
2016/11/9, , 23, 19, 
2016/11/10, , 17, 19, 
2016/11/11, , 28, 12, 
2016/11/12, , 25, 11, 
2016/11/13, , 15, 18, 
2016/11/14, , 26, 23, 
2016/11/15, , 37, 18, 
2016/11/16, , 36, 13, 
2016/11/17, , 47, 15, 
2016/11/18, , 34, 12, 
2016/11/19, , 18, 8, 
2016/11/20, , 7, 8, 
2016/11/21, , 22, 10, 
2016/11/22, , 25, 18, 
2016/11/23, , 42, 19, 
2016/11/24, , 46, 22, 
2016/11/25, , 46, 14, 
2016/11/26, , 50, 8, 
2016/11/27, , 8, 9, 
2016/11/28, , 9, 13, 
2016/11/29, , 14, 15, 
2016/11/30, , 16, 11, 
2016/12/1, , 16, 12, 
2016/12/2, , 10, 21, 
2016/12/3, , 16, 24, 
2016/12/4, , 36, 19, 
2016/12/5, , 43, 15, 
2016/12/6, , 26, 20, 
2016/12/7, , 32, 15, 
2016/12/8, , 41, 14, 
2016/12/9, , 12, 13, 
2016/12/10, , 9, 10, 
2016/12/11, , 12, 10, 
2016/12/12, , 9, 18, 
2016/12/13, , 20, 28, 
2016/12/14, , 46, 18, 
2016/12/15, , 20, 19, 
2016/12/16, , 32, 16, 
2016/12/17, , 38, 16, 
2016/12/18, , 30, 11, 
2016/12/19, , 31, 11, 
2016/12/20, , 21, 10, 
2016/12/21, , 25, 14, 
2016/12/22, , 29, 18, 
2016/12/23, , 28, 14, 
2016/12/24, , 20, 4, 
2016/12/25, , 4, 5, 
2016/12/26, , 6, 5, 
2016/12/27, , 6, 10, 
2016/12/28, , 6, 13, 
2016/12/29, , 12, 22, 
2016/12/30, , 16, 28, 
2016/12/31, , 31, 21, 
2017/1/1, , 69, 14, 
2016/7/1, , 8, 6, 
2016/7/2, , 12, 4, 
2016/7/3, , 7, 9, 
2016/7/4, , 9, 12, 
2016/7/5, , 11, 7, 
2016/7/6, , 10, 10, 
2016/7/7, , 10, 12, 
2016/7/8, , 17, 7, 
2016/7/9, , 12, 7, 
2016/7/10, , 16, 13, 
2016/7/11, , 20, 11, 
2016/7/12, , 7, 6, 
2016/7/13, , 7, 4, 
2016/7/14, , 2, 6, 
2016/7/15, , 7, 8, 
2016/7/16, , 7, 5, 
2016/7/17, , 10, 6, 
2016/7/18, , 9, 12, 
2016/7/19, , 12, 12, 
2016/7/20, , 14, 13, 
2016/7/21, , 17, 10, 
2016/7/22, , 13, 7, 
2016/7/23, , 11, 6, 
2016/7/24, , 10, 7, 
2016/7/25, , 15, 6, 
2016/7/26, , 11, 9, 
2016/7/27, , 19, 6, 
2016/7/28, , 9, 8, 
2016/7/29, , 11, 7, 
2016/7/30, , 8, 6, 
2016/7/31, , 8, 7, 
2016/8/1, , 9, 7, 
2016/8/2, , 8, 6, 
2016/8/3, , 8, 11, 
2016/8/4, , 17, 6, 
2016/8/5, , 8, 3, 
2016/8/6, , 11, 5, 
2016/8/7, , 10, 12, 
2016/8/8, , 13, 12, 
2016/8/9, , 15, 6, 
2016/8/10, , 8, 7, 
2016/8/11, , 8, 9, 
2016/8/12, , 7, 5, 
2016/8/13, , 6, 7, 
2016/8/14, , 7, 7, 
2016/8/15, , 12, 14, 
2016/8/16, , 16, 11, 
2016/8/17, , 16, 15, 
2016/8/18, , 18, 15, 
2016/8/19, , 15, 9, 
2016/8/20, , 14, 5, 
2016/8/21, , 7, 7, 
2016/8/22, , 8, 9, 
2016/8/23, , 9, 13, 
2016/8/24, , 13, 13, 
2016/8/25, , 18, 9, 
2016/8/26, , 17, 9, 
2016/8/27, , 20, 8, 
2016/8/28, , 25, 13, 
2016/8/29, , 20, 13, 
2016/8/30, , 11, 14, 
2016/8/31, , 16, 18, 
2016/9/1, , 15, 11, 
2016/9/2, , 15, 10, 
2016/9/3, , 15, 9, 
2016/9/4, , 14, 6, 
2016/9/5, , 4, 8, 
2016/9/6, , 8, 14, 
2016/9/7, , 20, 15, 
2016/9/8, , 30, 20, 
2016/9/9, , 22, 13, 
2016/9/10, , 24, 12, 
2016/9/11, , 27, 17, 
2016/9/12, , 34, 17, 
2016/9/13, , 33, 21, 
2016/9/14, , 32, 15, 
2016/9/15, , 32, , 
2016/9/16, , 37, , 
2016/9/17, , 17, , 
2016/9/18, , 5, 11, 
2016/9/19, , 12, 10, 
2016/9/20, , 25, 9, 
2016/9/21, , 16, 13, 
2016/9/22, , 13, 16, 
2016/9/23, , 12, 16, 
2016/9/24, , 15, 21, 
2016/9/25, , 22, 23, 
2016/9/26, , 31, 21, 
2016/9/27, , 29, 14, 
2016/9/28, , 24, 11, 
2016/9/29, , 15, 25, 
2016/9/30, , 24, 16, 
2016/4/1, , 22, 10, 
2016/4/2, , 20, 12, 
2016/4/3, , 25, 28, 
2016/4/4, , 39, 26, 
2016/4/5, , 48, 9, 
2016/4/6, , 22, 17, 
2016/4/7, , 19, 10, 
2016/4/8, , 13, 9, 
2016/4/9, , 11, 9, 
2016/4/10, , 17, 13, 
2016/4/11, , 21, 15, 
2016/4/12, , 35, 21, 
2016/4/13, , 33, 8, 
2016/4/14, , 12, 15, 
2016/4/15, , 17, 17, 
2016/4/16, , 13, 9, 
2016/4/17, , 10, 12, 
2016/4/18, , 11, 11, 
2016/4/19, , 15, 12, 
2016/4/20, , 14, 18, 
2016/4/21, , 26, 16, 
2016/4/22, , 22, 15, 
2016/4/23, , 19, 7, 
2016/4/24, , 10, 8, 
2016/4/25, , 11, 12, 
2016/4/26, , 11, 10, 
2016/4/27, , 6, 13, 
2016/4/28, , 11, 20, 
2016/4/29, , 19, 14, 
2016/4/30, , 14, 15, 
2016/5/1, , 20, 13, 
2016/5/2, , 26, 11, 
2016/5/3, , 19, 7, 
2016/5/4, , 6, 5, 
2016/5/5, , 14, 14, 
2016/5/6, , 17, 15, 
2016/5/7, , 17, 12, 
2016/5/8, , 13, 14, 
2016/5/9, , 17, 10, 
2016/5/10, , 19, 11, 
2016/5/11, , 23, 18, 
2016/5/12, , 22, 7, 
2016/5/13, , 4, 5, 
2016/5/14, , 13, 6, 
2016/5/15, , 10, 5, 
2016/5/16, , 7, 8, 
2016/5/17, , 10, 11, 
2016/5/18, , 14, 13, 
2016/5/19, , 17, 7, 
2016/5/20, , 12, 10, 
2016/5/21, , 9, 11, 
2016/5/22, , 19, 9, 
2016/5/23, , 20, 6, 
2016/5/24, , 2, 8, 
2016/5/25, , 10, 11, 
2016/5/26, , 19, 12, 
2016/5/27, , 21, 10, 
2016/5/28, , 20, 6, 
2016/5/29, , 20, 10, 
2016/5/30, , 8, 7, 
2016/5/31, , 3, 9, 
2016/6/1, , 5, 12, 
2016/6/2, , 6, 13, 
2016/6/3, , 12, 9, 
2016/6/4, , 11, 7, 
2016/6/5, , 12, 11, 
2016/6/6, , 14, 14, 
2016/6/7, , 12, 18, 
2016/6/8, , 19, 8, 
2016/6/9, , 13, 7, 
2016/6/10, , 10, 11, 
2016/6/11, , 14, 7, 
2016/6/12, , 10, 6, 
2016/6/13, , 7, 7, 
2016/6/14, , 7, 9, 
2016/6/15, , 3, 8, 
2016/6/16, , 16, 6, 
2016/6/17, , 9, 8, 
2016/6/18, , 5, 4, 
2016/6/19, , 4, 11, 
2016/6/20, , 7, 12, 
2016/6/21, , 12, 15, 
2016/6/22, , 17, 14, 
2016/6/23, , 16, 11, 
2016/6/24, , 31, 6, 
2016/6/25, , 36, 6, 
2016/6/26, , 8, 6, 
2016/6/27, , 7, 8, 
2016/6/28, , 9, 11, 
2016/6/29, , 11, 10, 
2016/6/30, , 14, 8, 
2016/1/4, , 40, 13, 
2016/1/5, , 53, 14, 
2016/1/6, , 53, 23, 
2016/1/7, , 41, 26, 
2016/1/8, , 31, 17, 
2016/1/9, , 42, 18, 
2016/1/10, , 23, 17, 
2016/1/11, , 18, 8, 
2016/1/12, , 3, 6, 
2016/1/13, , 2, 14, 
2016/1/14, , 12, 11, 
2016/1/15, , 8, 10, 
2016/1/16, , 16, 14, 
2016/1/17, , 25, 16, 
2016/1/18, , 26, 26, 
2016/1/19, , 47, 19, 
2016/1/20, , 29, 23, 
2016/1/21, , 25, 28, 
2016/1/22, , 37, 25, 
2016/1/23, , 51, 19, 
2016/1/24, , 19, 17, 
2016/1/25, , 11, 20, 
2016/1/26, , 20, 39, 
2016/1/27, , 47, 19, 
2016/1/28, , 26, 16, 
2016/1/29, , 13, 16, 
2016/1/30, , 29, 7, 
2016/1/31, , 2, 10, 
2016/2/1, , 3, 18, 
2016/2/2, , 16, 11, 
2016/2/3, , 6, 8, 
2016/2/4, , 8, 15, 
2016/2/5, , 11, 21, 
2016/2/6, , 20, 18, 
2016/2/7, , 14, 17, 
2016/2/8, , 15, 16, 
2016/2/9, , 9, 9, 
2016/2/10, , 4, 13, 
2016/2/11, , 5, 19, 
2016/2/12, , 17, 12, 
2016/2/13, , 15, 9, 
2016/2/14, , 17, 13, 
2016/2/15, , 14, 14, 
2016/2/16, , 17, 13, 
2016/2/17, , 21, 13, 
2016/2/18, , 21, 14, 
2016/2/19, , 21, 9, 
2016/2/20, , 10, 4, 
2016/2/21, , 2, 13, 
2016/2/22, , 18, 10, 
2016/2/23, , 43, 14, 
2016/2/24, , 10, 16, 
2016/2/25, , 20, 18, 
2016/2/26, , 16, 10, 
2016/2/27, , 22, 10, 
2016/2/28, , 32, 21, 
2016/2/29, , 26, 10, 
2016/3/1, , 15, 17, 
2016/3/2, , 25, 13, 
2016/3/3, , 10, 15, 
2016/3/4, , 17, 16, 
2016/3/5, , 15, 7, 
2016/3/6, , 5, 15, 
2016/3/7, , 14, 13, 
2016/3/8, , 18, 25, 
2016/3/9, , 28, 19, 
2016/3/10, , 35, 11, 
2016/3/11, , 24, 12, 
2016/3/12, , 13, 12, 
2016/3/13, , 20, 15, 
2016/3/14, , 24, 15, 
2016/3/15, , 18, 20, 
2016/3/16, , 29, 26, 
2016/3/17, , 40, 15, 
2016/3/18, , 31, 15, 
2016/3/19, , 28, 12, 
2016/3/20, , 28, 12, 
2016/3/21, , 18, 12, 
2016/3/22, , 16, 16, 
2016/3/23, , 19, 12, 
2016/3/24, , 15, 12, 
2016/3/25, , 24, 7, 
2016/3/26, , 10, 10, 
2016/3/27, , 16, 12, 
2016/3/28, , 21, 13, 
2016/3/29, , 14, 19, 
2016/3/30, , 17, 20, 
2016/3/31, , 22, 18, 
2015/10/1, , 22, 13, 
2015/10/2, , 22, 7, 
2015/10/3, , 23, 13, 
2015/10/4, , 15, 15, 
2015/10/5, , 17, 19, 
2015/10/6, , 39, 20, 
2015/10/7, , 21, 13, 
2015/10/8, , 9, 14, 
2015/10/9, , 25, 17, 
2015/10/10, , 48, 11, 
2015/10/11, , 37, 16, 
2015/10/12, , 33, 18, 
2015/10/13, , 42, 15, 
2015/10/14, , 19, 14, 
2015/10/15, , 16, 12, 
2015/10/16, , 15, 12, 
2015/10/17, , 14, 15, 
2015/10/18, , 26, 13, 
2015/10/19, , 18, 13, 
2015/10/20, , 25, 13, 
2015/10/21, , 23, 14, 
2015/10/22, , 21, 11, 
2015/10/23, , 15, 17, 
2015/10/24, , 23, 16, 
2015/10/25, , 28, 15, 
2015/10/26, , 33, 12, 
2015/10/27, , 31, 9, 
2015/10/28, , 38, 15, 
2015/10/29, , 40, 20, 
2015/10/30, , 29, , 
2015/11/1, , 22, 24, 
2015/11/2, , 37, 27, 
2015/11/3, , 61, 25, 
2015/11/4, , 65, 30, 
2015/11/5, , 63, 46, 
2015/11/6, , 64, 18, 
2015/11/7, , 24, 13, 
2015/11/8, , 12, 12, 
2015/11/9, , 13, 7, 
2015/11/10, , 10, 9, 
2015/11/11, , 8, 14, 
2015/11/12, , 21, 23, 
2015/11/13, , 36, 7, 
2015/11/14, , 9, 6, 
2015/11/15, , 9, 15, 
2015/11/16, , 24, 12, 
2015/11/17, , 16, 8, 
2015/11/18, , 8, 9, 
2015/11/19, , 7, 14, 
2015/11/20, , 6, 8, 
2015/11/21, , 9, 6, 
2015/11/22, , 12, 15, 
2015/11/23, , 9, 20, 
2015/11/24, , 21, 18, 
2015/11/25, , 30, 16, 
2015/11/26, , 29, 16, 
2015/11/27, , 24, 10, 
2015/11/28, , 22, 5, 
2015/11/29, , 5, 5, 
2015/11/30, , 3, 8, 
2015/12/1, , 4, 15, 
2015/12/2, , 9, 24, 
2015/12/3, , 23, 26, 
2015/12/4, , 33, 21, 
2015/12/5, , 39, 8, 
2015/12/6, , 20, 12, 
2015/12/7, , 21, 8, 
2015/12/8, , 12, 14, 
2015/12/9, , 20, 17, 
2015/12/10, , 23, 25, 
2015/12/11, , 38, 13, 
2015/12/12, , 12, 12, 
2015/12/13, , 19, 19, 
2015/12/14, , 20, 12, 
2015/12/15, , 42, 15, 
2015/12/16, , 50, 12, 
2015/12/17, , 28, 11, 
2015/12/18, , 36, 12, 
2015/12/19, , 34, 8, 
2015/12/20, , 33, 14, 
2015/12/21, , 26, 19, 
2015/12/22, , 19, 17, 
2015/12/23, , 25, 18, 
2015/12/24, , 36, 9, 
2015/12/25, , 32, 9, 
2015/12/26, , 22, 11, 
2015/12/27, , 29, 26, 
2015/12/28, , 39, 14, 
2015/12/29, , 31, 14, 
2015/12/30, , 23, , 
2016/1/3, , 41, 8, 
2015/7/1, , 28, 22, 
2015/7/2, , 29, 10, 
2015/7/3, , 26, 12, 
2015/7/4, , 22, 9, 
2015/7/5, , 19, 12, 
2015/7/6, , 30, 14, 
2015/7/7, , 31, 11, 
2015/7/8, , 18, 6, 
2015/7/9, , 14, 7, 
2015/7/10, , 13, 11, 
2015/7/11, , 14, 8, 
2015/7/12, , 16, 7, 
2015/7/13, , 16, 7, 
2015/7/14, , 12, 12, 
2015/7/15, , 12, 10, 
2015/7/16, , 21, 15, 
2015/7/17, , 21, 9, 
2015/7/18, , 16, 8, 
2015/7/19, , 19, 8, 
2015/7/20, , 13, 13, 
2015/7/21, , 17, 11, 
2015/7/22, , 19, 11, 
2015/7/23, , 16, 11, 
2015/7/24, , 23, 6, 
2015/7/25, , 17, 3, 
2015/7/26, , 6, 9, 
2015/7/27, , 9, 12, 
2015/7/28, , 9, 9, 
2015/7/29, , 7, 7, 
2015/7/30, , 9, 11, 
2015/7/31, , 11, 8, 
2015/8/1, , 14, 8, 
2015/8/2, , 16, , 
2015/8/3, , 20, 7, 
2015/8/4, , 26, 12, 
2015/8/5, , 20, 15, 
2015/8/6, , 23, 12, 
2015/8/7, , 25, 7, 
2015/8/8, , 29, 9, 
2015/8/9, , 24, 15, 
2015/8/10, , 29, 18, 
2015/8/11, , 29, 17, 
2015/8/12, , 28, 20, 
2015/8/13, , 35, 12, 
2015/8/14, , 39, 13, 
2015/8/15, , 23, 7, 
2015/8/16, , 17, 7, 
2015/8/17, , 5, 10, 
2015/8/18, , 13, 9, 
2015/8/19, , 15, 10, 
2015/8/20, , 21, 10, 
2015/8/21, , 26, 10, 
2015/8/22, , 22, 6, 
2015/8/23, , 20, 6, 
2015/8/24, , 24, 10, 
2015/8/25, , 9, 16, 
2015/8/26, , 12, 17, 
2015/8/27, , 22, 16, 
2015/8/28, , 29, 13, 
2015/8/29, , 19, 13, 
2015/8/30, , 21, 17, 
2015/8/31, , 29, 23, 
2015/9/1, , 33, 10, 
2015/9/2, , 9, 16, 
2015/9/3, , 16, 12, 
2015/9/4, , 8, 8, 
2015/9/5, , 10, 4, 
2015/9/6, , 6, 8, 
2015/9/7, , 8, 12, 
2015/9/8, , 9, 13, 
2015/9/9, , 10, 14, 
2015/9/10, , 15, 11, 
2015/9/11, , 18, 7, 
2015/9/12, , 16, 5, 
2015/9/13, , 24, 11, 
2015/9/14, , 19, 14, 
2015/9/15, , 13, 15, 
2015/9/16, , 20, 19, 
2015/9/17, , 28, 14, 
2015/9/18, , 8, 8, 
2015/9/19, , 7, 6, 
2015/9/20, , 9, 16, 
2015/9/21, , 11, 13, 
2015/9/22, , 16, 11, 
2015/9/23, , 11, 7, 
2015/9/24, , 9, 11, 
2015/9/25, , 17, 12, 
2015/9/26, , 16, 11, 
2015/9/27, , 11, 13, 
2015/9/28, , 10, 17, 
2015/9/29, , 14, 18, 
2015/9/30, , 18, 18, 
2015/4/1, , 3, 6, 
2015/4/2, , 4, 7, 
2015/4/3, , 6, 14, 
2015/4/4, , 11, 11, 
2015/4/5, , 10, 9, 
2015/4/6, , 8, 9, 
2015/4/7, , 20, 14, 
2015/4/8, , 27, 14, 
2015/4/9, , 26, 20, 
2015/4/10, , 33, 21, 
2015/4/11, , 34, 10, 
2015/4/12, , 13, 14, 
2015/4/13, , 21, 18, 
2015/4/14, , 18, 15, 
2015/4/15, , 20, 15, 
2015/4/16, , 22, 18, 
2015/4/17, , 32, 9, 
2015/4/18, , 11, 9, 
2015/4/19, , 16, 10, 
2015/4/20, , 20, 9, 
2015/4/21, , 23, 17, 
2015/4/22, , 28, 13, 
2015/4/23, , 28, 11, 
2015/4/24, , 10, 12, 
2015/4/25, , 21, 7, 
2015/4/26, , 13, 10, 
2015/4/27, , 23, 11, 
2015/4/28, , 19, 13, 
2015/4/29, , 19, 15, 
2015/4/30, , 24, 11, 
2015/5/1, , 13, 10, 
2015/5/2, , 18, 11, 
2015/5/3, , 19, 14, 
2015/5/4, , 18, 18, 
2015/5/5, , 28, 10, 
2015/5/6, , 14, 10, 
2015/5/7, , 11, 15, 
2015/5/8, , 18, 6, 
2015/5/9, , 15, 6, 
2015/5/10, , 11, 15, 
2015/5/11, , 16, 14, 
2015/5/12, , 24, 14, 
2015/5/13, , 25, 9, 
2015/5/14, , 18, 15, 
2015/5/15, , 27, 8, 
2015/5/16, , 24, 5, 
2015/5/17, , 13, 10, 
2015/5/18, , 23, 13, 
2015/5/19, , 22, 8, 
2015/5/20, , 14, 10, 
2015/5/21, , 17, 15, 
2015/5/22, , 27, 11, 
2015/5/23, , 15, 5, 
2015/5/24, , 12, 7, 
2015/5/25, , 23, 9, 
2015/5/26, , 20, 9, 
2015/5/27, , 17, 11, 
2015/5/28, , 17, 13, 
2015/5/29, , 22, 11, 
2015/5/30, , 14, 5, 
2015/5/31, , 11, 15, 
2015/6/1, , 20, 9, 
2015/6/2, , 12, 12, 
2015/6/3, , 17, 9, 
2015/6/4, , 20, 11, 
2015/6/5, , 24, 7, 
2015/6/6, , 26, 9, 
2015/6/7, , 23, 16, 
2015/6/8, , 32, 10, 
2015/6/9, , 25, 13, 
2015/6/10, , 27, 13, 
2015/6/11, , 31, 9, 
2015/6/12, , 34, 15, 
2015/6/13, , 29, 10, 
2015/6/14, , 18, 11, 
2015/6/15, , 21, 9, 
2015/6/16, , 15, 12, 
2015/6/17, , 15, 8, 
2015/6/18, , 19, 7, 
2015/6/19, , 13, 5, 
2015/6/20, , 12, 4, 
2015/6/21, , 9, 9, 
2015/6/22, , 9, 9, 
2015/6/23, , 6, 7, 
2015/6/24, , 7, 12, 
2015/6/25, , 12, 9, 
2015/6/26, , 13, 7, 
2015/6/27, , 14, 8, 
2015/6/28, , 12, 13, 
2015/6/29, , 13, 17, 
2015/6/30, , 19, 20, 
2015/1/1, , 21, 15, 
2015/1/2, , 9, 13, 
2015/1/3, , 7, 8, 
2015/1/4, , 2, 9, 
2015/1/5, , 3, 17, 
2015/1/6, , 6, 16, 
2015/1/7, , 7, 16, 
2015/1/8, , 5, 10, 
2015/1/9, , 1, 4, 
2015/1/13, , 51, 24, 
2015/1/14, , 38, 23, 
2015/1/15, , 24, 10, 
2015/1/16, , 36, 16, 
2015/1/17, , 21, 15, 
2015/1/18, , 18, 23, 
2015/1/19, , 37, 17, 
2015/1/20, , 35, 20, 
2015/1/21, , 39, 13, 
2015/1/22, , 23, 13, 
2015/1/23, , 18, 9, 
2015/1/24, , 24, 9, 
2015/1/25, , 14, 20, 
2015/1/26, , 19, 19, 
2015/1/27, , 17, 17, 
2015/1/28, , 23, 21, 
2015/1/29, , 20, 13, 
2015/1/30, , 13, 18, 
2015/1/31, , 17, 25, 
2015/2/1, , 39, 14, 
2015/2/2, , 15, 18, 
2015/2/3, , 21, 17, 
2015/2/4, , 33, 24, 
2015/2/5, , 43, 20, 
2015/2/6, , 39, 10, 
2015/2/7, , 32, 9, 
2015/2/8, , 17, 9, 
2015/2/9, , 8, 13, 
2015/2/10, , 18, 19, 
2015/2/11, , 22, 15, 
2015/2/12, , 20, 18, 
2015/2/13, , 35, 14, 
2015/2/14, , 46, 15, 
2015/2/15, , 53, 27, 
2015/2/16, , 47, 14, 
2015/2/17, , 34, 18, 
2015/2/18, , 41, 22, 
2015/2/19, , 43, 27, 
2015/2/20, , 53, 29, 
2015/2/21, , 46, 19, 
2015/2/22, , 47, 20, 
2015/2/23, , 41, 21, 
2015/2/24, , 23, 14, 
2015/2/25, , 19, 20, 
2015/2/26, , 31, 21, 
2015/2/27, , 34, 13, 
2015/2/28, , 25, 19, 
2015/3/1, , 23, 15, 
2015/3/2, , 8, 15, 
2015/3/3, , 12, 15, 
2015/3/4, , 11, 14, 
2015/3/5, , 17, 16, 
2015/3/6, , 20, 19, 
2015/3/7, , 27, 16, 
2015/3/8, , 25, 19, 
2015/3/9, , 30, 29, 
2015/3/10, , 47, 14, 
2015/3/11, , 23, 12, 
2015/3/12, , 20, 13, 
2015/3/13, , 29, 13, 
2015/3/14, , 26, 12, 
2015/3/15, , 40, 12, 
2015/3/16, , 36, 19, 
2015/3/17, , 52, 25, 
2015/3/18, , 41, 26, 
2015/3/19, , 52, 30, 
2015/3/20, , 59, 31, 
2015/3/21, , 59, 14, 
2015/3/22, , 36, 16, 
2015/3/23, , 39, 16, 
2015/3/24, , 54, 20, 
2015/3/25, , 49, 17, 
2015/3/26, , 38, 11, 
2015/3/27, , 14, 13, 
2015/3/28, , 18, 10, 
2015/3/29, , 10, 8, 
2015/3/30, , 3, 10, 
2015/3/31, , 6, 7, 
2014/10/1, , 31, 14, 
2014/10/2, , 21, 17, 
2014/10/3, , 28, 11, 
2014/10/4, , 38, 8, 
2014/10/5, , 32, 12, 
2014/10/6, , 41, 9, 
2014/10/7, , 45, 17, 
2014/10/8, , 39, 20, 
2014/10/9, , 28, 17, 
2014/10/10, , 31, 14, 
2014/10/11, , 30, 13, 
2014/10/12, , 29, 19, 
2014/10/13, , 41, 16, 
2014/10/14, , 21, 18, 
2014/10/15, , 24, 18, 
2014/10/16, , 23, 17, 
2014/10/17, , 9, 15, 
2014/10/18, , 15, 17, 
2014/10/19, , 20, 18, 
2014/10/20, , 18, 15, 
2014/10/21, , 10, 8, 
2014/10/22, , 5, 12, 
2014/10/23, , 9, 15, 
2014/10/24, , 23, 13, 
2014/10/25, , 34, 15, 
2014/10/26, , 30, 18, 
2014/10/27, , 32, 16, 
2014/10/28, , 34, 19, 
2014/10/29, , 40, 25, 
2014/10/30, , 61, 21, 
2014/10/31, , 41, 15, 
2014/11/1, , 36, 16, 
2014/11/2, , 39, 20, 
2014/11/3, , 52, 16, 
2014/11/4, , 33, 11, 
2014/11/5, , 26, 12, 
2014/11/6, , 17, 18, 
2014/11/7, , 44, 15, 
2014/11/8, , 18, 10, 
2014/11/9, , 20, 21, 
2014/11/10, , 29, 14, 
2014/11/11, , 33, 14, 
2014/11/12, , 51, 18, 
2014/11/13, , 38, 15, 
2014/11/14, , 44, 6, 
2014/11/15, , 33, 12, 
2014/11/16, , 36, 11, 
2014/11/17, , 22, 13, 
2014/11/18, , 13, 14, 
2014/11/19, , 7, 15, 
2014/11/20, , 17, 16, 
2014/11/21, , 22, 15, 
2014/11/22, , 33, 12, 
2014/11/23, , 34, 14, 
2014/11/24, , 41, 17, 
2014/11/25, , 41, 15, 
2014/11/26, , 41, 13, 
2014/11/27, , 33, 14, 
2014/11/28, , 25, 19, 
2014/11/29, , 20, 13, 
2014/11/30, , 22, 16, 
2014/12/1, , 11, 15, 
2014/12/2, , 15, 16, 
2014/12/3, , 23, 15, 
2014/12/4, , 27, 13, 
2014/12/5, , 26, 11, 
2014/12/6, , 19, 12, 
2014/12/7, , 7, 13, 
2014/12/8, , 15, 16, 
2014/12/9, , 24, 18, 
2014/12/10, , 24, 20, 
2014/12/11, , 15, 24, 
2014/12/12, , 21, 17, 
2014/12/13, , 44, 14, 
2014/12/14, , 41, 18, 
2014/12/15, , 34, 18, 
2014/12/16, , 40, 20, 
2014/12/17, , 20, 16, 
2014/12/18, , 10, 9, 
2014/12/19, , 4, 6, 
2014/12/20, , 5, 5, 
2014/12/21, , 7, 7, 
2014/12/22, , 7, 10, 
2014/12/23, , 5, 14, 
2014/12/24, , 11, 6, 
2014/12/25, , 6, 8, 
2014/12/26, , 6, 11, 
2014/12/27, , 17, 12, 
2014/12/28, , 29, , 
2014/7/1, , 10, 16, 
2014/7/2, , 14, 7, 
2014/7/3, , 11, 8, 
2014/7/4, , 22, 9, 
2014/7/5, , 21, 4, 
2014/7/6, , 8, 12, 
2014/7/7, , 19, 7, 
2014/7/8, , 25, 4, 
2014/7/9, , 12, 6, 
2014/7/10, , 14, 6, 
2014/7/11, , 10, 3, 
2014/7/12, , 14, 7, 
2014/7/13, , 14, 10, 
2014/7/14, , 14, 6, 
2014/7/15, , 10, 9, 
2014/7/16, , 14, 10, 
2014/7/17, , 17, 9, 
2014/7/18, , 22, 7, 
2014/7/19, , 24, 4, 
2014/7/20, , 26, 8, 
2014/7/21, , 24, 10, 
2014/7/22, , 14, 11, 
2014/7/23, , 22, 9, 
2014/7/24, , 18, 13, 
2014/7/25, , 19, 9, 
2014/7/26, , 18, 9, 
2014/7/27, , 19, 12, 
2014/7/28, , 21, 9, 
2014/7/29, , 21, 13, 
2014/7/30, , 22, 14, 
2014/7/31, , 16, 9, 
2014/8/1, , 17, 6, 
2014/8/2, , 19, 8, 
2014/8/3, , 26, 7, 
2014/8/4, , 9, 7, 
2014/8/5, , 11, 9, 
2014/8/6, , 18, 8, 
2014/8/7, , 21, 7, 
2014/8/8, , 19, 9, 
2014/8/9, , 17, 6, 
2014/8/10, , 10, 7, 
2014/8/11, , 10, 9, 
2014/8/12, , 6, 9, 
2014/8/13, , 10, 6, 
2014/8/14, , 7, 6, 
2014/8/15, , 6, 4, 
2014/8/16, , 6, 2, 
2014/8/17, , 5, 10, 
2014/8/18, , 12, 15, 
2014/8/19, , 16, 12, 
2014/8/20, , 12, 9, 
2014/8/21, , 8, 12, 
2014/8/22, , 16, 10, 
2014/8/23, , 12, 4, 
2014/8/24, , 7, 10, 
2014/8/25, , 10, 17, 
2014/8/26, , 11, 13, 
2014/8/27, , 9, 17, 
2014/8/28, , 15, 17, 
2014/8/29, , 24, 17, 
2014/8/30, , 15, 11, 
2014/8/31, , 10, 8, 
2014/9/1, , 4, 9, 
2014/9/2, , 7, 11, 
2014/9/3, , 24, 17, 
2014/9/4, , 42, 20, 
2014/9/5, , 42, 14, 
2014/9/6, , 33, 14, 
2014/9/7, , 27, 19, 
2014/9/8, , 31, 12, 
2014/9/9, , 24, 14, 
2014/9/10, , 29, 14, 
2014/9/11, , 19, 10, 
2014/9/12, , 10, 9, 
2014/9/13, , 7, 11, 
2014/9/14, , 12, 15, 
2014/9/15, , 24, 16, 
2014/9/16, , 26, 13, 
2014/9/17, , 22, 8, 
2014/9/18, , 27, 15, 
2014/9/19, , 35, 14, 
2014/9/20, , 26, 5, 
2014/9/21, , 10, 8, 
2014/9/22, , 11, 9, 
2014/9/23, , 10, 11, 
2014/9/24, , 16, 10, 
2014/9/25, , 13, 10, 
2014/9/26, , 17, 9, 
2014/9/27, , 15, 12, 
2014/9/28, , 17, 20, 
2014/9/29, , 25, 17, 
2014/9/30, , 26, 24, 
2014/4/1, , 49, 22, 
2014/4/2, , 53, 32, 
2014/4/3, , 55, 32, 
2014/4/4, , 56, 25, 
2014/4/5, , 51, 11, 
2014/4/6, , 48, 16, 
2014/4/7, , 29, 20, 
2014/4/8, , 30, 10, 
2014/4/9, , 10, 12, 
2014/4/10, , 12, 16, 
2014/4/11, , 16, 18, 
2014/4/12, , 23, 13, 
2014/4/13, , 20, 13, 
2014/4/14, , 20, 6, 
2014/4/15, , 7, 10, 
2014/4/16, , 13, 13, 
2014/4/17, , 18, 13, 
2014/4/18, , 13, 9, 
2014/4/19, , 26, 9, 
2014/4/20, , 11, 4, 
2014/4/21, , 16, 16, 
2014/4/22, , 18, 17, 
2014/4/23, , 17, 12, 
2014/4/24, , 19, 17, 
2014/4/25, , 16, 10, 
2014/4/26, , 17, 6, 
2014/4/27, , 20, 10, 
2014/4/28, , 10, 12, 
2014/4/29, , 26, 17, 
2014/4/30, , 23, 7, 
2014/5/1, , 21, 14, 
2014/5/2, , 24, 9, 
2014/5/3, , 20, 7, 
2014/5/4, , 14, 11, 
2014/5/5, , 17, 12, 
2014/5/6, , 23, 12, 
2014/5/7, , 25, 9, 
2014/5/8, , 8, 11, 
2014/5/9, , 6, 4, 
2014/5/10, , 7, , 
2014/5/12, , 5, 8, 
2014/5/13, , 6, 7, 
2014/5/14, , 12, 6, 
2014/5/15, , 10, 8, 
2014/5/16, , 7, 4, 
2014/5/17, , 4, 8, 
2014/5/18, , 5, 12, 
2014/5/19, , 12, 10, 
2014/5/20, , 11, 12, 
2014/5/21, , 17, 7, 
2014/5/22, , 23, 7, 
2014/5/23, , 31, 10, 
2014/5/24, , 20, 9, 
2014/5/25, , 11, 14, 
2014/5/26, , 19, 11, 
2014/5/27, , 15, 7, 
2014/5/28, , 9, 7, 
2014/5/29, , 5, 7, 
2014/5/30, , 7, 6, 
2014/5/31, , 9, 3, 
2014/6/1, , 10, 11, 
2014/6/2, , 16, 14, 
2014/6/3, , 18, 12, 
2014/6/4, , 19, 10, 
2014/6/5, , 10, 15, 
2014/6/6, , 9, 13, 
2014/6/7, , 16, 10, 
2014/6/8, , 15, 6, 
2014/6/9, , 13, 18, 
2014/6/10, , 22, 15, 
2014/6/11, , 24, 11, 
2014/6/12, , 17, 9, 
2014/6/13, , 12, 7, 
2014/6/14, , 12, 7, 
2014/6/15, , 8, 12, 
2014/6/16, , 10, 14, 
2014/6/17, , 11, 16, 
2014/6/18, , 15, 5, 
2014/6/19, , 14, 6, 
2014/6/20, , 8, 5, 
2014/6/21, , 9, 6, 
2014/6/22, , 10, 9, 
2014/6/23, , 15, 9, 
2014/6/24, , 18, 13, 
2014/6/25, , 14, 10, 
2014/6/26, , 10, 12, 
2014/6/27, , 16, 8, 
2014/6/28, , 17, 5, 
2014/6/29, , 12, 6, 
2014/6/30, , 5, 8, 
2014/1/1, , 38, 14, 
2014/1/2, , 27, 20, 
2014/1/3, , 36, 14, 
2014/1/4, , 33, 12, 
2014/1/5, , 15, 11, 
2014/1/6, , 11, 20, 
2014/1/7, , 22, 13, 
2014/1/8, , 19, 12, 
2014/1/9, , 21, 13, 
2014/1/10, , 10, 19, 
2014/1/11, , 19, 11, 
2014/1/12, , 13, 26, 
2014/1/13, , 35, 20, 
2014/1/14, , 47, 15, 
2014/1/15, , 14, 21, 
2014/1/16, , 32, 18, 
2014/1/17, , 33, 19, 
2014/1/18, , 41, 13, 
2014/1/19, , 21, 16, 
2014/1/20, , 25, 13, 
2014/1/21, , 5, 12, 
2014/1/22, , 19, 18, 
2014/1/23, , 36, 17, 
2014/1/24, , 45, 15, 
2014/1/25, , 35, 17, 
2014/1/26, , 40, 17, 
2014/1/27, , 50, 22, 
2014/1/28, , 53, 20, 
2014/1/29, , 52, 16, 
2014/1/30, , 53, 13, 
2014/1/31, , 33, 8, 
2014/2/1, , 35, 10, 
2014/2/2, , 25, 11, 
2014/2/3, , 24, 11, 
2014/2/4, , 37, 11, 
2014/2/5, , 41, 24, 
2014/2/6, , 55, 20, 
2014/2/7, , 34, 18, 
2014/2/8, , 13, 14, 
2014/2/9, , 10, 18, 
2014/2/10, , 12, 16, 
2014/2/11, , 15, 19, 
2014/2/12, , 23, 20, 
2014/2/13, , 25, 14, 
2014/2/14, , 11, 16, 
2014/2/15, , 17, 8, 
2014/2/16, , 9, 28, 
2014/2/17, , 14, 16, 
2014/2/18, , 17, 16, 
2014/2/19, , 25, 14, 
2014/2/20, , 23, 22, 
2014/2/21, , 31, 10, 
2014/2/22, , 11, 16, 
2014/2/23, , 16, 20, 
2014/2/24, , 29, 14, 
2014/2/25, , 27, 18, 
2014/2/26, , 44, 20, 
2014/2/27, , 49, 22, 
2014/2/28, , 44, 16, 
2014/3/1, , 23, 25, 
2014/3/2, , 34, 19, 
2014/3/3, , 36, 21, 
2014/3/4, , 37, 19, 
2014/3/5, , 42, 15, 
2014/3/6, , 42, 18, 
2014/3/7, , 45, 17, 
2014/3/8, , 44, 22, 
2014/3/9, , 46, 28, 
2014/3/10, , 40, 29, 
2014/3/11, , 38, 23, 
2014/3/12, , 44, 30, 
2014/3/13, , 54, 28, 
2014/3/14, , 50, 10, 
2014/3/15, , 36, 5, 
2014/3/16, , 12, 10, 
2014/3/17, , 19, 20, 
2014/3/18, , 27, 10, 
2014/3/19, , 15, 14, 
2014/3/20, , 19, 26, 
2014/3/21, , 31, 16, 
2014/3/22, , 30, 6, 
2014/3/23, , 5, 9, 
2014/3/24, , 11, 15, 
2014/3/25, , 21, 26, 
2014/3/26, , 30, 25, 
2014/3/27, , 31, 22, 
2014/3/28, , 30, 21, 
2014/3/29, , 44, 27, 
2014/3/30, , 44, 16, 
2014/3/31, , 40, 23, 
2024/4/10, , , 11, 
2017/9/10, , , 9, 
2015/10/31, , , 21, 
2016/1/2, , , 5, 
2014/12/31, , , 11, 
2015/1/10, , , 5, 
2015/1/11, , , 11, 
2015/1/12, , , 31, 
2014/5/11, , , 7, 
2013/12/31, , , 8, 